verse	edition	note
2	2	*Injecit funera*（死をもたらした）。より古い詩人たちは *immittere* または *dare funera* と言う。Virg. Aen. X, 13: « Quum fera Carthago Romanis arcibus olim Exitium magnum atque Alpes immittet apertas »；Val. Flaccus, III, 681: « nec enim solis dare funera Colchis Sit satis »。――もっともプラウトゥスは Amphitr. I, 1, 35 で *objicere funera* と言っている: « Qui multa Thebano populo objecit funera »。パリ編者。
4	2	*Volucrumque trahendos*（鳥たちに引き裂かれるべき）。P・ボンダムは『異読考』(*Var. Lect.*) II, 4 で、作者がここで Ovid. Ib. 171 を模倣したと指摘している: « Unguibus et rostro tardus trahet ilia vultur, Et scindent avidae perfida corda canes »。
5	2	*Exsangues inhumatis ossibus*（血の気のない、埋葬されぬ骨のままの）。Virgil. Aen. XI, 22: « socios inhumataque corpora terrae Mandemus »。Ovid. Her. XI, 123: « Ossa superstabunt volucres inhumata marinae »。
5	4	『イリアス』I, 4 αὐτοὺς δέ を参照（Plessis は *Ipsorum* と読む。LL の *Illorum* も同じものを訳している）。
6	2	… 動詞 *confiebat* はホメロスのギリシア語 Διὸς δ᾽ ἐτελείετο βουλή を最も見事に表現しており、同様に Virg. Aeneid. IV, 116 でもその動詞が用いられている: « nunc qua ratione, quod instat, Confieri possit, paucis, adverte, docebo »。ルクレーティウスもこれを用いており、III, 413: « Id quoque enim sine pernicie confiet eorum »、同 IV, 292: « quoniam res confit utroque »。
7	6	（証言） エルメンリクス『グリマルドゥス宛書簡』(850–55年頃)、*Mon. Germ. hist. Epist.* V 545, 24: 「ホメロスの『イリアス』において E が詩的に短音化されている: *Pertulĕrunt ex quo discordia pectora turmas*」
9	2	… さらにホメロスの言葉 ἔριδι ξυνέηκε μάχεσθαι もこの読みを要求している。
11	2	*Pestem in praecordia misit*（胸のうちに破滅を送り込んだ）。オウィディウスの Metam. VIII, 791 で、ケーレースがエリュシクトーンに送り込まれた飢餓について次のように述べるのと同様である: « ea se in praecordia condat Sacrilegi scelerata jube »。
11	6	pestem すなわち amorem Chryseidos (26行を参照) …
12	2	*Implicuit morbo*（病に巻き込んだ）。実に不作法な言い回しであり、ほとんど直後の 14 行で *implicitus* が再び現れるため、なおさら耳障りである。パリ編者。
13	2	… 彼は鉢巻（*vitta*）を頭に結ばれた祭司の印と呼んでおり、これはアポロの犠牲式や奉仕において厳かに用いられるべきものであった。オウィディウスの Met. V, 110 でケーレースの祭司が « albenti velatus tempora vitta » と言われているのと同様である。…
15	2	… クリュセスが昼も夜も嘆いたことを、作者はここでクリュセスについて述べており、おそらくウェルギリウスがオルペウスについて Georg. IV, v. 464 で次のように歌ったのを模倣したのであろう: « Ipse cava solans aegrum testudine amorem, Te dulcis conjux, te solo in litore secum, Te veniente die, te decedente canebat »。ホメロスは嘆きの時間や永続性には触れず、それに対してクリュセスをただ一人浜辺を歩む者としている。ウェルギリウスがオルペウスにおいて表現したそのことを、われらの作者は省いている。悲嘆に暮れる者にとって光や生命が忌まわしい（*invisam*）と言うのは詩人たち、とりわけウェルギリウスの常である（Aen. IV, 631, XII, 177 など）。
17	2	… バルトは『雑考』(*Advers.*) LVIII, 14 で、続くこの 5 行は際立った才知と判断力をもって書かれていると断言し、その甘美さを称賛している。…
21	2	*Ut sibi caussa suae*（みずからの…の原因として彼に）。Ovid. Met. VI, 499 で、パンディオーンが娘について次のように述べている: « Per Superos oro ..... Et mihi sollicitae lenimen dulce senectae Quamprimum (omnis erit nobis mora longa) remittas »。
23	2	*Myrmidones*（ミュルミドン）。バルトは前掲箇所で、十分な慎重さを欠いて、この作者によって「ミュルミドン」が全ギリシア人の換称として用いられていると述べ、ウェルギリウス（マロー）は同じ意味でダナオイ、アルゴス人、ペラスゴイを用いているが、この用法は新しいがゆえに賛同できない、その上ミュルミドンは事情が異なり、その名においてまったく固有の民族的起源を示しており、それを他の者たちにまで拡張することは歴史を知らぬ者のような印象を与える、と論じている。
26	2	… 高名な P・ボンダムには、これが Ovid. Heroid. IV, 70: « Acer in extremis ossibus haesit amor » から写されたものと思われ、オウィディウスは Metam. III, 395 でも « Sed tamen haeret amor » と言っている。――*Damnosa libido*（身を滅ぼす情欲）は Horat. Epist. II, 1, 107 に由来する。
28	2	*Secat unguibus ora*（爪で顔を引き裂く）。ボンダムはこれが Ovid. Her. V, 72: « Et secui madidas ungue rigente genas » に負うていると考え、オウィディウスはまた *squalida ora*（汚れやつれた顔）という表現を Trist. IV, 2, 34 で用いている。下の 1017 行でも « arat unguibus ora » とある。
29	6	tempora … Φ 33 κεφαλήν を参照
31	2	… われらの作者は神々をその職能の名だけで呼ぶのが常であり、ユピテルを *rex*（王）、ウルカヌスを *ignipotens*（火を支配する者）、ミネルウァを *armigera*（武具を帯びる者）と呼ぶごときである。アポロが神託を下し、未来のことをあらかじめ予言して告げる（*fatur*）がゆえに *Fatidicus* の名が帰せられることは周知の通りである。オウィディウスは Fast. II, 262 および V, 626 でポエブスを明白にそう呼んでいる。またホラーティウスが Carm. I, 2, 32 でアポロに帰している *augur*（占い師）の名も同じことを意味している。…なぜなら君主や神々の「聖なる耳」に祈りを届けるというのは、とりわけラテン語の後代において一般的な言い回しだからである。カルプルニウス第 1 詩最終行に対するわれわれの注を参照のこと。またアポロには、祈る者たちに傾けられやすい耳が特に帰せられる。それゆえアポロに捧げられる祈りにおいては叫び声がとりわけ頻繁に現れ、ここホメロスの Κλῦθί μευ と同様に、ラテン人たちの間では *Audi Apollo*（聞きたまえ、アポロ）となる。Horat. Carm. Saec. v. 34 を見よ。それどころかスパルタ人たちの間ではアポロンが τετράωτος（四つの耳をもつ者）と呼ばれ、その神像が四つの耳を備えて作られていたことを、ジラルドゥスが『諸神の歴史論纂』(*Histor. Deor. Syntagm.*) VII の冒頭近くで注記している。
36	2	… なぜならこの語は老境にとってほぼ固有かつ最も慣用される語であり、娘の喪失が語られているこの箇所にきわめて適切だからである。――本叢書第 2 巻 263 頁のルケイウスの墓碑銘（*Epitaph. Luceii*）でも同様である: « Me desolatum, me desertum ac spoliatum Clamarem »。この箇所およびペトローニウス『内乱』(*Bellum civile*) 286 行に対するわれわれの注を参照のこと。パリ編者。
38	2	… なお、作者がこの行および続く 3 行で書いた内容について、バルトは『雑考』(*Advers.*) LVIII, 14 で、きわめて美しく、より良き時代にふさわしいものであり、才能の最高度の恵まれた発露を示していると評している。しかしボンダムとファン・デル・デュッセンがすでに指摘したように、彼がこれらの中で Ovid. Met. II, 279 におけるパエトーンの大火の際のテルス（大地）のユピテルへの嘆きを念頭に置き、模倣したことも明白である: « Si placet hoc meruique, quid o tua fulmina cessant, Summe Deum? liceat periturae viribus ignis Igne perire tuo, clademque auctore levare »。
40	2	*Posce sacros arcus*（聖なる弓を求めよ）。コロイボスのアポロに対する同様の演説が Stat. Theb. I, 651 に見られる: « Quid meruere Argi? me me, Divum optime, solum Objecisse caput fatis praestabit »；また 658 行: « Proinde move pharetras, arcusque intende sonoros, Insignemque animam leto demitte »。
43	2	*Patitur miseranda cubile*（哀れにも閨を耐え忍んでいる）。同様に Virg. Georg. III, 60 に *pati hymenaeos*、Ovid. Art. Am. III, 766 に *pati concubitus*、同 Art. Am. III, 486 に *pati servitium* とある。――そしてわれらの作者は、おそらくホメロスが Iliad. XVIII, 433 で καὶ ἔτλην ἀνέρος εὐνήν と言っているのを表現しようとしたのであろう。パリ編者。
45	2	*Luctibus infestat Danaos*（嘆きをもってダナオイを苦しめる）。すなわち、悩ます（*vexat*）、荒廃させる（*desolatur*）の意。またしばしば *infestare* は敵意を向ける、悩ます（*infestum facere*）の意味でも用いられる。Sil. Ital. II, 277: « Ductorem infestans odiis »。パリ編者。
46	2	*Vulgus ruit undique*（民衆は至る所で斃れる）。すなわち、倒れる、死んで斃れるの意。Seneca, Oedipi v. 53: « sed omnis aetas pariter et sexus ruit » と同様である。バルトは前掲箇所で、この殺戮の描写が詩的で機知に富んでいる（*argutam*）ことを認めている。しかしボンダムとファン・デル・デュッセンは、同じバルトとともに、これがオウィディウスに負うていることを認めている。実際 Ovid. Metam. VII, 611 にこうある: « Qui lacryment, desunt, indefletaeque vagantur Natarum matrumque animae, juvenesque senesque. Nec locus in tumulos, nec sufficit arbor in ignes »。アッティカの疫病について述べる Manilius, lib. I, 883 seqq. や、テーバイの殺戮について述べるセネカの『オイディプース』第 1 幕 37 行以下（これもオウィディウスの箇所ときわめてよく似ている）を付け加えることができる。
49	2	*Patefecerat orbem*（世界を照らし出した）。これもバルトの指摘どおり、Ovid. Metam. IX, 794: « Postera lux radiis latum patefecerat orbem » から取られている。
57	2	*Portus intrare salutis*（救いの港に入る）。これらの言葉についてバルトは言う：「疫病から解放されるという意味で *portum salutis intrare* と言ったのは、ある種の時代の退廃によるものであり、この箇所では主要な大詩人（*majorum gentium vates*）であれば確かに別の書き方をしたであろう」。「しかし私は、作者がその語句を適切に用いたか否かについては論争しないが、この語句自体は擁護することができる。*intrare portum*（港に入る）が十分に優れており一般的であることは誰も否定しないであろうし、ウェルギリウスもオウィディウスもこれを用いている。また *portus salutis*（救いの港）も同じオウィディウスに由来し、彼は Rem. amoris, v. 610 でこう述べている: « Inque suae portu poene salutis erat »」。
61	2	*Convicia suffert*（罵詈雑言に耐える）。下の 105 行および 537 行と比較せよ。
62	2	*Confremuere omnes*（一同はざわめいた）。名高いボンダムは、これがオウィディウスの Met. I, 199 の半詩行（ヘミスティキオン）であると指摘している。
63	2	… 流布本が持つ *invitos amores*（不本意な愛）が正しい。なぜならクリュセイスは不本意ながらアガメムノンのもとにいたのであり、ここで彼が彼女を痛心して（*aeger*）解放すると言われているからである。Propert. III, 20, 30: « Atridae magno quum stetit alter amor »。
63	6	inuitos … 〜と解せよ: 王を愛していなかった女; amores はクリュセイス自身を指す
65	2	… ――*Cunctis notus Ulysses*（万人に知られたウリクセス）。…ギリシア語ではオデュッセウスは πολύμητις（多くの計略をもつ者）と呼ばれる。要約（エピトメー）の作者はこの語を、あたかも多くの人々の口の端に上る者、あるいは多くの物語が語られる者を意味する πολύμυθος や πολύμνητος であるかのように理解し、その結果 *cunctis notus*（万人に知られた）と解釈したように思われる。
67	2	*Sua vela retorsit*（その帆を折り返した）。Ovid. Trist. I, 1, 84: « Semper ab Euboicis vela retorquet aquis »。
73	2	*Ignibus ignes*（火をもって火を）。Ovid. Trist. IV, 3, 65: « compescuit ignibus ignes » と同様。同様の趣旨で Val. Flaccus, II, 151（ハインシウスの校訂による）: « Attamen hos aliis forsan solabere casus Tu thalamis »。Quintilianus, Declam. II, 3: « Hoc juveni fuit consilium, ut pater, cui matrimonium filiumque abstulerat incendium, residua senectutis alia solaretur uxore »。
76	2	*Munera militiae*（兵役の贈り物）。*praemia*（褒賞）と言ったほうがより適切であっただろう。というのも、彼は戦利品や鹵獲物のように、戦争の褒賞としてアキレウスのものとなったブリセイスを意味しているからである。
78	2	*Et nisi casta manu*（そして貞淑な女神がその手で…でなかったなら）。要約（エピトメー）の作者は、ホメロスが保っていた事象の順序と叙述を少し変更している。ホメロスは、ブリセイスがアキレウスから奪い去られる前に、アキレウスがアガメムノンに対して剣を抜こうとしてミネルウァに制止されたと物語る。われらの作者はその衝突について、あたかもブリセイスが連れ去られた後に生じたかのように語っている。
79	2	*Turpem caecus amor famam*（盲目の愛が…恥ずべき評判を）。これはホメロスの趣旨や古代の英雄たちの気風に適った発言とは思われない。彼らは少女のゆえに愛の激情によって武器をとることを決して恥ずべきこととは考えなかった。しかし作者は、パラスから警告を受けたアキレウスが、自分は少女のためには決して手ずから戦わないと言明する 298 行の言葉からこの発言の根拠を引き出したように思われる：Χερσὶ μὲν οὔτι ἔγωγε μαχήσομαι εἵνεκα κούρης。
87	2	… ここでわれらの作者は、娘プロセルピナのためにユピテルに嘆願するケーレースについて語るオウィディウスの Met. V, 513 を明白に模倣している: « Ante Jovem passis stetit invidiosa capillis, Proque meo venio supplex tibi, Jupiter, inquit, Sanguine, proque tuo。
88	4	… 『アエネーイス』VIII, 382 および『変身物語』V, 514 を参照（Plessis が自らの読み *venio* のために引く。LL は *ueni*）。
90	2	… バルトが前掲箇所で指摘するように、テティスは息子アキレウスを自身の肉体（*corpus suum*）と呼んでおり、これは作者による斬新な表現であって、他の詩人には容易に見出せないものだと私は考える。子供たちが親の *viscera*（内臓／肉親）や *sanguis*（血）と呼ばれるのは一般的である。
92	2	… 作者はこの趣旨を自らの創意から付け加えている。ホメロスではテティスはそのようなことは語らない。他方で彼は、テティスがユピテルに何よりも求めたこと、そしてそれに続くユノーの詰問が念頭に置いていること、すなわちギリシア勢が心を改め、彼女の息子に受けるべき名誉を回復するまで、トロイア勢が勝ち続けるのを許すよう求めたことを省いている。
94	2	… すなわち、私はこの事を丹念に、たゆまず配慮するであろう、の意。Homer. v. 523: ἐμοὶ δέ κε ταῦτα μελήσεται, ὄφρα τελέσσω。――われらの作者は Virg. Aeneid. IV, 115: « Mecum erit iste labor » を模倣しており、同時に Virg. Aen. I, 256 におけるユピテルのウェヌスへの言葉 « Parce metu, Cytherea: manent immota tuorum Fata tibi »、あるいは Aen. I, 76 でアイオロスがユノーに述べた言葉 « tuus, o regina, quid optes, Explorare labor, mihi jussa capessere fas est » を念頭に置いていたように思われる。われらの作者の言葉と反対なのは、Virg. Aen. II, 595 の « quonam nostri tibi cura recessit » である。
96	6	leues … ウェルギリウス『アエネーイス』11, 595 を参照
99	2	… アントン・デ・ローイによってプロペルティウスが引用されている（第 1 巻 18, 25）: « At vos aequoreae formosa Doride natae, Candida felici solvite vela choro »。ドリスから生まれた娘たちとは、ウェルギリウスが Georg. IV, 341 で呼んでいるように、オーケアニデス（大洋の娘たち）のことである。バルトは『雑考』2753 頁でこう述べている：「しかしこのように、ユノーは自らもまたオーケアノスの娘であることを忘れて、罵倒としてテティスを愚かにもそのように呼んでいる。ホメロスは『イリアス』第 23 巻でオーケアノスについてこう書いている：Ὠκεανόν τε θεῶν γένεσιν καὶ μητέρα Τηθύν」。
100	2	*Ut mihi, quae conjux*（妻である私に対して…）。同様に Virg. Aen. I, 46 のユノー：« Ast ego, quae Divum incedo regina, Jovisque Et soror et conjux »。――そして同様の強調をもって、われらの卓越した詩人ラシーヌの『ブリタニクス』第 1 幕第 2 場 29 行：« Moi, fille, femme, soeur et mère de vos maîtres »。パリ編者。
103	2	… なお、この発言の形式は Virg. Aen. I, 253 におけるウェヌスのユピテルへの言葉に明白に倣っている: « Hic pietatis honos? sic nos in sceptra reponis? »。
104	2	*Talibus incusat*（そのような言葉で非難する）：ウェルギリウスの Aen. I, 410 より。
106	2	… ウルカヌスが理解される。なぜなら彼が諍いを起こしているユピテルとユノーの間に割って入り、激励し、多くの杯を勧めることによって両親を宥め、陽気さへと転じさせたからである。Hom. Iliad. I, 571: Τοῖσιν δ᾽ Ἥφαιστος κλυτοτέχνης ἦρχ᾽ ἀγορεύειν と同様である。ウルカヌスはわれらの作者や他の詩人たちによって *Ignipotens*（火の主）と呼ばれている。下の 862 行：« Illic Ignipotens mundi caelaverat axem »；また Virg. Aen. VIII, 414: « Haud secus Ignipotens, nec tempore segnior illo »。さらに Aen. X, 243 の « clypeum cape quem dedit ipse Invictum Ignipotens, etc. » を付け加えるべきである。パリ編者。
109	2	… Virgil. Aen. III, 510: « passimque in litore sicco Corpora curamus »。
110	2	*Dona quietis*（休息の賜物）。Virg. Aen. II, 369: « quies ... dono Divum gratissima serpit »。Ovid. Am. II, 9, 40: « et somnos praemia magna vocat »。Stat. Silv. V, 4, 2: « donis ut solus egerem, Somne, tuis »。
111	2	*Nox erat*（夜であった）。われらの作者は、夜に関するこのより簡潔な描写を、Virg. Aen. IV, 522 seqq. や VIII, 26 seq. が持つより詳細な描写から汲み取ることができたであろう。…
111	6	（証言） 『ベレンガリウスの事績』(*Gesta Berengarii*, PMA IV) 1, 127 を参照
114	2	*Vade, age*（行け、さあ）。バルトは前掲箇所で、これらが傑出しており最高の詩人に値するものとして称賛している。しかし作者にはここで模倣すべき古代の詩人たちの多くの箇所があった。とりわけアルキュオネーに送り込まれた夢に関するオウィディウスの Met. XI, 586 seqq.、およびオウィディウスを模倣したスタティウスの Theb. X, 84 seqq. である。――*Lenissime divum*（神々の中で最も穏やかなる者よ）。Ovid. Met. XI, 623: « placidissime, Somne, Deorum »。Stat. Silv. V, 4, 1: « placidissime Divum »、および Theb. X, 126: « mitissime Divum »。
116	2	… 作者は眠りに重さ（*pondus*）を帰しているが、詩人たちは他の箇所でも眠りによって重荷を負わされる（*gravari*）、圧倒される（*opprimi*）、屈服する（*succumbere*）と言っている。Virg. Aen. VI, 520；Ovid. Her. XII, 49 を参照せよ。
119	2	*Cogat in arma viros*（男たちを武装へと駆り立てるように）。Virg. Aen. IX, 463: « Turnus in arma viros armis circumdatus ipse, Suscitat, aeratasque acies in praelia cogit »。
122	2	*Corpus inundatum*（浸された身体）。バルトは前掲箇所 2752 頁で、ここにこの箇所の最良の韻律にそぐわない何某かの気取り（*affectatiuncula*）を嗅ぎ取っている。しかし私は *inundatum* という語をきわめて優雅であると考え、詩人たちが他の箇所で *irrigare somnum*（眠りを注ぐ）や *soporem irriguum*（潤す眠り）と言うあの慣習に倣って造られたものと考える。Virg. Aen. III, 511；Lucret. IV, 906；Claudian. praef. ad VI Cons. Hon. v. 9 を参照せよ。
123	2	*Curarum operumque levator*（憂いと労苦を和らげる者）。ナーソー（オウィディウス）が Met. XI, 624 でより冗長に述べていることを、作者はより簡潔に言い表している：« Pax animi, quem cura fugit; qui corda diurnis Fessa ministeriis mulces, reparasque labori »。
126	6	se emerserit … マニリウス 5, 198、アウィエヌス『世界周航記』126 を参照 …
127	2	*Aptare lacertis*（腕に装着する）。Ovid. Am. I, 13, 14行: « Miles et armiferas aptat ad arma manus »。
128	2	*Et petere Iliacos*（そしてイリオンの……を目指すことを）。作者は下の 160 行でこの詩行を繰り返しているが、彼が縮約している相手であるホメロス自身の前例にならって、こうしたことをしばしば行っている。
128	6	（証言） 『ベレンガリウスの事績』3, 37 を参照
129	2	… そしてこれは、ソムヌスのもとから帰るイリスについて述べるオウィディウスの Met. XI, 632 の明白な模倣である: « remeat, per quos modo venerat, arcus »。
131	6	iussis … ウェルギリウス『アエネーイス』3, 172 を参照
132	2	*Remque omnibus ordine pandit*（そして事の次第を順序立てて皆に明かす）。Virg. Aen. III, 179。
134	6	ducem Ω: 彼らはアガメムノンをも駆り立てる
139	2	*Consiliis illustris Ulysses*（深慮に名高いウリクセス）。バルトは前掲箇所 2754 頁でこれを称賛し、それが πολύμητις（知謀に富む）、πολυμήχανος（機知縦横の）、δῖος（神のような）といったホメロスの複数の添え名を美しく表現していると述べている。
141	2	… *Ardescit ira*（怒りに燃え上がる）。ウェルギリウスの Aen. IX, 66 に従っている: « Ignescunt irae, duris dolor ossibus haeret »。
144	2	… *Prudentia Nestoris aevo*（年齢においてネストルの思慮分別）、すなわち年齢と経験により思慮深いネストルのこと。われらの詩人はしばしば抽象概念によって自身の英雄たちを指し示すのが常であり、これはホメロスやその他の前例にならったものである。別の箇所における、ネストル自身を表す *Nestoris aetas*（ネストルの年齢）、*Menelai ardor*（メネラオスの熱情）、*Ithaci solertia*（イタケ人の老練さ）、またホラーティウスにおける *virtus Catonis*（カトーの徳）などがそれである。
145	2	*Compressam miti sedavit*（穏やかに抑えつけ鎮めた）。おそらくウェルギリウスの Georg. IV, 86 の次の言葉から取られたものであろう: « Hi motus animorum atque haec certamina tanta Pulveris exigui jactu compressa quiescent »。またウェルギリウスは Aen. IX, 740 で *sedato pectore*（鎮まった胸で）と言っている。
146	2	*Responsa recordans Temporis illius*（あの時代の神託を思い起こし）。著名なボンダムは 144 頁で、これがオウィディウスの Met. [XIII,] 280 の次の言葉から模作されたと考えている: « quanto cogor meminisse dolore Temporis illius, quo Graium murus Achilles Procubuit »。
148	2	… 作者がここでオウィディウスの Met. XII, 15 を念頭に置いていたことはほぼ確実である: « Nidus erat volucrum bis quatuor arbore summa, Quas simul et matrem circum sua damna volantem Corripuit serpens »。…
151	2	… ホメロスではこれはオデュッセウスの演説であり（『イリアス』II, 331: Ἀλλ᾽ ἄγε, μίμνετε πάντες ἐϋκνήμιδες Ἀχαιοί）、われらの詩人はそれをネストルに帰しているのである。
152	2	*In decimo labor est*（十番目に労苦がある）、すなわち実に十年目になって初めて、われわれがイリオンを攻略するための労苦が予言され、定められている、ということである。しかし私はむしろ *In decimum annum usque labor*、すなわち「われわれは労苦せねばならない」と読みたいところである。というのも、彼はイリオンが攻略されるまで戦争がその年へと引き延ばされることを意味しているからである。ウェルギリウスもこのように語るのが常であり、Aen. IX, 155: « decimum quos distulit Hector in annum »、また XI, 289: « Hectoris Aeneaeque manu victoria Graium Haesit, et in decimum vestigia rettulit annum »。
154	2	*Nestoris aetas*（ネストルの年齢）、すなわち老年の知慮、あるいは老ネストルのこと。
156	2	… 同写本は *aptare* ともする。Virg. Aen. X, 258: « sociis edicit, signa sequantur, Atque animos aptent armis: pugnaeque parent se »。
160	2	… 128 行が繰り返されている。…
161	2	*Quid enim non ordine nostis?*（あなた方が順序正しく知らぬものなどあろうか）。同様にマロー［ウェルギリウス］も Aen. VII, 645 および IX, 529 で: « Et meministis enim, Divae, et memorare potestis »。
166	2	*Adspiretque libens operi*（そして快く事業に息吹を吹き込まれんことを）。Virg. Aen. IX, 525: « Vos, o Calliope, precor, adspirate canenti »。Ovid. Met. I, 3: « Di coeptis ... adspirate meis »。――なお、この軍勢の列挙はホメロス以降のすべての叙事詩人にとってほぼ恒例のものである。とりわけホメロスの巧みな模倣者にして競演者であるウェルギリウスの Aen. VII, 641 を参照すべし。近世の詩人ではトルクワート・タッソの『解放されたエルサレム』(Gerus. lib.) 第 1 歌 36 連が挙げられる。パリ編者。
167	2	… というのも、ホメロスのボイオティア（軍船表）の 1 行目で Πηνέλεως καὶ Λήϊτος が並べられているからである。写字生たちはこの名前から、よりよく知られた *Laertius*、すなわちウリクセスを誤って作り出したのである。
167	4	Leitus …（『イリアス』II, 494 を参照）。
169	4	Boeoti（同所 495 および 509）。…
174	2	… *Menelai ardor*（メネラオスの熱情）、すなわち燃え立つメネラオスのこと。
177	2	*Gemina cum prole suorum*（みずからの二人の子供とともに）。ネストルが二人の息子とともに到来したと彼が書いていることは、ホメロスに由来するのではなく、おそらくクレタのディクテュスから取ったものであろう。ディクテュスは第 1 巻 13 章で次のように述べている: « Nestor cum Antilocho et Thrasymede, quos ex Anaxibia susceperat, supervenit »。
178	2	… なぜならホメロスは『イリアス』II, 602 で彼に 90 隻の船を割り当てているからである。
179	2	… ホメロスの『イリアス』II, 517 から *At Schedius virtute potens et Epistrophus* と読むべきである。
181	2	… なぜならホメロスは前掲箇所で 40 隻の船を置いているからである。…
182	2	… しかし *Polypoetes atque Leonteus* と読むべきであることは、ホメロスの『イリアス』II, 740 および 745 から明らかである。…
184	2	… ホメロス自身が『イリアス』II, 565 で彼をステネロスやディオメデスと結びつけているからである。またプリュギアのダレース第 14 章にも、「アルゴスからのディオメデス、エウリュアロス、ステネロス」が 80 隻の船を率いたとある（« Diomedes, Euryalus, Sthenelus ex Argis », navibus LXXX）。これに対して、ホメロスが 736 行でギリシア勢の指揮官の一人として 40 隻の船とともに数え上げているものの、われらの駄作詩人（poetaster）は名を挙げていないように思われるエウリュピュロスについて、ボンダムは 190 行で導入されていると考えており、そのことはわれわれ自身もその詩行において注記することとする。
184	4	Euryalus …――duces クーテンが正当にも保持。『イリアス』II, 563 以下 ἡγεμόνευε、およびヴァイティングが見事に称賛する『アエネーイス』II, 261「Thessandrus Sthenelusque duces」を参照。…
186	2	… ホメロスは彼らに 80 隻の船を割り当てており、…
187	2	… ホメロスの『イリアス』II, 512 で彼がアスカラポスに並べられていることから …
190	2	… しかし私はホメロスの軍船表にアバントールの息子を見出さない。著名なボンダムは『異読考』146 頁で、ホメロスによって指揮官の中に名を挙げられているもののわれらの詩人には見出されないエウリュピュロスがこの詩行で示されていると考え、したがって次のように書かれていたと推測している: « Instruxit puppes, totidemque Evaemone natus »。なぜならエウリュピュロスはホメロスの 736 行で Εὐαίμονος ἀγλαὸς υἱός（エウアイモンの輝かしき息子）と呼ばれ、同じく 40 隻の船を率いたと述べられているからである。彼はヒュギーヌスの『神話集』(fab.) 94 でもエウアイモンとオーピスの息子と呼ばれている。…
190	4	Euaemone …（『イリアス』II, 736 を参照）。
193	2	私はホメロスの『イリアス』II, 678 に基づいて *Phidippus et Antiphus* と記した。…
195	2	… ホメロスが自らの軍船表においてこのテウクロスに全く言及していないだけでなく、その兄であるテラモンの子アイアスが 12 隻の船をトロイアへ率いたと語っており（これにはわれらの詩人も 205 行で一致している）、さらに他の著述家たち、例えばディクテュス（第 1 巻 13 章および 17 章）もアイアスを船団の指揮官とし、弟のテウクロスはその同行者にして同胞であったと述べているからである。プリュギアのダレース第 14 章は明快に「サラミスからのテラモンの子アイアスは弟テウクロスを伴った」（« Ajax Telamonius ex Salamine adduxit secum Teucrum fratrem »）と記している。ヒュギーヌスはたしかに『神話集』(fab.) 97 でテラモンの子アイアスが 12 隻の船を率い、弟テウクロスも同数を率いたと述べている。しかし、われらの詩人において流布本の読みがテウクロスに割り当てている船の数はこれとは異なり、彼がわずか 3 隻の船を率いたとされている。しかるにホメロスにおいて 3 隻の船が割り当てられているのはニレウスだけであり、この人物だけが、テウクロスの代わりに名指しされるのでない限り、梗概作者によって沈黙されているのである。… なぜならディクテュス I, 17 に「シュメからのニレウスが 3 隻、ピュラケからのポダルケスとプロテシラオスが 40 隻の船」（« Nireus ex Syme tres, Podarces et Protesilaus ex Phylaca naves XL »）とあるからである。
195	4	… ボンダムとヒヒトは *Teucer* の代わりに *Nireus* と読む（『イリアス』II, 671 以下）。
196	2	… ホメロスは『イリアス』II, 653 で、彼がロドスから 9 隻の船を率いてきたと述べている。ディクテュス前掲箇所: 「トレポレモスはロドスおよびその周囲の他の島々から 8 隻の船でやって来た」。プリュギアのダレース第 14 章: « Tlepolemus ex Rhodo navibus numero novem »（ロドスからのトレポレモスは 9 隻の船で）。
196	4	Tlepolemus …（『イリアス』II, 653 を参照）。
197	2	… ホメロスの権威（『イリアス』II, 714）に基づくものであり、そこではアドメトスの息子 Εὔμηλος がペライからの 11 隻の船を指揮したと述べられている。ペライはテッサリアの都市である。ディクテュス前掲箇所: « Eumelus XI Pheris »（ペライからのエウメロスが 11 隻）。ここから、エウメロスがペライビア出身であると書くヒュギーヌスは訂正されるべきと思われる。われらの作者は *minus una nave*（1隻少ない船で）によって、11隻で出発した（profe-）と述べており……「[…profe-]ctum dicit（出航したと言う）。というのも、彼は先行する指導者たちの船、すなわちニレウスの3隻とトレポレモスの9隻を合算しているからである」。
197	6	… minus una すなわち11 …
199	2	… なぜならホメロスはプロトオスをマグネシア人の首領と呼んでおり、ディクテュスもトロイアを包囲した英雄たちの目録（第1巻17章）で « Prothous, Magnes, XL naves » と記しているからである。
199	4	At Prothous …（同所 756）。… Magnes …（同所）。…
200	2	… オウィディウス『悲歌』(*Trist.*) 第3巻において、おそらく同じエルペーノール、すなわちキルケーによって豚に変えられ、その後に人間の姿に戻されて、軽率な逃走の熱意に駆られてウリクセスのもとへ急ぐあまり、高所から転落して死んだウリクセスの部下の一人が言及されている。パリ編者。
202	2	… ホメロス『イリアス』II, 638 に基づいて…
206	2	グネウスはキュポスから22隻の船を率いた。ホメロス『イリアス』II, 648（実際は748）。…
206	4	Guneus …（『イリアス』II, 748）。
210	2	メネステウスはアテナイから50隻の船を率いた。ホメロス『イリアス』II, 552。ディクテュスとダレースは彼をムネステウス（Mnestheus）と呼び、同数の船を彼に割り当てている。…
210	4	Menestheus …（同所 552）。
211	2	*Athenaeus*（アテナイ人）。アテナイ人の指揮官だからである。… というのも、メネステウスはアキレウスが率いていたのと同じ数、すなわち50隻の船を有していたことを言おうとしているからである。192行を参照。…
212	2	*Et Thalpius*（そしてタルピオス）は、ホメロス『イリアス』II, 620 に基づいて私が復元した。…
212	4	Thalpius …（同所 620）。
213	2	… ホメロスは彼らをエリス出身のアムピマコスおよびタルピオスとともに結びつけており、ディクテュス（I, 17）も同様である。
215	2	ポダルケスとプロテシラオスはピュラケおよび支配下の他の地から40隻の船を率いてきた。ホメロス『イリアス』II, 704、およびディクテュス前掲書。…
217	2	… すなわちピロクテテスのことであり、ホメロス『イリアス』II, 719 は彼が7隻の船を指揮したと記している。…
218	2	… 両者とも医者であり、ともにアエスクラピウスの子であった。そしてマカオンは Virg. Aen. II, 263 にも言及されている。パリ編者。
219	2	*Altaque ter denis*（そして深き海を30隻の）。上の193行と同じ行である。われらの詩人は、自身が編纂の拠り所としているホメロス自身の例に倣って、同じ事柄について同一または類似の行を作ることを好む。
221	2	*Quam mille ducentae*（1200隻より）、すなわち1186隻の船［1200隻より2×7＝14隻少ない］。ホメロス自身の数である。バルトが前掲書で指摘しているように、ディクテュスはトロイアに来航した船の数を1117隻、ダレースは1148隻としている。アンヌ・ダシエはディクテュスからギリシア軍の船を1153隻、ダレースから1140隻と数えており、エウリーピデース『オレステース』の古註者は1155隻、ケドレーノスは1148隻、ツゥキュディデースおよびクリュソストモスは1200隻と数えていると述べている。
226	2	*Totamque in praelia pubem*（そしてすべての若者を戦いへと）。Virgil. Aen. VII, 429: « armari pubem, portisque moveri Laetus in arma para »。
227	2	*Portis ... agmen apertis*（開かれた門から……隊列を）。Virg. Aen. XII, 121: « pilataque plenis Agmina se fundunt portis »。
232	2	*Quales decet Hectoris esse*（ヘクトルのものにふさわしいような）。オウィディウス風の定型表現である、Met. II, 14: « facies non omnibus una, Non diversa tamen: qualem decet esse sororum »。バルトは前掲書で、パリスに関するこの行およびそれに続く諸行について、見事で重厚であり、必要な事柄のすべてを簡潔に包括しているとして称賛すべきであると見なしている。
235	2	… ホメロス『イリアス』II, 701（実際は791）にあるように *Polites* …
237	2	*Acamasque*（そしてアカマス）。ホメロス『イリアス』II, 823。…
239	2	*Glaucus in armis*（武装せるグラウコス）。ホメロスは『イリアス』第2巻末尾で、彼をリュキア人の指導者サルペドンと結びつけており、われらの詩人も下の249行で彼について述べている。
240	2	私はホメロス『イリアス』II, 830 に基づいて *Amphiusque Adrastus* と記し、同 838 に基づいて *Asius* と記す。…ホメロスは彼をラリサのヒッポトオスと結びつけており（II, 842）、われらの詩人が他の箇所で彼を持ち出しているのを私は見ていないからである。…
240	4	Amphius …（『イリアス』II, 830）。… Pylaeus …（同所 842）。
241	2	カリアのアムピマコスとナステスは、ホメロス『イリアス』II, 870 によって結びつけられている。…
241	4	Nastes …（同所 870）。
242	2	オディオスとエピストロポスはハリゾネスの王ミーノースの子である。ディクテュス II, 35 はこのように記し、ホメロスも856行で同じ両者を結びつけている。…
242	4	242, 243, 244: Hodius, Pyraechmes, Mesthles …（同所 856, 848, 864）。
243	2	… キコネスの指揮官エウペモスとパイオニア人のピュライクメスは、ホメロス（846行および848行）に言及されている。…
244	2	*Et Mesthles atque Antiphus*（そしてメストレスとアンティポス）、マイオニア人。ホメロス 864 行。…
245	2	… しかし、ホメロスが主要な指揮官たちの間で、かつアカマスの直前に名を挙げているヒッポトオスを、われらの詩人が省いたとは思われないし、この箇所以外のどこかに置いたとも思われない。…なぜならホメロスは844行でペイロスあるいはペイロオスをアカマスと結びつけており、ピュライオスはすでに上で場所を見出しているからである。
245	4	Hippothous …（同所 840）…
246	2	… アウソニウスの『英雄たちの墓碑銘』第22詩は、エンノモスとクロミオスの父をアルキノス（Alcinus）と呼んでいる（Wernsdorf は LL の *Arsinooque* の代わりに *Alcinoque sati* と読む）。ホメロスのもとには父の名は現れず、858行でクロミスとエンノモスがミュシア人を率いていたと述べるのみである。しかしわれらの詩人は他の諸源泉から多くのものを汲み取るのが常である。
246	6	Arsinooque … (アポロドロス『サマリー』3, 35 p. 199 ワーグナーによる) …
247	2	… 862行でポルキュスとアスカニオスをプリュギア人の指揮官として結びつけているホメロスの典拠に基づいて … このアスカニオスは、アイネイアスの息子（当時はまだほんの幼子であった）と区別されねばならない。
248	2	*Jovis inclyta proles*（ユピテルの名高き末裔）。Ovidius, Met. IX, 229。
249	2	… なおホメロスはこのコロイボスを挙げていないが、ウェルギリウスは彼をミュグドンの子と呼び、トロイア軍の救援に駆けつけてペネレオスに討たれたと伝えている（Aen. II, 341 および 425）。クイントゥス・スミュルナエウス（クイントゥス・カラベル）XIII, 168 以下では、彼はディオメデスに討たれるとされている。これに対してホメロスはパプラゴニア人の指導者ピュライメネスをトロイア軍の同盟者の中に挙げているが、われらの詩人は、私の見誤りでなければ、彼を省いている。コロイボスについては、名士ハイネが『アエネーイス』第2巻への補論（Excurs. X）で記した多くの注記を参照されたい。――別のコロイボスがスターティウスの Theb. I, 650 で言及されている。パリ編者。
249	3	… Coroebus …しかしこの人物はホメロスにおいて言及されておらず、Pylaemenes だけがいまだ名指されずに残っている。書写者たちがウェルギリウスから彼を持ち込んだのである。…
249	4	Coroebus …（『アエネーイス』II, 342 を参照）。…
250	2	*Neptunia Troja*（ネプトゥヌスのトロイア）：Virgilius, Aen. II, 625 および III, 3 より。
253	2	… バルトはこの箇所について『雑考』LIX, 第1章で、致命的な災厄をもたらす張本人を災厄そのものの名で呼ぶのが最良の著作家たちの慣習であると指摘している。ユウェナーリスがドミティアヌス帝について次のように述べる通りである: « si peste et clade sub illa Saevitiam damnare, et honestum afferre liceret Consilium »。カティリーナ弾劾演説の著者: « vigent enim in illa clade res diversissimae pariter, continentia et libido »。ラムプリディウス『ヘリオガバルス伝』: « mirum fortasse cuipiam videatur, quod haec clades, quam retuli, loco principis fuerit »。セネカ『メーデア』について: « Abolere ferro pessimam propera luem »。クラウディアヌス『ルフィヌス論』第1巻: « quo tanta lues eruperit ortu »。バルト。――また *flamma*（炎）が保たれるべき最大の理由は、それがパリスの生母ヘカベが松明を産み落とし、それによってトロイアと全アジアが火災で荒廃するという夢を見たという神話により適切に合致するからである。パリ編者。
255	2	… ホメロスが『イリアス』III, 33 以下で行い、われらの詩人がここでごく簡潔に表現している比喩を、ウェルギリウスは『アエネーイス』II, 378 以下でアンドロゲオースについて用いた: « Obstupuit, retroque pedem cum voce repressit. Improvisum aspris veluti qui sentibus anguem Pressit humi nitens, trepidusque repente refugit »。オウィディウスはより簡潔に Fast. II, 341 で: « Attonitusque metu rediit: ceu saepe viator Turbatum viso rettulit angue pedem »。ユウェナーリス I, 43: « Palleat, ut nudis pressit qui calcibus anguem »。
258	2	*Generisque infamia nostri*（そしてわれらの種族の汚辱）。Ovid. Metam. VIII, 97: « o nostri infamia saecli »。
260	2	*Hospitis expugnare toros*（主人の床を強奪する）、すなわち言い寄りによって妻を捕らえ堕落させること。ちょうど〜のように攻め落と（ex- / -pugnari）... ［攻め落とされる（ex-）］pugnari とは、意に反して抵抗しながらも懇願によって屈服させられる者たちのことを言う。スエートーニウスもこのように用いている（Caes. 1, Tiber. 21）。オウィディウスの Her. XVII, 3 で、ヘレネはパリスに向かって次のように言う: « Ausus es, hospitii temeratis, advena, sacris, Legitimam nuptae sollicitare fidem »。プロペルティウス、III, 13, 9: « Haec etiam clausas expugnant arma pudicas »。――ルティリウス、Itin. I, 359: « Aurea legitimas expugnant munera taedas, Virgineosque sinus aureus imber emit »。パリ編者。――動詞 expugnare の用法については、バルトがスタティウスの Theb. IV, 187 への注でさらに多くを記している。
263	2	*Hic animos ostende*（ここで勇気を示せ）。ウェルギリウス『アエネーイス』VI, 261: « Nunc animis opus, Aenea, nunc pectore firmo »。…
263	6	armis (すなわち戦いにおいて) …
264	2	*Duro Mars milite gaudet*（マルスは頑強な兵士を喜ぶ）。ヘレネがパリスに向かって言う前掲箇所（オウィディウス『求愛書簡』XVII）、253 行: « Apta magis Veneri, quam sint tua corpora Marti »。
265	2	*Dum jaceas in amore*（お前が愛の中に横たわっている間に）。すなわち、情欲に挫かれて倦怠し怠惰に過ごし、軍務に堪えられないこと。ウェルギリウス『カタレプトン』(Catal.) V, 1 にも同様の表現がある: « Jacere me, quod alta non possim, putas, Ut ante, vectari freta, Nec ferre durum frigus, aut aestum pati, Neque arma victoris sequi »。
266	2	… *In hoste*（敵を相手に）は、前の *in amore tuo*（お前の愛の中に）に対比されている。なお、これらの詩行において作者はウェルギリウス『アエネーイス』XI, 371 を念頭に置いていたと思われる。そこではドランケースがトゥルヌスに向かって次のように言っている: « Scilicet, ut Turno contingat regia conjux, Nos, animae viles, inhumata infletaque turba, Sternamur campis »。また、我々が上に掲げたパルテノンにおけるアキレウスの演説の作者も、57 行で次のように言っている: « Scilicet, ut conjux viduo reddatur Atridi, Procumbat vilis Teucrorum victima Achilles »。
269	2	*Populus*（民、人々）：*exercitus*（軍隊）の意味で用いられており、バルトが『雑考』(Adv.) LIX, 1 で指摘した通りである。下方の 280 行および 342 行でも同様である。
270	2	*Conferte manus*（手を交えよ／白兵戦を交えよ）。Virg. Aen. X, 876; XI, 283。
275	2	*Dextramque viri tentare*（そして勇士の右腕を試すこと）、戦うことによって勇士の武力と右腕に何ができるかを経験してみること。Virg. Aen. II, 334: « vix primi praelia tentant »。…――タキトゥス『ゲルマーニア』(Germ.) XXXIV: « Ipsum quin etiam Oceanum tentavimus »。オウィディウス『書簡詩』(Epist.) VII, 121: « bellis peregrina et femina tentor »。このように *tentare* は企てや試みについて用いられ、*tentare aequor*（海を試みる）、*vias*（道を試みる）などのようである。ウァレリウス・フラックス『アルゴナウティカ』I, 529 へのブルマンの注を参照。パリ編者。
277	6	（証言） 『ベレンガリウスの事績』2, 3 を参照
279	2	… ウェルギリウスは『アエネーイス』XII, 696 でトゥルヌスとアイネイアスの同様の一騎打ちを論じて次のように述べる: « Discessere omnes medii, spatiumque dedere »。…
280	2	… オウィディウス『変身物語』(Met.) XII, 147 でも同様である: « positis pars utraque substitit armis »。ウェルギリウス『アエネーイス』XII, 707: « Armaque deposuere humeris »；および 710 行: « ut vacuo patuerunt aequore campi »。
285	2	*Nec longum laetabere*（お前は長く喜ぶことはないだろう）。ウェルギリウス『アエネーイス』X, 740。しかしこの表現全体はオウィディウス『変身物語』(Metam.) V, 64 から採られたものである: « arcus Arripit, et, Mecum tibi sint certamina, dixit, Nec longum pueri fato laetabere »。
286	2	… 原作者ホメロスでは、勝利者がすべてを手に入れることになっている。… この作者が常にホメロスに厳密に従っているわけでもなく、ホメロスにはそのようなことは何もない。むしろメネラオスは戦い、すなわち一騎打ちに入るにあたってユピテル自身に祈りかけているのである。…
288	6	forti uenientem … 434行、ウェルギリウス『アエネーイス』12, 510 他を参照
289	2	*Frementem hastam*（唸る槍）。放たれて空気を切り裂きながら音を立てる槍のこと。…
290	2	… ホメロス『イリアス』III, 360 によれば、アトレウスの子の槍をかわしたのはパリスであって、パリスの槍をアトレウスの子がかわしたのではない。われらの作者はこの戦いの多くの点をホメロスと異なって語っている。
292	2	*Praedonis Phrygii*（プリュギアの略奪者の）。姦通者や娘の略奪者に対する *praedo*（強盗、略奪者）という罵倒は頻繁に見られ、とりわけヘレネの略奪ゆえにパリスに対して（スタティウス『アキレイス』I, 45）、またラーウィーニアのゆえにアイネイアスに対して用いられる。ウェルギリウス『アエネーイス』VII, 362: « Perfidus alta petens, abducta virgine, praedo »；および同 XI, 484 では « Phrygius praedo » と呼ばれている。プルートーもプロセルピナの略奪ゆえに、オウィディウスの Met. V, 521 や Fast. IV, 591 でこのように呼ばれている。…
293	2	*Septemplice tergo*（七重の革の）：七枚の牛革で覆われ防御されていたもの。他の箇所でも七重の盾は英雄たちに帰せられるのが通例である。ウェルギリウス『アエネーイス』XII, 925；オウィディウス『変身物語』XIII, 2 および 347。
295	2	*Constitit, et galea galeam ferit*（立ち止まり、兜が兜を打つ）。名高きボンダムは前掲書 153 頁で、作者がこれを書く際にオウィディウスの次の詩行（Met. IX, 43）を心に思い浮かべていたと考えている: « eratque Cum pede pes junctus: totoque ego pectore pronus, Et digitos digitis, et frontem fronte premebam »。そして確かにここでも、他の箇所と同様に、作者がオウィディウスを模倣する好機を捉えていることが明らかである。ホメロス自身の物語はそのような描写を示唆していないからである。
297	2	*Corpus collectum*（身を縮めて）、すなわち盾の内側に身を引き隠すこと。Virg. Aen. XII, 491: « Substitit Aeneas, et se collegit in arma »；および X, 412: « seque in sua colligit arma »。…――キュペル『観察録』(Observ.) 第I巻12章、90頁を参照。パリ編者。
297	6	… ウェルギリウス『アエネーイス』12, 491 および 10, 412 を参照; armis すなわち盾
298	2	*Non aliter fortes*（勇猛な……も同様である）。この直喩は明らかにオウィディウスから採られたものであり、彼は Met. IX, 46 で、上に引用した言葉に続けて次のように述べている: « Non aliter fortes vidi concurrere tauros, Quum pretium pugnae, toto nitidissima saltu Expetitur conjux »。
300	2	… *Captabant corpora*（身体を狙っていた）、すなわち身体を傷つけるのに都合のよい場所を狙うこと。――ウェルギリウス『アエネーイス』XII, 920 においても同様である: « telum Aeneas fatale coruscat, Sortitus fortunam oculis »。パリ編者。…
302	6	近年の刊本は誤って iuvenem の後に句読点を打たなかった
305	2	… われらの作者自身も下方の 968 行で詩行全体としてこれを繰り返している。そしてこれはウェルギリウスの模倣から得たものであり、ウェルギリウスはトゥルヌスの同様の不運を記して『アエネーイス』XII, 741 で次のように述べている: « Mortalis mucro, glacies seu futilis, ictu Dissiluit »。オウィディウス『変身物語』V, 171 以下も同様である: « Non circumspectis exactum viribus ensem Fregit, et extrema percussae parte columnae Lamina dissiluit; dominique in gutture fixa est »。
305	6	Dis(s)iluit … ウェルギリウス『アエネーイス』12, 741 を参照
314	2	*Contorsit viribus hastam*（渾身の力で槍を投げつけた）は、ウェルギリウス『アエネーイス』II, 50 の言葉である。
315	2	*Sua quem Venus*（彼自身のウェヌスが……彼を）。なぜならアレクサンドロス（パリス）は彼女の熱心な信奉者であり、それゆえ彼自身の神と呼んだのである。同様に 871 行でも、海自身の神々が海に加えられたとして次のように言っている: « Addideratque freto sua numina, Nerea magnum »。またホメロスにおいても、ウェヌス自身がパリスをメネラオスの手から救い出した後、自分に献身する彼をヘレネに推薦している。バルト『雑考』(Adv.) LIX, 1。代名詞 *suus* が「好意的な、都合のよい、有益な」を意味することがしばしばあるのは、ローマの作家の読書に親しんだ者なら誰もが知るところであり、これをより多くの例引で示すのは余計なことであろう。ホラーティウス『エポードス』9, 30: « Cretam ventis iturus non suis »。
316	2	… バルトはこの箇所から、われらの作者は他の詩人たちのように後続する文字 *sc* や *st* のために先行する音節を長音化することを常としないと指摘し、われらの作者からの別の例として 788 行の *Promachum quoque sternit atrocem* を挙げている。しかし私としては、優れた詩人たちにおいてこれがなされるのは、語の途中にある場合を除けば極めて稀であると考える。ウェルギリウス『アエネーイス』VI, 687 に例があるが、そこでも異読がある。… なぜならわれらの作者が好んでオウィディウスを模倣しており、オウィディウスは Met. II, 737 で次のように述べているからである: « Pars secreta domus ebore et testudine cultos Tres habuit thalamos »。なお、われらの作者が鼈甲（べっこう）張りの寝室（*thalamos testudineos*）と述べたのは、ホメロスの趣旨や英雄時代の習俗に従ったのではなく、より新しい時代の贅沢によるものである。ホメロスのこの箇所（III, 390）でも寝室に言及されているが、何の素材も示されていない。しかしプリニウスは第 IX 巻第 13 節で、「亀の甲羅を薄板に切り、寝台や戸棚をこれで覆うこと」は、スッラの時代前後に生きたコルネリウス・ポッリオによってローマで最初に始められたと記している。この時代以前には、ユウェナーリス（XI, 93）の言葉を借りるなら、« Nemo inter curas et seria duxit habendum, Qualis in Oceani fluctu testudo na- [-taret, Clarum Trojugenis factura ac nobile fulcrum »]。ウェルギリウスは『農耕詩』(Georg.) II, 463 で *varios pulchra testudine postes*（美しい鼈甲で彩られた扉の柱）と言っている。――鼈甲張りの寝台（*testudineum lectum*）については本書第 II 巻 460 頁で見たが、その箇所にマルティアリス XII, 66 [67] を補うことができる: « Gemmantes prima fulgent testudine lecti »。パリ編者。
316	6	… cultos … オウィディウス『変身物語』2, 737 を参照
321	2	*Vidi puduitque videre*（私は見た、そして見るのを恥じた）。ボンダムは 154 頁で、この半行もオウィディウス『変身物語』XIII, 223 のものであると指摘している。そこではウリクセスがアイアスに向かって次のように言っている: « Vidi, puduitque videre, Quum tu terga dares »。そして、アキレウスの武具をめぐるウリクセスとアイアスの争論やトロイア戦争における主要な出来事が要約して述べられているこの第 XIII 巻を、われらの作者が『梗概』(*Epitome*) を著すにあたってとりわけ念頭に置き、そこからきわめて多くの詩句を借用したことは、これらをより注意深く検討し比較する者には容易に見て取れるであろう。
323	2	*Pulvere crines*（髪を塵で［汚す］）。Virg. Aeneid. XII, 99; Ovid. Metam. VIII, 529。
325	2	*Discuteret*（打ち砕く、追い払う）：フロンティーヌスが IV, 7, 31 で « consilia hostium discutere »（敵の計略を打ち破る）と言い、シリウス・イタリクス VII, 153（ドラケンボルヒの校訂による）で « discutere dolos »（奸策を打ち破る）と言っているのと同様である。…
326	2	*Fugerat ore color*（顔から色が失われていた）。この半行もオウィディウス『求愛書簡』(Her.) XI, 27 のものである。…
328	2	… ――*Pervenit ad aures*（耳に届いた）。オウィディウス『変身物語』V, 256: « Fama novi fontis nostras pervenit ad aures »；およびウェルギリウス『アエネーイス』II, 81: « Fando aliquid, si forte tuas pervenit ad aures »。パリ編者。
336	2	… 作者がこれらの詩行においてマロー（ウェルギリウス）のよく知られた箇所、Aeneid. VIII, 405: « Optatos dedit amplexus, placidumque petivit Conjugis infusus gremio per membra soporem » を念頭に置いていたことは疑いようがない。
337	2	… ところでヘレネが *Cygneis* と呼ばれるのは、白鳥に変じたユピテルの娘と信じられていたからである。その名前を他の詩人が用いたかどうかは私は知らないが、もっともウェルギリウス（伝）の Eleg. ad Messal. 27 では「白鳥の卵から生まれたティンダレオス家の娘」« cygneo edita Tyndaris ovo » と言われており、オウィディウスの Her. XVII, 55 でもヘレネ自身が « Dat mihi Leda Jovem, cygno decepta, parentem » と述べている。
338	2	*Flammas Trojaeque suasque*（トロイアの炎と彼女自身の炎）。ヘレネへの愛がトロイアの破滅となる運命にあったパリスについて、機知に富んだ表現である。この言辞もまた、オウィディウスの『名婦の書簡』(Heroid.) XVI, 45 以下のパリスの書簡の箇所に基づいているように思われる。そこではパリスが、出産の日を前に燃え盛る松明を産む夢を見た母親の夢を、トロイアに破滅をもたらす自らの胸の熱情と解釈している: « Arsuram Paridis vates canit Ilion igni; Pectoris, ut nunc est, fax fuit illa mei »。
344	2	*Certamen haberent*（勝負を行うように）。この言い回しは詩的文体に十分ふさわしいとは思われず、次の詩行に現れる *concilium habuit*（集会を開いた）という表現も不快な重複である。そしてオウィディウスの Met. XIII, 159 の詩行 « Ergo operum quoniam nudum certamen habetur » によっても十分に弁護されるとは思われない。
346	2	… ウェルギリウスは動詞 *confundere* を用いてホメロスの συγχέειν をより適切に表現している（Aen. V, 496: « Pandare, qui quondam jussus confundere foedus, In medios telum torsisti primus Achivos »）。
347	2	*Volatile telum*（飛ぶ矢/飛び道具）は Virg. Aen. IV, 71 および Ovid. Metam. VII, 841 より。…
349	2	… この事柄において *dissecare* という動詞は他の詩人にはあまり用いられず、彼らは通常 *rumpere* や *lacerare* を用いる。Virg. Aeneid. XII, 98；Ovid. Met. XII, 117 を参照。
351	2	… ――*Paeoniis herbis*（パイオンの薬草で）はウェルギリウスの Aen. VII, 769 から取られている。われらの詩人はここでメネラオスの傷を手当てする者としてポダレイリオスを挙げているが、ホメロスではマカオンである（IV, 193）。――ポダレイリオスへの言及については上掲 218 行を見よ。パリ編者。
352	2	ウェルギリウスはアイネイアスについて、その傷が癒えて戦いに戻るところを、Aen. XII, 429 で « atque opera ad majora remittit » と述べている（Wernsdorf は *Atque iterum in caedes ... mittit* と読む）。…
354	2	*Et dolor in pugnam*（そして悲憤が戦いへと［駆り立てる］）。同様に Virg. Aen. VIII, 500: « quos justus in hostem Fert dolor, et merita incendit Mezentius ira »。
355	3	355 sq.: 『ベレンガリウス事績録』II 180 以下が有する
355	6	355/6: （証言） = 『ベレンガリウスの事績』2, 180/1 (*multum hinc illincque*)
356	2	*Sternuntur corpora campis*（野原に屍が打ち倒される）。Virg. Aen. II, 364: « Plurima perque vias sternuntur inertia passim Corpora »。
359	2	… Virg. Aen. XII, 283: « it toto turbida caelo Tempestas telorum, ac ferreus ingruit imber »。――逆の隠喩によって、アウィアーヌスは『寓話』XLI, 16 で矢筒を帯びた雨あるいは雲（*pharetratos imbres seu nubes*）と呼んでいる。われらの詩人の 743 行を比較せよ。パリ編者。
360	2	… なお、*Antilochus* は必然的に誤りでなければならない。なぜならアンティロコスはギリシア勢の側であり、この箇所ではトロイア勢の殺戮について語られているからである。したがってボンダムが 154 頁で « Occidit Antilochi rigido demersus in umbra Ense Thalysiades »（タリュシアデスがアンティロコスの冷たい剣に倒れ、冥府へと落とされた）と校訂したのは正当であった。すなわちホメロスの『イリアス』IV, 458 に見えるエケポロスである。そしてこのことは、*Ense Thalacides* と記す写本 H. によって確証される。G. 2 は *Chalestiades* とする。
361	4	Thalysiades …（『イリアス』IV, 458）。
363	2	… ボンダムが『イリアス』IV, 473 に基づいて *Anthemione satum*（アンテミオンの御子）と訂正した。
363	4	Anthemione …（同所 473）。
364	2	… とりわけホメロスが IV, 480 でそう述べているからである。…先端を固めた槍（*praedurato telo*）についてはホメロスには何もないが、作者はおそらくウェルギリウスの Aeneid. VII, 524: « Stipitibus duris agitur sudibusve praeustis »［硬い杭や先を焼いて固めた棒で戦われる］を暗示しているのであろう。オウィディウスの Met. XII, 299: « sude figit obusta » も参照。
365	2	*Purpuream vomit* 等（深紅の［命を］吐き出す）。この詩行はウェルギリウスの Aen. IX, 349 である。――またブルマン編『ラテン詩選』(Anth. Lat. Burm.) 第1巻 45 頁、作者不詳のエピタフ (Epith. Incertae) 8 行: « Nunc animam quoque tu purpuream vomeres »。パリ編者。
365	6	… ウェルギリウス『アエネーイス』9, 349 を参照
367	2	… *Adversum*：オウィディウスは Met. XII, 116 で次のように語っている: « hastam Misit in adversum Lycia de plebe Menoeten »。…
367	6	… conatus … (462行およびオウィディウス『変身物語』8, 366 を参照) …
369	2	… というのも、ここで話題になっている人物は、ホメロス（IV, 491）ではレウコーンではなくレウコス（Leucos）と呼ばれているからである。
371	2	*Et carpit virides moribundus*（そして瀕死のうちに青草を喰む）。ここに私は、討たれて瀕死の者が大地に倒れ伏すさまについての異例な表現を見出す。ホメロスの定型句は ὀδὰξ ἑλεῖν οὖδας［歯で大地を噛む］（『イリアス』II, 418；XI, 748 参照）であり、ラテン詩人たち、少なくとも古代の詩人たちは、これを模倣して *mordere* や *mandere humum*（土を噛む、咀嚼する）、あるいは口や噛むことによって土を求める（*petere, adpetere ore, morsu, terram*）と言う。ウェルギリウスの Aen. XI, 418: « Procubuit moriens et humum semel ore momordit »；同書 669 行: « cruentam Mandit humum, moriensque suo se in vulnere versat »。シリウス・イタリクス IX, 383: « Volvitur ille ruens, atque arva hostilia morsu Adpetit »。しかしその意味で *mordere* や *mandere humum* の代わりに、詩人たちが家畜の草食みについて用いる *carpere dentibus herbas*（歯で草を喰む/引きちぎる）と言った者を、私はこれまで誰も見出していない。もっとも文法家ディオメーデースは第1巻 336 頁で、クナエウス・マティウスの『イリアス』第20巻から似た詩行を引いている: « Ille hietans herbam moribundo tenuit ore »。
371	3	『ベレンガリウス事績録』II 213 参照 …
371	6	（証言） ほぼ = 『ベレンガリウスの事績』2, 213
372	2	372–373: … ここで友、すなわちレウコスの死に心を動かされたと言われている人物は、ホメロスではアトレウスの子ではなく、オデュッセウスである。そこではレウコスは Ὀδυσσέος ἐσθλὸς ἑταῖρος［オデュッセウスの気高き戦友］と呼ばれており（『イリアス』IV, 491）、オデュッセウスが彼の殺害に激怒して戦列に進み出て、行き当たったデモコオンを討ったのである。… ――*Teloque trabali*、すなわち巨大な槍（*hasta magna*）のこと。Virg. Aen. XII, 294。
372	3	ホメロスはアトレウスの子の代わりにオデュッセウスを名指しているので、…
373	4	Democoonta …（『イリアス』IV, 499）。
374	2	… ――*Vagina ensem eripit*（鞘から剣を抜く）はウェルギリウス的な言い回し（Aen. IV, 579）であるが、この箇所にはあまり適していない。なぜなら別の戦いが準備されているわけではないからである。
376	2	… オウィディウスを表現したと思われるからである。オウィディウスは Met. V, 84 で « Et resupinus humum moribundo vertice pulsat »、同書 XII, 118 で « Quo plangente gravem moribundo vertice terram » と述べている。
376	4	… moribundo …（『変身物語』V, 83 および XII, 118 を参照）。
376	6	moribundo … オウィディウス『変身物語』5, 84 を参照
377	2	… しかしホメロス（IV, 517）の叙述の順序を比較すると、この箇所でインブラソスの子ペイロオスがアマリュンケウスの子ディオレスを投石で討っており、残存する名前 *Umbrasides* が真相に酷似していることから、われらの作者が彼について語っていることは明らかである。…
377	4	Jamque Amarynciden …（『イリアス』IV, 517）。
378	4	Pirous …（同所 520）。
381	2	… *Scapulas*（肩甲骨/肩）という単語は、われらの作者がしばしば用いているが、私の知る限り、叙事詩人の中でこれを用いた者は誰もいない。卑俗で平民的な語とみなされていたからであろう。とりわけ喜劇作家たちに見出されるからである。われらの作者はその配慮を承知の上で無視したか、あるいは知らなかったのである。――もっともオウィディウスは軽い主題において、身体のその部分を固有に指すものとして用いている（Art. Am. III, 273: « Conveniunt tenues scapulis analectides altis »）。またクラウディアヌスもこの語を用いている。パリ編者。
383	2	*Stratusque super sua palpitat arma*（そして己の武具の上に横たわり身もだえする）。Virg. Aen. X, 488: « Corruit in vulnus: sonitum super arma dedere » に似ている。
390	2	*Tumidumque increscere Martem*（そして高まる軍神［戦い］が増大するのを）：おそらくマロー（ウェルギリウス）の次の箇所（Aen. IX, 687: « Tum magis increscunt animis discordibus irae »）から形作られたのであろう。
394	2	*Bellica Pallas adest*（戦のパラスが寄り添う）。これらはオウィディウスの Met. V, 47: « Bellica Pallas adest, et protegit aegide fratrem, Datque animos » から取られている。――ディオメデスに火と燃える武具（*flagrantia ignibus arma*）を与えるのは、パラスが彼の兜と楯から絶え間ない火を輝かせたとするホメロス（V, 4: Δαῖέ οἱ ἐκ κόρυθός τε καὶ ἀσπίδος ἀκάματον πῦρ）に基づいている。また下掲 467 行で、われらの詩人はディオメデスについて *flagrantibus irruit armis* と述べている。
396	2	*Saeva leaena*（獰猛な雌獅子）。群れに襲いかかるライオンの比喩をウェルギリウスはしばしば用いている（Aen. IX, 339 以下、X, 723 以下など）。ホメロスは確かにディオメデスの突撃を、橋や垣根や作物を押し流す激流になぞらえているが、われらの詩人はホメロスの手本を捨てることのほうが多く、好機があればいつでもウェルギリウスやオウィディウスから提供された題材を用いるほうを好む。
400	2	*Virginis armigerae*（武具を帯びた乙女の）：パラスのこと。…ウェルギリウスにおいては Aen. II, 425 および XII, 483 で *armipotens*（武勇に秀でた）と呼ばれている。
402	2	… そしてこれがナーソー（オウィディウス）から借用されたものであることは Met. V, 88 から明らかである: « Sternit, et exstructos morientum calcat acervos »。…
403	2	… *Daretis*（ダレスの）。ホメロスが V, 10 でペゲウスとイダイオスの父と呼んでいる人物である。…
405	4	Phegeaque …（『イリアス』V, 9 以下）。…
407	2	… ――*Stetit*（立った、刺さった）はラオコオンの槍についてのウェルギリウス Aen. II, 52 から採られている: « stetit illa tremens »。パリ編者。
408	2	*Ingentem torquet* 等（巨大な［槍を］投げつける）は、『アエネーイス』の引用箇所におけるウェルギリウス自身の言葉である。
409	2	… われわれは *Transadigit*（そして突き通す）を置いた。Virg. Aen. IX, 544: « pectora duro Transfossi ligno »。
410	2	*Eminet, et prodit* 等（突き出て、現れ出る）。オウィディウス Metam. IX, 127 と同様である: « terga sagitta Trajicit: exstabat ferrum de pectore aduncum »；また同第 V 巻 138: « Torquet in hunc hastam, media quae nare recepta Cervice exacta est, in partesque eminet ambas »。この意味で、反対側に突き抜ける放たれた飛び道具について、グラッティウスの Halieut. 62 行で言及されている。――本著作第 I 巻第 1 部 224 頁を見よ。パリ編者。
411	2	*Calidum de pectore flumen*（胸から温かい奔流を）。Virg. Aen. IX, 414: « Volvitur ille, vomens calidum de pectore flumen »；また同第 XI 巻 668: « Sanguinis ille vomens rivos cadit »。
414	2	*Cupit exsistere vindex*（復讐者として立ち現れることを望む）。この言い回しはバルトにとって野蛮語の匂いがするものと思われる（『雑考』LVIII, 14 および LIX, 1, p. 2770）。彼は長老アルボインのある箇所から、中世の著述家たちが動詞 *subsistere* を同様に用いたことを論証している。そして確かにこの語法は詩行を緩慢なものにしており、古き時代の詩人たちは概してこれを避けていたように見える。しかしだからといって私はこれを野蛮語に帰そうとは思わない。おそらくこの箇所での *exsistere* は、*exstare*（際立つ）、*eminere*（抜きん出る）、*conspicuum esse*（目立つ）の代わりに置かれているのであろう。動詞 *subsistere* については、それがスコラ学者たちの野蛮なラテン語に属することはより確実である。――しかし *fieri*（なる）や *esse*（である）の意で *exsistere* を用いるのは、下層の時代の著述家たちによって導入されたように思われる。実際、ユリウス・エクススペランティウスは次のように述べている: « Facile enim poterant exsistere proditores; quia egestas haud facile habetur sine damno »。またラクタンティウス・プラキドゥスも『オウィディウス変身物語綱要』第 VI 巻第 3 話で次のように述べている: « Latona questa cum filiis, quod suarum injuriarum ultores non exsisterent »。パリ編者。
427	2	… ホメロス『イリアス』V, 39 から *Hodius*（オディオス）と読むべきである。
427	4	Hodius …（『イリアス』V, 39）。…
429	2	… そしてこれはホメロスの詩行 V, 43: Ἰδομενεὺς δ᾽ ἄρα Φαῖστον ἐνήρατο Μῄονος υἱόν をより完全に表現している。…
430	4	Maeoniden Phaestum …（『イリアス』V, 43）。…
431	2	… ――同様に上の 360 行でも *demissus ad umbras*。パリ編者。
431	4	… Strophio …（『イリアス』V, 49）。
432	4	432-433: Meriones Phereclum（『イリアス』V, 59）、Pedaeumque Meges（『イリアス』V, 69）…
434	2	ボンダムの指摘（p. 158）にも従い、ホメロス『イリアス』V, 76 に基づいて *Hypsenora*（ヒュプセノルを）と記した。…
434	4	… Hypsenora …（『イリアス』V, 76 以下）。
443	2	… この行も続く 4 行とともに、ホメロス『イリアス』V, 144–160 を訳したものである（その導きによって名高いボンダムが pp. 158 以下で健全な形に復元した）。
443	4	Astynoum, Hypirona …（『イリアス』V, 144）。…
445	4	445-446: Polyidon, Thoonem …（『イリアス』V, 148, 152）。
447	4	… Chromium, Echemona …（『イリアス』V, 159–160）。
451	2	*Qua naris fronti conjungitur imae*（鼻が額の最下部に接するところ）。これはオウィディウス Met. XII, 315 から借用されたものと思われる: « inter duo lumina ferrum, Qua naris fronti committitur, accipit, imae »。
456	2	… しかし、この動詞が能動態の形でより高名な詩人に見出されるとは到底思えない。だがこれは、とっくに廃れていたこれらの動詞の形態を再び使用へと呼び戻すことが通例であった、後代の証左である。――われわれは別の例、*contemplaverit* を、ネメシアヌスの『鳥刺しについて』断片 3 行（本著作第 I 巻 182 頁）において見た。パリ編者。――なお、*rimabant corpora ferro*（剣で身体を探っていた）という言葉の意味は、敵のどの部分、どの場所に傷を負わせるかを窺い、試みていたということであり、そのことは第 458 行でより明瞭に示され、さらに第 591 行で同じ言回しがより完全に繰り返されている。… サレイウス・バッススも『ピソーへの詩』171 行で同様に述べている: « Et nunc vivaci scrutaris pectora dextra, Nunc latus adversum nec opino percutis ictu »。――シリオスは XIII, 163 で、この探り窺う動作を実に一層見事に描写しているように思われる: « At non idem animus Rutulo; spectatur, et omni Corpore perlustrat, qua sit certissima ferro In vulnus via, nunc vibrat, nunc comprimit hastam, etc. » パリ編者。
461	2	… なお、われらの詩人はこのくだり［ῥῆσιν］のほぼ全体をウェルギリウス Aen. XII, 896 以下から自らのものとして翻案した: « Nec plura effatus, saxum circumspicit ingens, Saxum antiquum, ingens, campo quod forte jacebat: Vix illud lecti bis sex cervice subirent »。ホメロスは、ディオメデスが投げた岩の大きさについてずっと控えめに、V, 303 で、現代の二人の男でも運べないような岩であったと述べている。
461	6	… ウェルギリウス『アエネーイス』12, 899 を参照
465	6	Accipit … だが Thes. I 311, 44 を参照 …
466	2	… バルトは『雑考』p. 2770 末で、続く詩行をきわめて優雅なものとして称賛すべきであると見なしている。
466	6	… non tulit … animis：ウェルギリウス『アエネーイス』8, 256 を参照（Vollmer は *animis* と読む。LL は *animo*）…
467	2	*Flagrantibus armis*（燃え盛る武具で）。第 394 行への注を見よ。
469	2	… ホメロスが『イリアス』V, 337 でそう伝えており…。ウェルギリウス『アエネーイス』XI, 276 でもディオメデスが自分自身について同様に告白している: « quum ferro caelestia corpora demens Adpetii, et Veneris violavi vulnere dextram »。またオウィディウス Met. XV, 769 でも、ウェヌスが自らについて次のように述べている: « Quam modo Tydidae Calydonia vulneret hasta »。
471	2	… ホメロスも同様のことを命じている。彼は実に、傷ついたウェヌスがその兄マルスに戦車と馬を求めて天へと運ばれ、そこで母ディオネーに訴え出たと語っている（Iliad. V, 370: Ἡ δ᾽ ἐν γούνασι πῖπτε Διώνης δῖ᾽ Ἀφροδίτη Μητρὸς ἑῆς）。…
474	3	474—482: 『ベレンガリウス事績録』I 195–202 が有する
474	6	474—481: （証言） = 『ベレンガリウスの事績』1, 195–202 (476 *in aequore cursu*)
477	2	… 同様に Virgilii Aen. XII, 329: « Semineces volvit multos, aut agmina curru Proterit »。
479	2	*Quadrupedis tergo*（四足獣の背から）。もし作者が、傷のために馬から転落する騎馬の兵士を意味しているのだとすれば、彼はホメロスの趣意に反し、また戦場における騎兵を知らず、英雄たちが戦車から戦うものと伝えるトロイア戦争の著述家たちの慣習に反して書いたことになる。同様の誤りは下の 496 行でも生じており、そこではアガメムノンが *sublimis equo volat agmina circum*（馬上に高く陣列の周りを馳せ巡る）とある。確かに騎乗を支持するものとしてホメロスの箇所 Il. X, 513 を引くことはできるが、ホメロスは ἵππων ἐπεβήσατο（馬に乗った）と言っているため、戦車に繋がれた馬と解するのが自然であろう。ウェルンスドルフ、補遺にて。
481	2	… 同様に Virg. Aen. IX, 753: « Collapsos artus atque arma cruenta cerebro Sternit humi moriens »。
482	6	（証言） = 『ベレンガリウスの事績』1, 204 以下
485	2	… またおそらくウェルギリウスの半行 Aen. X, 513: « Proxima quaeque metit gladio »（剣で手当たり次第に薙ぎ払う）が彼の念頭にあったのかもしれない。
486	2	*Spes una Phrygum*（プリュギア人たちの唯一の希望）。ヘクトルに対して頻出する賛辞である。ペンタディウスの「ヘクトルの墓碑銘」に *Occubuere simul spesque salusque Phrygum*（プリュギア人の希望と救いとが同時に倒れた）とあり、また以下の 931 行でわれらの詩人は « Unus, tota salus in quo Trojana manebat, Hector adest » と述べている。――とりわけ Virgil. Aen. II, 281: « O lux Dardaniae! spes o fidissima Teucrum! »。パリ編者。――なおバルトは Adv. p. 2771 で、これおよび後続の箇所が実に見事に書かれていると明言している。
488	2	… 群れに襲いかかる狼のこの描写は、とりわけ結びの言葉によって、全体として引き締まり生き生きとした（ἐνεργὴς）ものである。しかし私としては、狼の代わりにライオンを置いてほしかった。狼の力は、ここで描写されているほど恐れを知らず番人を意に介さないものではなく、それはむしろライオンのものであって、ウェルギリウスも Aen. XI, 810 以下で狼を勇敢というよりは狡猾なものとして巧みに描いているからである。バルトの判定（2771 頁）によれば、作者はこの直喩を少なからず気に入り、少し後にライオンの同様の直喩を繰り返した。この点において作者は誤りを犯し、過度に筆を弄したように見えるかもしれないが、それはホメロス自身の模倣からなされたものであろう。ホメロスも近接した二箇所（Iliad. V, 136 および 161）でディオメデスを家畜に襲いかかるライオンになぞらえている。その比喩はホメロス自身と同様、ウェルギリウスにも頻出する（Aen. IX, 339 以下、X, 723 以下を参照）。Ovid. Metam. V, 164 以下の虎の比喩と比較せよ。
488	6	488—490: （証言） *canum* = 『ベレンガリウスの事績』2, 163–5
489	3	489—91: canum を『ベレンガリウス事績録』II 163–65 が有する
489	6	… 私は ipse の後に句読点を打った。通常は comes の後に打たれる
490	2	… ――なお、Val. Flaccus, VI, 615 にこれと類似の表現がある: « nec caede moratur in una Turbidus, inque omnes pariter furit »。パリ編者。
494	2	*Adtolluntque animos*（そして気力を奮い立たせる）は、先行する *Deficiunt*（気落ちする）と同様、ウェルギリウスの Aen. XII, 2, 4 に由来する。――*Geminat victoria vires*（勝利が力を倍加させる）は重みのある表現であり、765 行でも繰り返されている。
500	3	500—504: : 『ベレンガリウス事績録』I 207–210 参照
500	6	500—508: （証言） ほぼ = 『ベレンガリウスの事績』1, 208–10 (500 *cernit*, 502 *Attollens*)
502	2	*Adtollit cervice jubas*（首のたてがみを逆立てる）。Virgil. Aen. X, 726、ライオンについて: « Gaudet hians immane, comasque arrexit »。Lucanus, I, 209: « Erexitque jubam »。同様にオリュンピウス・ネメシアヌスの Laud. Hercul. 93: « Excussis movet arma toris »。
507	2	*Et spes exacuit*（そして希望が研ぎ澄ます）。Virg. Aen. X, 263: « spes addita suscitat iras: Tela manu jaciunt »。
509	2	… Virg. Aeneid. XI, 889: « immissis pars caeca et concita frenis Arietat in portas »。Ovid. Met. I, 280: « Fluminibus vestris totas immittite habenas »。
512	2	*Error*（手元の狂い）。Ovid. Metam. XII, 83: « quamquam certa nullus fuit error in hasta »。
512	6	detulit シュラーダー(オウィディウス『変身物語』5, 90 より) …
513	2	*Stomachoque infigitur*（そして胃に突き刺さる）。Virgil. Aen. IX, 698: « volat Itala cornus Aera per tenerum, stomachoque infixa sub altum Pectus abit »。
513	6	alto … だがウェルギリウス『アエネーイス』9, 699 を参照
514	2	*Media inter lora*（手綱のただ中に）。Virg. Aen. XII, 468: « Aurigam Turni media inter lora Metiscum Excutit »。
517	4	Crethona …（『イリアス』V, 541 以下）。
518	2	ホメロスの前掲箇所は *Orsilochum* を要求している。…
518	4	518, 520: Orsilochum, Antilochique Mydon …（『イリアス』同所および 580）。
520	2	*Antilochique Mydon*。ホメロスに基づいてこのように読まれるべきであることをボンダムが示した。…
523	2	Hom. Il. V, 628 から *Tlepolemus*（トレポレモス）と読むべきであることは明らかであり、…
523	4	Tlepolemus …（『イリアス』V, 628）。
525	2	*Tenuemque daret de corpore vitam*（肉体から微かな命を差し出した）、すなわち息を引き取ったということ。彼が *tenuem vitam*（微かな命）と呼ぶのは、ウェルギリウスが Georg. IV, 223 で讃えている人々、すなわち生き物の個々の魂は世界霊魂（anima mundi）の微粒子であり、死を通じてそこへと還っていくと説いた人々の考えに即している。ウェルギリウスは前掲箇所で「ここから、生まれるときに各人が自分自身のためにかすかな命を引き寄せる［« Quemque sibi tenues nascentem arcessere vitas »］」と述べている。また Aen. IV, 705: « omnis et una Dilapsus calor, atque in ventos vita recessit »（熱気はことごとく去り、命は風の中へと退いた）。
527	2	ウリクセスは *fraudis commentor*（詐術の考案者）と呼ばれているが、それはあたかもこれが彼の特技であるかのようであり、ホメロスや他の古代人によって常に彼に帰せられている性質である、とバルトは Adv. LIX, 15 で述べている。Virgil. Aen. II, 164: « scelerumque inventor Ulysses »（悪謀の考案者ウリクセス）。われらの詩人も下の 579 行で同じ表現を繰り返している。同様にオウィディウスも彼について Met. XIII, 31 で « quid sanguine cretus Sisyphio, furtisque et fraude simillimus illi » と述べており、すぐ後の 38 行でもその偽り言（*commenta*）を指摘している。ここからまた、ファン・デル・デュッセンがわれらの詩人の 65 行への注で指摘しているように、ドーシアダースの第二の『祭壇』においてウリクセスは φὼρ（盗人）と呼ばれており、サルマシウス（Salmasius）が注釈 156 頁で詳述している通りである。
528	2	*Et septem juvenum*（そして七人の若者の）。ホメロスが Il. V, 677 で列挙しているリュキア人たち、すなわちコイラノス、アラストル、クロミオス、アルカンドロス、ハリオス、ノエモン、プリュタニスのことである。
529	2	ファン・デル・デュッセンは 29 頁で *columen*（大黒柱／支柱）と読む方を好んでおり、それは実にヘクトルに極めて適しており、上にわれらの詩人が 486 行で彼に与えたもう一つの賛辞 *spes una Phrygum*（プリュギア人の唯一の希望）にも最もよく合致している。同様にセネカの Troad. 126 行で、ヘクトルについて次のようにある: « Columen patriae, mora fatorum, Tu praesidium Phrygibus fessis, Tu murus eras »。――« Graium murus Achilles »（ギリシア人の防壁アキレウス）、Ovid. Met. XIII, 281。スカーエワについて Lucan. VI, 201: « stat non fragilis pro Caesare murus, Pompeiumque tenet »。なおセネカが前掲箇所で付け加えている « Tecum cecidit, summusque dies Hectoris idem patriaeque fuit » を、われらの詩人は下の 1056 行で模倣したように思われる。本著作第2巻329頁のペンタディウスの「ヘクトルの墓碑銘」に対するわれわれの注を参照。パリ編者。
533	2	… *Virago*（女傑／男勝りの乙女）はパラスに関して頻出する語であり、ほぼ彼女固有の呼称である。オウィディウスは Met. VI, 130 で *flava virago*（金髪の女傑）と呼び、バルトの判断（前掲書 2806 頁）によれば、*sancta virago*（聖なる女傑）は純潔であると同時にマルス的、すなわち好戦的であることを示唆している。
536	2	… 詩人は同様の事柄について上で用いた 471 行を繰り返している。
537	2	*Jurg. suffert*（叱責を甘受する）。61 行および 105 行を参照。
538	2	ボンダムおよびファン・デル・デュッセンは前掲箇所で、ホメーロスの VI, 8 に基づいて *Acamantem*（アカマースを）と読んでいる。…
539	2	… ホメーロス（Iliad. VI, 37 以下）の記述のゆえである。ホメーロスは、アドラーストスが恐怖で取り乱した馬から投げ出され、近くに立っていたメネラーオスに生け捕りにされて命乞いをし、はじめはそれを許されたものの、駆けつけてメネラーオスを叱責したアガメムノーンによって重傷を負わされたと伝えているからである。…この読みから、作者がここでアドラーストスの哀れな命乞いを考慮したのではなく、ただ彼の転落と捕縛を表現しようとしたにすぎないことが理解されるであろう。…
540	6	（証言） *manibus — revinctis* = 『ベレンガリウスの事績』3, 115
541	2	… なお作者はここで、過度の簡潔さによってホメーロスの叙述を切り縮めてしまった。なぜなら、アドラーストスが捕らえられ船へと連行されるよう命じられたことだけを語り、最も重大な点、すなわちメネラーオスの寛容さを非難したアガメムノーンによってアドラーストスが殺害されたことを沈黙してしまったからである。
543	2	*Tergaque nuda tegit*（そして無防備な背を覆う）。盾によってであろう、彼らがみすみす討ち取られぬように。Virg. Aen. XI, 630: « Bis rejecti armis respectant terga tegentes »（二度退けられ、武器で背を覆いつつ後方を振り返る）。
548	2	… ――*Innuptae Minervae*（純潔のミネルウァの）は Virgil. Aen. II, 31。
549	2	*Altaria sertis*（祭壇を花輪で）。言うまでもなく神々を宥めるためである、とバルトは前掲の箇所で述べている。古代人は犠牲獣を用いるだけでなく、祭壇を、そして付け加えるなら神殿を取り巻くために花冠をも用いた。Virg. Aen. II, 249: « Nos delubra Deum ... festa velamus fronde per urbem »；同 IV, 202: « variis florentia limina sertis »；同 Georg. IV, 276: « Saepe Deum nexis ornatae torquibus arae »。
555	2	*Et unde ferat*（そしてどこから携えてきたのか）、すなわち武器を。…
557	2	*Te, scelerate*（汝、悪漢よ）: これはホメーロスの Iliad. VI, 123 以下のディオメーデースの穏やかな弁舌に比して確かに厳しすぎる。…――しかしバルトは Adv. XXV, 15 で、*sceleratus* はしばしば「厄介な、過酷な（molestus）」や「不敬な」の意で用いられると注意を促している。実際ウェルギリウスも « sceleratum frigus »（酷い寒さ）と言い、ルティリウスも « Obruerint citius scelerata oblivia solem »（忌まわしき忘却のほうが早く太陽を覆い尽くそう）と述べている。パリ編者。
559	2	*Veneris quae vulnere dex-* -*tram* をすべての本が与えている。バルトは Adv. p. 2807 で、*dextram*（右手）という語を次のように反復して解すべきであると説いている: *Vides dextram, quae Veneris dextram vulneravit*（汝は見ている、ウェヌスの右手を傷つけた右手を）。そして、ある語が同じ格配置で二つの事柄に適合し得るとき、それを一度だけ置き、しかも両方の箇所に適用されねばならないようにする、詩人たちに慣用の修辞法であるとする。…
565	2	*Ad pectora natum tenet*（子を胸に抱き寄せる）。Virg. Aen. VII, 318: « Et trepidae matres pressere ad pectora natos »。
570	2	*Juvenis*（若者）はいかなる戦士についても言われるが、ここではヘクトールを指す。――*Posito aere*（青銅を脱ぎ置いて）は、青銅の兜を脱ぎ置いて。
574	2	… しかし私は、息子について語る父ヘクトールの人物像には、*miretur* と言った場合よりも *imitetur* という語のほうが適していると考える。父が自らについて語る際に称賛を求めるのはあまりに自慢たらしく響く。だが息子が己を見習うように求めることこそは、父にふさわしい訓戒である。さらに彼が *patrias virtutes*（父の美徳）を付け加えている以上、*imitetur* という語は必須である。美徳は見習うべきものであり、美徳のゆえに称賛されるのはむしろ人格である。作者はむしろ、アイネイアースが息子を励ますウェルギリウスの格言（Aen. XII, 435: « Disce, puer, virtutem ex me, verumque laborem, Fortunam ex aliis »［子よ、美徳と真の労苦を余より学べ、幸運は他者より学べ］）を念頭に置いていた可能性が高い。…
579	2	*Fraudis commentor*（詐術の考案者）。ホメーロス風の手法で 527 行から繰り返した。
586	2	… われらの詩人自身が上掲の 25 行で *ferum amorem*（野蛮な愛）と述べており、下掲の 639 行でもほぼ同様の言回しを用いている: *Praedaque, quae duros Menelai mulceat ignes*（メネラーオスの激しき情火を和らげる戦利品）。そしてここでは、ウェルギリウスが Georg. IV, 464 でオルペウスについて « Ipse cava solans aegrum testudine amorem »（彼自ら中空の亀甲（竪琴）にて病める愛を慰めつつ）と述べたのを模倣したように思われる。
587	2	*Ergo ubi dejectis*（それゆえ投げ入れられた［籤］において……）。Virg. Aen. V, 490: « Convenere viri, dejectamque aerea sortem Accepit galea »（男たちは集い、投げ入れられた籤を青銅の兜が受けた）から取られた。
591	2	… われらの詩人自身がこの行の意味を下掲の 603 行で明らかにしている: « quaque patebat Nuda viri cervix, fulgentem dirigit ensem »（そして男のむき出しの首筋が露出していた箇所へ、輝く剣を向ける）。同様の趣旨で Virgil. Aeneid. XII, 920: « telum Aeneas fatale coruscat, Sortitus fortunam oculis »。――キケローは『ウェッレース弾劾演説』V (VII), 71 で、戦う者たちのこの習慣に言及している: « Si ullum locum aperuerimus suspicioni aut crimini, accipiendum est statim vulnus »（もし疑念や告発に少しでも隙を見せるなら、直ちに傷を受けねばならない）。パリ編者。
599	2	… ウェルギリウスは Aen. IX, 522 で « Fumiferos ignes » と呼び、オウィディウスは Metam. VII, 114 で « fumificos mugitus » と呼んでいる。…しかしバルトは前掲の箇所で、作者が野猪から稲妻と火が吐き出されると述べているのは粗野な表現であると注記している。確かに詩人たちによって馬や雄牛に火が帰せられることは通例であり（Nemes. Cyneg. 255 およびペトロニウスの妖術師についての詩 11 行を参照）、野猪にも稲妻が帰せられるが、彼らはわれらの詩人よりも節度をもってそれを行っている。Ovidius, Met. VIII, 289、カリュドーンの猪について: « Fulmen ab ore venit, frondes adflatibus ardent »（口より稲妻が出で、その息吹で木の葉が燃え上がる）；同 X, 550: « Fulmen habent acres in aduncis dentibus apri »（獰猛なる猪は鉤形の牙に稲妻を宿す）。
612	2	… *Clypeo septemplice*（七重の盾で）はオウィディウスに倣ったものであり、彼は Met. XIII, 2 で « clypei dominus septemplicis Ajax »（七重の盾の主アイアース）といい、また同書 346 行で « frustra Telamone creatus Gestasset laeva taurorum tergora septem »（テラモーンの子は無駄に左手に七重の牛革を帯びていたことになろう）と述べている。ウェルギリウスは Aen. XII, 925 でトゥルヌスについてこう述べている: « orasque recludit Loricae, et clypei extremos septemplicis orbes »（胸甲の縁を切り開き、七重の盾の最外周の輪を貫く）。
615	2	*Integrare*（新たにする）は、バルトの指摘（*Adv.* p. 2807）によれば、元の完全な状態に戻すこと（*in integrum*）、更新することを実に見事に意味している。上の 102 行で彼が « Et Troum renovare velis in praelia vires »（そして戦いへ向けてトロイア勢の力を一新させようと欲する）と言ったのと同様である。Statius, *Theb.* VIII, 657: « bellum integrabat Enyo »。Seneca, *Medea*, v. 672: « semet dolor Accendit ipse, vimque praeteritam integrat »。
621	2	… Virg. *Aen.* I, 606: « qui tanti talem genuere parentes »。
623	6	… ウェルギリウス『アエネーイス』5, 372 を参照
626	2	… ここで言及されているヘーシオネーは、トロイア王ラーオメドーンの娘であり、海獣に差し出されていたところをヘーラクレースによって救出された。その後トロイアが陥落した際、ヘーラクレースは最初に城壁をよじ登ったテラモーンに彼女を妻として与えた。Ovid. *Metam.* XI, 216 以下。
630	2	… 作者は Virg. *Aen.* X, 496: « rapiens immania pondera baltei » の例に倣って *balteum* を2音節［連形］とした。Ovid. *Met.* XIII, 291 は *caelamina clypei*（盾の彫刻）と言っている。
635	2	… ボンダムは、作者がこの行で同様にオウィディウスに倣ったと考えている。*Met.* XV, 665: « Postera sidereos Aurora fugaverat ignes »、および *Met.* IV, 81: « Postera nocturnos Aurora removerat ignes »。――またウェルギリウスの箇所 *Aeneid* III, 521 も援用できよう: « Jamque rubescebat stellis Aurora fugatis »。パリ編者。――しかし私としては、むしろウェルギリウスの *Aen.* V, 42: « Postera quum primo stellas Oriente fugarat Clara dies, socios in coetum litore ab omni Advocat Aeneas » がここで採用されたと見る。…
635	3	: 『ベレンガリウス事績録』III 90 参照
635	6	（証言） = 『ベレンガリウスの事績』3, 90 (*fugaret*)
645	2	… また、すでに再び引き返してそこに居るのだから *se reddit*（身を戻す）はおかしい、と不審に思うべきではない。そのような冗語（プレオナスムス）は優れた作家にも頻出するからである。Suetonius, *Jul.* 2: « intra paucos rursus dies repetita Bithynia »。Plautus, *Poenulus* 序幕 79: « Revertor rursus denuo Carthaginem »。
646	2	… 後代ラテン語の著述家たちは、心を取り乱すこと（*perturbari animo*）の意で *confundi* と言う。Juvenal. *Sat.* III, 1: « Quamvis digressu veteris confusus amici »。Plinius, *Epist.* V, 5, 1: « qui nuntius gravi me dolore confudit »。同 *Paneg.* 86: « Quam ego audio confusionem tuam fuisse, quum digredientem prosequereris »。以下の 679 行で、われらの詩人は « Danai turbati caede suorum » と述べている。
646	6	confusi … だが 679行および H 426 を参照; confusi は「悲嘆にくれた」の意
649	2	… バルトの注記によれば、*robur*（オーク材・堅木）は木の柵、オークの囲壁を指す。そしてわれらの詩人は、681 行や 761 行のように、しばしばこのようなオーク材の堡塁（vallum）に言及している。
650	2	… ボンダムは前掲書で、この行が Ovid. *Met.* IX, 796: « Postera lux radiis totum patefecerat orbem » から形作られたと指摘している。Virg. *Aen.* IV, 118: « ubi ortus Extulerit Titan radiisque retexerit orbem » も同様である。
660	4	totis gravis imminet armis：［armis は両肩について解されるべきと思われる……サンテンは Totis armis を「全軍」の意味に解した、クーテン］…
660	6	… armis … すなわち軍勢; 例えばオウィディウス『変身物語』7, 865 を参照
665	2	*Ardentibus armis*。上の 394 行で *flagrantia arma* と言ったのと同様である。パリ編者。
667	2	… この箇所にはフラドモーンの子アゲラーオス（Agelaus Phradmonides）が置かれるべきである。ホメーロス（*Iliad* VIII, 258）は、彼がディオメーデースによって槍で背中から胸へと刺し通されたと伝えている。
667	4	667, 672: Agelaus, Gorgythiona …（『イーリアス』VIII, 257 および 302）。
669	2	… ホメーロスに従えば、ここでは *ense*（剣）ではなく *hasta*（槍）と言われるべきであり、…
670	2	… テウクロスがアイアースの盾に守られながら多くのトロイア勢を矢で射殺したと伝えている（*Iliad* VIII, 266: Τεῦκρος δ᾽ εἴνατος ἦλθε, παλίντονα τόξα τιταίνων. Στῆ δ᾽ ἄρ᾽ ὑπ᾽ Αἴαντος σάκεϊ Τελαμωνιάδαο；および 272 行: ὁ δέ μιν σάκεϊ κρύπτασκε φαεινῷ）。…
672	2	… Hom. *Iliad* VIII, 302 に基づいて *Gorgythiona*（ゴルギュティオーン）と読まれるべきである …
674	2	*Quem*（彼を）、すなわちテウクロス。パリ編者。
675	2	… *excusso arcu*（弓を打ち落とされて）によって、ヘクトールが投じた石の打撃でテウクロスの手から弓が叩き落とされたことが意味されている。
676	2	… オウィディウスにその言い回しがある（*Her.* VI, 135: « Prodidit illa patrem: rapui de caede Thoanta »）。
681	2	*Objecto robore*（オークの横木を差し渡して）、すなわちオーク材のかんぬき（pessulus）を差し渡して。この行全体が以下の 930 行で再び現れる。759 行も比較されたい。
683	2	… というのもウェルギリウスの *Aen.* IX, 160 に « Interea vigilum excubiis obsidere portas Cura datur Messapo, et moenia cingere flammis »（すなわち見張りの篝火で）、また同 380 行に « omnemque aditum custode coronant » とあるからである。
689	2	*Dextramque hortantur Achillis*（そしてアキレウスの右手を促す／求める）。バルトは 2807 頁で、この箇所において「右手」（*dextram*）が信義（*fides*）を意味していると指摘し、さらに古代人の多くの箇所を引いて、友情、好意、および寛容の証として右手がお互いに交わされたこと、同様に右手を差し出すことによって相互の約束が取り交わされ、和平が成立し、同盟が結ばれたことを論証している。これらはすべて周知の事柄であり、ここで繰り返すには長すぎる。一、二の例を挙げておこう。Valer. Flacc. II, 639（キュジコスについて）: « Ut videt, ipse ultro primus procurrit ad undas, Miraturque viros, dextraque amplexus et haerens Incipit »。同書第3巻 14: « manibusque datis junxere nepotes »、すなわちすべての子孫にわたる永久の同盟を結んだ（ただしグロノウィウスはそこで *penates* を採ろうとしている）。プロスペル『恩知らずについて』(*De Ingratis*): « An dextram, pacis palmam, dare te pudet hosti »。われらのホメーロス模倣者のこの箇所においては、私の意見の趣くところでは、右手によってアキレウスの信義や友情だけでなく、彼の武勇や軍事的武力も示されている。
690	2	… ファン・デル・デュッセンは 36 頁で *Thetideius*（すなわちテティスの子）と読まれるべきであると見抜き、それはわれらの詩人の他の箇所（892 行など）でも正しく置かれている。…
696	2	… ここでは、ホメーロスから明らかなように、別の夜ではなくまさに同じ夜に行われた新たな出来事が始まり、後続の行で *pars tertia noctis*（夜の第三の部分）が付け加えられている。作者は、上に述べられた事柄が起きたその夜の、まもなく第三の部分を付け加えることになる第二の部分（もうひとつの部分）を意味しようとしたのである。（それゆえ Wernsdorf は *alterius* を退け、*Altera transierat tarde labentibus astris* と読む。）…
697	2	… これが翻訳元のホメーロスの詩行（*Iliad* X, 252: Ἄστρα δὲ δὴ προβέβηκε· παρῴχηκεν δὲ πλέων νὺξ Τῶν δύο μοιράων, τριτάτη δ᾽ ἔτι μοῖρα λέλειπται）によっても裏づけられている。
700	2	… Virg. Aen. IX, 373: « sublustri noctis in umbra »。
700	6	sublustri … (ウェルギリウス『アエネーイス』9, 373 を参照) …
706	2	… ――バルトの注記（2808 頁）によれば、*sensus* とは計画・思慮（*consilia*）、判断力（*judicium*）のことである。クラウディアヌスにおいてもしばしば同様であり、例えば de III Cons. Honor. 187: « non corrumpentia sensus Dona valent »。同 de IV Cons. Hon. 300: « nec sic inflectere sensus Humanos edicta valent, ut vita regentis ». 同 de Laud. Stilich. III, 10: « magnanimum pectus, quo frena reguntur Imperii, cujus libratur sensibus orbis »。
709	2	… 最も適切なのは、流布本および G. 2 に見出される *spe percussus inani*（空しい希望に打たれて）である。キケローも同様に述べている（Tusc. V, 11: « quodcumque nostros animos probabilitate percussit, id dicimus »）。――しかし私には、人が希望に打たれる（*spe percuti*）と言われうるとはほとんど思われない。パリ編者。
710	2	… これはエウメーデースの子ドローンを指し、Hom. Il. X, 314 および Virg. Aen. XII, 346 の双方から取られたものである。…
710	4	… Eumedides シュラーダー（『イーリアス』X, 314）。
712	2	*Fidens animo*（心に確信を抱いて）。ウェルギリウスの表現、Aen. II, 61。
712	6	fidens … ウェルギリウス『アエネーイス』2, 61 を参照
716	2	*Perstatis in ira*（汝らは怒りに固執する）。Ovidius, Pont. I, 4, 44: « Perstiterit laesi si gravis ira Dei »。
719	2	… このことをドローン自身がホメーロスの Iliad. X, 392 でオデュッセウスに語っている。Virg. Aen. XII, 349 にドローンについて次のようにある: « Qui quondam, castra ut Danaum speculator adiret, Ausus Pelidae pretium sibi poscere currus »。Ovid. in Ib. 629: « Qualis equos pacto, quos fortis agebat Achilles, Acta Phrygi timido est, nox tibi talis eat »。『ラテン詩選』(*Anthol. Lat.*) I, 95 のドローンに関するエピグラム: « Praemia magna Dolon, currum dum poscit Achillis, Prodidit ipse cadens munera magna Dolon »。
723	2	*Per Ditis fluctus*（ディースの波にかけて）、ステュクスにかけて、あるいは冥府の河川にかけて。オウィディウスの Met. I, 187 でユピテルが誓っているのと同様である。Virg. Cul. 371 では « Lacus Ditis opacos » と言われている。これは嘆願の定型句であり、Ovid. Trist. II, 53 の誓約の句 « Per mare, per terras, per tertia numina juro » と同類のものである。
724	2	*Ne rapere hanc*（これを奪い去らぬように）。オウィディウスは Met. VI, 540 で « eripere animam »（命を奪う）と言っている。
727	2	… バルトは『雑考』(*Adv.*) LVIII, 14, p. 2752 で、トロイアの首領たちの代わりに *Troja* と言うのはあまり美しくないと述べている。しかしながら、これらの語はオウィディウスの Met. XIII, 244 から借用されたものであり、そこではオデュッセウスが同じ出来事を次のように詳述している: « Ausum eadem, quae nos, Phrygia de gente Dolona Interimo; non ante tamen, quam cuncta coegi Prodere, et edidici, quid perfida Troja pararet. Omnia cognoram »。
728	2	… というのも、私は *fauces mucrone recluso ... detrudunt* という言い回しが、ドローンの首が喉を切り裂かれて胴体から切り落とされたことを意味すると考えるからである。ホメーロスが彼が斬首された次第を伝えている通りである（Iliad. X, 455 以下）。――同様にユウェナーリスは Sat. IV で *jugulos aperire*（喉を切り開く）と言った。また Horat. Epod. XVII, 71: « Modo ense pectus Norico recludere »。パリ編者。…
729	2	… ――また動詞 *Detrudunt* は Virg. Aen. IX, 496 から繰り返されたものと思われる: « tuo- -que Invisum hoc detrude caput sub Tartara telo »。パリ編者。…
732	2	*Exanimant* が能動態の形で、刃物で切り殺す・殺害するという意味で用いられるのは、より優れた著述家たちの間では極めて稀であると私は考える。…
733	2	*Candore nitentes*（白さに輝く）。同様に Virg. Aen. XII, 84: « Qui candore nives anteirent, cursibus auras »。
734	2	… 詩人たちは俊足をとりわけ東風（エウロス）に比べるのが常だからである。Virg. Aen. VIII, 223 および Horat. Carm. II, 16, 24 を見よ。また学者たちは Virg. I, 317 において *Hebrus* の代わりに *Eurus* を置くことを欲している。…
734	6	… オウィディウス『変身物語』9, 194 を参照 …
735	2	… 同様に Virgilius, Aen. V, 242: « illa Noto citius volucrique sagitta Ad terram fugit »。
737	2	*Nestoris accipit aetas*（ネストールの齢が受け入れる）、すなわち、老いたネストールが彼らの到着を真っ先に察知し、喜んで迎えるということである。これはホメーロス X, 532 から理解できる。別の箇所、144 行において、われらの詩人は助言を与えることが話題となっている文脈で抽象表現 *prudentia Nestoris*（ネストールの思慮）を用いているが、ここでは老齢そのもののみを考慮して *aetas Nestoris*（ネストールの齢）という言葉を用いている。なぜなら、若者たちの徳と善行を見守り、称賛することは、とりわけ老人たちに相応しいからである。
737	6	accipit (すなわち聞く) …
743	2	… ――*Nubem telorum*（投槍の雲）という表現は、私の記憶が正しければ、マロー（ウェルギリウス）は事前の直喩による場合（Aen. XI［正しくは X］, 808: « sic obrutus undique telis Aeneas nubem belli, dum detonet, omnem Sustinet »）を除いて用いていない。――しかしマリウス・ウィクトルは carm. ad Salmon. 16 行で *densam telorum nubem* と言っている。本著作集第2巻…を見よ。
744	3	… et ferrum から 746 の acies までの語句を『ベレンガリウス事績録』II 272–74 が有する …
744	6	（証言） *ferrum* — 746 *acies* = 『ベレンガリウスの事績』2, 272–4 (745 *stridunt*)
748	2	… ホメーロス（Il. XI, 101）では、プリアモスの息子たちであるアンティポスとイーソスがアガメムノーンによって討ち取られたと私は読んでいる。われらのホメーロス詩人が彼を指そうとしたのか、それとも別人なのか、私には依然として疑わしい。…
749	2	… ホメーロスの Iliad. XI, 122 行に基づき *Pisandrum* および *Hippolochum* を置くべきであることは明白であり、…
749	4	749, 750: Pisandrum, Hippolochum …（『イーリアス』XI, 122）。
750	2	… ホメーロスの Iliad. XI, 221 に基づき、アンテーノールの息子 *Iphidamanta* をここに復元すべきである…。
751	2	… ホメーロスの記述（Iliad. XI, 231 以下）によれば、事の次第は次のようであった。アガメムノーンがイーピダマースを討ち取った後、その兄コオーンは弟の死を激しく悲しみ、折しもアガメムノーンの傍らに立っていたが、槍でアガメムノーンの腕の真ん中を突いた。しかし弟の遺体を引きずり出そうとしていたコオーンを、間もなくアガメムノーンは討ち取った。
752	2	*Antenore natum*（アンテーノールの子）。すなわちイーピダマースの兄コオーンのこと。
753	2	*Traxitque ferox cum vulnere poenas*。すなわち、アガメムノーンは傷を負っていたにもかかわらず、猛々しくコオーンに対する復讐を続け、あるいは科し進めたということである。ヘルムシュテット写本（H.）は *Traxit ... graves cum sanguine poenas* とする。彼はこの言い回しをウェルギリウスの Aen. V, 785: « Non media de gente Phrygum exedisse nefandis Urbem odiis satis est, poenam traxisse per omnes Relliquias » から取ったと思われる。
759	2	*Firmant Obicibus*（閂で固める）。上の 681 行の « portas objecto robore firmant » と同様。
760	2	… バルトは『テーバイド』第1行への注記において、この行と次の行で、作者が文字 a と r を頻繁に結びつけることによって、恐ろしい事象にふさわしい音の粗々しさを意図したと指摘している。
767	2	… 実にウェルギリウスの模倣もこれを示唆している。Aen. II, 441: « obsessumque acta testudine limen »；また IX, 505: « Accelerant acta pariter testudine Volsci »。
767	6	acta … (ウェルギリウス『アエネーイス』2, 441; 9, 505 より) …
774	2	… 確かに、ここでアシオスが最初に、ヘクトールによって討たれるアムピマコスよりも前に名指されているが、ホメーロスによれば彼が討たれたのはアムピマコスよりずっと後のことである（Iliad. XIII, 384）。また、われらの詩人はこの戦列におけるイドメネウスの武勲を黙殺しているわけではなく、すぐ後にアンキーセースの娘婿アルカトオスが彼によって討たれたことを記しており、この討ち取りはアシオスのそれよりも記憶されるべきものであった。…
776	2	… ドルピウスとファン・デル・デュッセンはホメーロスに基づいてこれに代えて正しく *Alcathous*（アルカトオス）を復元している。…
777	2	… アルカトオスを討ったイドメネウスは、ホメーロスによってクレータ人の指導者と呼ばれている（Il. XIII, 221, 259, 274、その他）。…（Wernsdorf は *ductor Cretum* と読む。LL は *ductor Rhytieus* で、クレータの町リュティオン（Il. II, 648）を参照。）
783	6	… ウェルギリウス『アエネーイス』4, 143 を参照
787	4	Archilocum …（『イーリアス』XIV, 462 以下）。
790	2	… 作者の過度の簡潔さと叙述における貧弱な薄弱さのせいで、少し前には討たれ潰走していたトロイア勢が、なぜ今やより激しく立ち上がり、夥しい殺戮を行ってギリシア勢を自らの陣船へと追い詰めるのか、事態の急激な逆転がどこから生じたのかがこの箇所では理解できなくなっている。言うまでもなく、ホメーロスが創作している諸原因、すなわち目を覚ましたユピテルがトロイア勢に勇気を取り戻させ、ネプトゥーヌスにギリシア勢をもはや助けぬよう諫め、ヘクトールがアポッローンによって奮い立たされ、戦いを再開すべく新たな力を授けられたという事情を、少なくとも手短にでも触れるべきであった。もし作者が戦いや殺戮、突撃や潰走よりも、ホメーロスのこれら詩的虚構をより注意深く伝えていたならば、詩としての魅力をより多く保ち、単なる実録（年代記）を語るだけに終わることはなかったであろう。
800	2	… ――*Incendia saeva Sustinet*（激しい火炎に耐える）。オウィディウスがアイアースの語り手を導入して次のように述べているのと同様である（Met. XIII, 7）: « non Hectoreis dubitavit cedere flammis Quas ego sustinui »。パリ編者。
801	2	*Defendit mille carinas*（千隻の軍船を守る）。オウィディウスの前掲箇所において: « Nempe ego mille meo protexi pectore puppes »。
812	2	… この行において作者はウェルギリウス Aen. IV, 157: « jamque hos cursu, jam praeterit illos » を念頭に置いていたと思われる。
821	2	*Nam licet ipse*。バルトはこれらの行をきわめて美しいと称賛している（Adv. LIX, 15, p. 2808）。しかし実際のところ作者は、それらを自らの才能ではなく、ほとんど一語一語書き写したオウィディウスの才気に負っている（Metam. VIII, 394）: « Ipsa suis licet hunc Latonia protegat armis, Hunc tamen invita perimet mea dextra Diana »。
827	2	*Et mutua dona*（そして返礼の贈り物を）。これらの言葉についてバルトは Advers. LVIII, 14, p. 2752 で、打撃を贈り物と呼ぶのは作者特有の語法（idiotismus）であると指摘している。しかし実際にはウェルギリウスも同様に語っている（Aen. X, v. 881）: « Desine, jam venio moriturus, et haec tibi porto Dona prius »。――カトゥッルスがカルウォゥスへの諷刺詩［第 14 歌 20 行］で « Ac te his suppliciis remunerabor » と言い、ウァレリウス・フラックスが V, 550 で « Qui gemitus, irasque pares, et mutua Graiis dona ferant » と言っているのも同様である。すでにヨハンネス・シュラーダーが Observ. I, cap. 3, 35 頁でこのことを指摘していた。同様に、*gratiam referre*（恩を返す）も悪い意味で復讐あるいは報復の意で用いられる。テレンティウス『宦官』V, 3, 2: « qui referam illi sacrilego gratiam »。パリ編者。
834	2	… すなわち、832 行で述べたように、アポッローンによって胸を剥き出しにされた後に、彼はその若者を剣で突き刺すのである。実際、ホメーロスは武具がアポッローンによってパトロクロスから剥ぎ取られたと語るが、ホメーロス受容者（われらの詩人）はホメーロスを離れて、武具はヘクトールによって剥ぎ取られたと述べている。
840	2	… なお、ここでも作者はホメーロスとは異なって物語っている。というのも、ホメーロスによればメネラーオスとメリオネースがパトロクロスの遺体を陣営へと運び帰り、アンティロコスはその死の知らせをアキレウスのもとへ届けたにすぎないからである。
841	2	… バルトは『雑考』(*Advers.*) 2752 頁で、*diverberare aures*（耳を打つ）をわれらの詩人特有の語法（イディオティスムス）と見なしている。しかしながら、他の作家たちも同様の表現を用いている。プラウトゥス『アンピトリュオ』I, 1, 177 において: « vox aures verberat »；またルーカーヌス VII, 25: « tuba verberat aures »。――本著作第2巻128頁でわれわれが引いたペトロニウスの断片において: « subitis rumoribus oppida pulsat »。パリ編者。――同人『サテュリコン』第68章: « nullus sonus unquam acidior percussit aures meas »。
843	2	… しかし「母の衣をもって（*materno amictu*）」、すなわち「母から授かった［衣をもって］」とわれらの詩人が言うのは、母親が出征する息子たちのために衣を織ったと述べる他の詩人たちの箇所に疑いなく由来している。例えばラウススについて Virgil. Aen. XI, 818；アテュスについて Statius, Theb. VIII, 566；アタランテーの子パルテノパイオスについて同 IX, 691 に見られ、おそらくアキッレウスについてもどこかで同様のことが言われているのであろう。しかしこの箇所においてホメーロスは母の衣に言及していない。
844	2	… 前掲箇所のバルトが *deflere de caede* を作者特有の語法、それどころか極めて異例な言いまわしと見なしているのに対し、全面的に同意すべきかどうか私には分からない。*deflere* は、*declamare*（大声で演説する）、*defatigare*（疲れ果てさせる）、*detonare*（雷鳴を轟かせ尽くす）などが言われるのと同様に、おびただしく泣き、泣くことによって悲しみを満たすという意味で解されるべきである。また *de caede* は *ob* または *propter caedem*（殺戮のゆえに）の代わりに置かれている。…
845	2	… 喪に服して自らに塵を振りかける習俗は、聖書から知られるようにユダヤ人だけでなく、実例は稀であるとはいえギリシア人やローマ人にも行われていたことを、ベルナルティウスが Stat. Theb. III, 50 への注で指摘している。スタティウスはしばしばこれに触れており、とりわけ Theb. VI, 30: « sed et ipse exsutus honore Vittarum nexu genitor, squallentiaque ora Sparsus, et incultam ferali pulvere barbam »。――またフォス版の Catullus in Epithal. Pel. 183 頁を参照せよ: « Canitiem terra atque infuso pulvere foedans »。パリ編者。――われらの詩人はまた、古代人の慣習に従って動詞 *deformat*（姿を損なう、汚す）を用いている。古代人はこのように塵を浴びた者を好んで *informes*（無残な姿の、醜悪な）と呼んだからである。スタティウスの前掲箇所: « haustaque informis arena Questibus implet agros »。そしてコルネリウス・セウェルス「キケローの死について」16 行: « Informes vultus sparsamque cruore nefando Canitiem »。
845	6	… ウェルギリウス『アエネーイス』12, 99 を参照 …
846	2	*Scindit de pectore vestes*（胸から衣服を引き裂く）。喪において衣服を裂くという万民共通のこの習俗を、バルトは注釈の多くの箇所で、とりわけスタティウスの次の箇所（Theb. IX, 353）への注で論証した: « Exsiliit furibunda comis, ac verbere crebro Oraque, pectoraque, et viridem scidit horrida vestem »。同人の Stat. Silv. II, 1, 171 への注記と比較せよ。また Sil. Ital. XIII, 389 を付け加えることができる: « Pulsato lacerat violenter pectore amictus »。
851	2	… なお、バルトは Adv. 2753 頁で、作者は *violentus*（狂暴な男）を罵詈や非難の意で受け取らせようとしたのであり、それゆえそのような語が本来あるべき適切さを欠いて濫用されるようになった時代に書いたように見える、と考えている。しかし私は、ここで罵詈や非難を探し求めるのは無駄であると考える。むしろ大胆不敵で無謀であり、己の力を悪用する者が *violentus* として叱責されているのである。確かに、ここで作者が追随したと思われるオウィディウスも Met. IX, 121 で同様に述べている: « Quo te fiducia, clamat, Vana pedum, violente, rapit »。――ティブルスもマールス自身について IV, 2, 3 で同様に述べている: « at tu, violente, caveto Ne tibi miranti turpiter arma cadant »。そしてオウィディウス『イービス』20 行: « At tibi, calcasti qui me, violente, jacentem »。パリ編者。
852	6	… *victor* は倒置法（ヒュペルバトン）の位置にある（Vollmer はこれをコンマで示す: *istis, victor, in armis*）
854	2	… *Accensus furiis*（狂乱に燃え上がり）は Virgil. Aen. XII, 946。
857	2	ここでラテン・ホメーロス作者は、エトナの火炎やその中にあるウゥルカーヌスの鍛冶場を知らないホメーロスではなく、ウェルギリウス（Aen. VIII, 419 以下）を模倣して *Aetnaeos ignes*（エトナの業火）と名指している。同様にレポシアヌス『マールスとウェヌスの情事』163 行で、ウゥルカーヌスは密通者を縛り上げる鎖を鍛えるために « Antra furens Aetnaea petit »（怒りに狂いてエトナの洞窟へと向かう）。
862	2	*Illic Ignipotens*、すなわちウゥルカーヌス。106 行への注で述べたところを見よ。… 作者は Ovid. Metam. XIII, 110: « Nec clypeus vasti caelatus imagine mundi » を念頭に置いているように思われる。…
864	2	… われらの詩人が疑いなく念頭に置いたオウィディウスの Met. II, 6 に次のようにあるのと同様である: « Aequora caelarat medias cingentia terras »。プリスキアヌス『周航記』の冒頭: « Oceanum, tellus quo cingitur aequore tota »。またわれわれがルキリウスの『エトナ』93 行への注で述べたところと比較せよ。… しかしながら *cinctus circum* は作者によって意味を変えて *circumductus*（巡らされた）あるいは *circumfusus*（周りに注がれた）の代わりに置かれた可能性もあり、したがって *cinctum* におそらく *ductum* や *fusum* を代入することもできよう。Ovid. Met. I, 12: « Et circumfuso pendebat in aere tellus »。――動詞 *cingere* は詩人たちによって、*circumducere*（巡らす）、*circum adponere*（周囲に配する）あるいは *adjungere*（周囲に添える）の意で時折用いられるようである。シリウス VIII, 617: « Non totidem Ilva viros, sed lectos cingere ferrum »；もっともそこでは *gignere ferrum* あるいは *stringere* と読むのを好む者もいる。しかしポムポニウス・メラはまさにわれらの詩人と同じように *cingere* を用いたように見受けられる（第3巻第1章）: « Restat ille circuitus, quem, ut initio diximus, cingit Oceanus »、すなわち「巡らしている（*circumducit*）」。…
865	3	865—67: 『ベレンガリウス事績録』I 108–110 が有する
865	6	865—867: （証言） = 『ベレンガリウスの事績』1, 108–110
868	2	… 詩人たちはルキフェル（明けの明星）とヘスペルス（宵の明星）を名前の上では区別するが、同一の星と認めているからである。――本著作第2巻232頁以下の『マエケーナース哀歌』補論、129-132行に対するわれわれの注を参照せよ。パリ編者。――セネカは『ヒッポリュトス』750行でこれを明瞭に示している: « Qualis est primas referens tenebras Nuntius noctis, modo lotus undis Hesperus, pulsis iterum tenebris Lucifer idem »。同一の星であることを示すため、別のものとして現れるときには早馬を乗り換える（または軽業師のように馬を乗り移る）のだと詩人たちは言う。スタティウスは Theb. VI, 237 で雄弁に語っている: « Roscida jam novies caelo dimiserat astra Lucifer, et totidem Lunae praevenerat ignes Mutato nocturnus equo; nec conscia fallit Sidera, et alterno deprenditur unus in ortu »。したがって、ルキフェルとヘスペルスは乗り換えた馬によって見分けられるため、われらの詩人は両者がそれぞれの馬で昇る（*suis equis*）と述べているのである。もっとも他の諸本、とりわけライプツィヒ版や G. 2 は *aquis*（水から）と書いており、高名なアントン・デ・ローイ（99頁）もそれを好んでいるが。なお、私はルキリウスの『エトナ』の中に、われらの詩人がここで暗示していると思われる詩行が読まれることに気づいた。なぜならその 168 行に: « Hinc furtim Borea atque Noto, nunc unus uterque »；また 239 行に: « Lucifer unde micet, quave Hesperus, unde Bootes » とあるからである。ルキリウスのもう一つの類似の箇所を次の行の注で挙げる。ここから、われらの作者がルキリウスを読んでいたという論拠を容易に引き出すことができよう。
869	2	… ルキフェルとヘスペルス、次いで月が名指されながら、太陽は名指されていない。太陽こそ特に名指されるべきであり、ルキリウスの詩行（『エトナ』）や、作者がこの箇所で忠実に表現しているホメーロス自身（Il. XVIII, 484）においてなされているように、月と結合されるべきであったのに（それゆえ Wernsdorf は *quantus Sol orbe mearet* と推測する）。…
873	2	*Tritonesque feros*（そして野性的なトリートーンたち）。彼らが *feri*（野獣のような）と呼ばれるのは、体の一部が怪獣のようであり、足の代わりに魚の尾を持っているからである。クラウディアヌスも『ホノリウスの婚礼』138 および 145 行でトリートーンを *ferus* および *semifer*（半獣の）と呼んでいる。…
875	2	*Terra gerit silvas*（大地は森を宿す）。この行および次の行において、作者はオウィディウスの次の詩行（Met. II, 15）を念頭に置き、ほぼそのまま表現したように見受けられる: « Terra viros, urbesque gerit, silvasque, ferasque, Fluminaque, et Nymphas, et caetera numina ruris »。
878	2	*Aequus utrisque*（双方に公平な）、すなわち個々の訴訟における原告と被告の双方に対して、ということである。
880	3	880—83: , 85, 88 『ベレンガリウス事績録』I 64–69 が有する（880 は変更なし）
880	6	（証言） *puellae* — 883 『ベレンガリウスの事績』1, 64–67 に採録
884	2	… 作者は天体の調和（ハーモニー）に関する古代人の見解に触れており、これについてはアウグスティヌスに宛てたリケンティウスの詩の冒頭で論じた。
885	6	（証言） = 『ベレンガリウスの事績』1, 68
888	6	（証言） = 『ベレンガリウスの事績』1, 69 (*pendentque*)
889	2	… これらの行で提示されている図像それ自体については、本篇末尾の第三補論（Excursus III）を見よ。
889	6	… armis Ω すなわち盾の上に
891	2	… ［作者は］ウェルギリウスの半行（*Aen.* III, 64: « Caeruleis maestae vittis »）をほのめかしているように思われる。――また運命の女神たち（パルカたち）について、カトゥッルスは『ペーレウスの祝婚歌』(*Epithal. Pel.*) p. 186 Voss. で次のように述べている: « At roseae niveo residebant vertice vittae »。パリ編者。
896	2	… 同様にマロー（ウェルギリウス）の Aen. V, 809 で、ネプトゥーヌスが次のように述べている: « Pelidae forti Congressum Aeneam, nec Dis, nec viribus aequis »。
897	2	… だがバルトはこの箇所について『雑考』(*Adv.*) p. 2809 で、作者が後代のラテン語の慣習に従って *compar* の音節を短縮したのだと指摘している。プルデンティウスが『ロマヌス歌』で « Meatus unus impar ad laudes Dei » としているのと同様である。アウィアヌスも二箇所で同様にこの音節を短縮している。すなわち寓話第 11 篇 5 行: « Dispar erat fragili et solidae concordia motus »、および寓話第 18 篇 10 行: « Tantorum solus viribus impar erat »。
899	2	*Rector aquarum*（水の支配者）、すなわちネプトゥーヌス。アエネーアースがアキレウスと交戦した際に、彼によって救われ戦いから救出されたことは、ホメーロスが『イーリアス』XX, 325 以下で語り、ウェルギリウスの Aen. V, 804 以下でもネプトゥーヌス自身が誇らしげに語っている。
900	2	… ウェルギリウスも、トロイアがラティウムにもたらされた（Aeneid. I, 6）、トロイアがイタリアで再建されるべきである（Aen. III, 504）、イーリオンがイタリアへ運ばれる（Aen. I, 68）と言う際に、このようにしばしば述べている。そしてオウィディウスも、まったくわれらの詩人と同様に、Fast. IV, 251 で歌っている: « Quum Trojam Aeneas Italos portaret in agros »。――われらのオウィディウス版第 6 巻 p. 251 を参照。パリ編者。
901	2	… *Submitteret astris* は、ここから「星々へと送り出す」、あるいは「名声と栄光によって星々へと導く」と解釈することもできるが、私はむしろ、アウグストゥスの血統を生命の中へ、天の下へと生み出すことを意味すると解釈したい。ウェルギリウスが Aeneid. VI, 790 でアウグストゥスの血統について次のように述べているのと同様である: « Hic Caesar et omnis Iuli Progenies, magnum caeli ventura sub axem »。…なお、バルトは前掲箇所でこの詩行から、この詩がローマ人によって、そしてローマが君臨するアウグストゥスたちの下でなお繁栄していた時代に書かれたものであると、正当にも推論している。――バルトのこの見解は、ヴェルンスドルフが『イーリアス梗概』序論（*Prooemium*）の冒頭で報告している。パリ編者。
902	2	… なお、ユリウス氏族が卓越して（κατ᾽ ἐξοχὴν）*clara*（輝かしい）と呼ばれたのは、ホラーティウスやウェルギリウスが言う「ユリウスの星（カエサルの彗星）」あるいは「ディオネーの星」の出現によって、ひときわ明示されたと考えられていたからである。――われらの詩人は、ウェルギリウスの流儀に倣ってアエネーアースをユリウス氏族の始祖と呼んでいる。ウェルギリウスは Aeneid. XII, v. 166 で « Hinc pater Aeneas Romanae stirpis origo » と歌い、また Aen. I, 286 では « Nascetur pulchra Trojanus origine Caesar Julius, a magno demissum nomen Iulo » と歌っている。
904	2	… *modus* はしばしばいかなる大きさや尺度に対しても用いられる語であり、ホラーティウスが Sat. II, 2, 36 で « Scilicet illis Majorem natura modum dedit »、同 II, 6, 1 で « modus agri non ita magnus » としているのと同様である。
909	6	… stringuntur … ウェルギリウス『アエネーイス』8, 62 を参照
915	6	Expatiatur … (オウィディウス『変身物語』1, 285 を参照) …
917	2	… スタティウス『テーバイス』II, 671: « Tardatique gradus »。もっとも、動詞 *praetardo* は辞書に見当たらないようである。
921	2	… すなわち、支えた、力づけたということである。G. 2 は *Imbribus*, *ignibus*, *fluctibus undae* を掲げる。なおユーノーがアキレウスを助けたのは、彼の救援のためにウュルカーヌスを奮起させ、河の堤と平野を焼き払わせたことによる。
921	4	… 筆者としてはクーテンの提案に従って ignibus を保持した。『イーリアス』XXI, 342, 356, 361, 365 を参照。…
921	6	… ignibus は asseruit と結びつけるべし (Thesaurus II p. 864 を参照)。倒置法については 573行 natus, 852行 uictor を参照
922	2	… この詩行において作者は、ホメーロスの『イーリアス』XXI, vv. 385–515 で神々と女神たちがトロイア勢を巡って戦う争いや戦闘――マールスとミネルウァ、ネプトゥーヌスとアポッローン、ユーノーとディアーナ――について、いかにもあまりに簡潔にしか触れていない。
927	2	… *Vires successus adauget*（成功が力を増す）は、作者が上の 494 行および 765 行で *geminat victoria vires*（勝利が力を倍加させる）と述べたのと同じことである。
929	2	… ――*Exhausta paene salute*（安全［救い］がほとんど尽き果てて）、すなわち、彼らがほとんど滅びかけ、安全への希望のほぼすべてが消え失せていたとき。ウェルギリウスでは « absumpta salus »（奪い去られた救い、Aen. I, 555）と言われている。
930	2	681 行を見よ。パリ編者。
935	2	… したがって *in caelestibus armis*（天上の武具を身にまとって）はウュルカーヌスによって鍛造されたアキレウスの武具と理解すべきであり、マロー（ウェルギリウス）が Aen. XII, 167 でアエネーアースについて « Sidereo flagrans clypeo et caelestibus armis » と述べているのと同様である。そしてヘクトールが武具に輝くアキレウスを見て恐怖を抱いたことは、ホメーロスが『イーリアス』XXII, 136 で伝えている。
936	2	… そして彼の主張が正しいことは、ホメーロスを調べれば容易に理解される。ホメーロスは、作者が 947 行で伝えているもの以外のパラスの顕現を伝えていないからである。…
938	2	… 下の 975 行でも彼は同様に *Nereius* と呼ばれており、サレイウス［・バッスス］も『ピーソーへの詩』(*Carm. in Pis.*) 164 行でその名を用いている。…
939	2	… この詩行は、諸刊本にあるのとは異なって句読点を打ち、後続の行と結びつけられるべきものであり、夢を見ている者たちとの比喩を含んでいる。これはホメーロス（『イーリアス』XXII, 199 以下）およびウェルギリウス（Aen. XII, 908）が用いたもので、走って他者に追いつくか、あるいは他者から逃げているように思えるのに、眠りに圧迫されて気だるく何も果たせない夢想者のことである。われらの詩人は両者の箇所を念頭に置き、一部を模倣しようとしたように思われるが、成功していない。
941	2	… 作者は同じ比喩におけるマロー（ウェルギリウス）の思想（Aeneid. XII, 909: « nequidquam avidos extendere cursus Velle videmur, et in mediis conatibus aegri Succidimus »）を表現しようとしたものと思われる。
942	2	… *Insistere coepta* はここでは逃走を追撃すること、走って追いつめようとすることを意味し、ウェルギリウスが Georg. III, 164 で *viam insistere*（道を進む）と言ったのと同様である。…
942	6	… 私は次のように解する: ヘクトールもアキレウスも命の危機に瀕していた
943	2	… というのも、双方の英雄が相手に打ち負かされるのを恐れるあまり、この恐れが彼らの怒りを研ぎ澄まし、抗争を高めるからである。… そしておそらくわれらの詩人は、オウィディウスが Metam. I, 539 で描写した、アポッローンに追われるダプネーの逃走を念頭に置いていたのであろう: « Sic Deus et virgo est: hic spe celer, illa timore. Qui tamen insequitur, pennis adjutus amoris Ocior est, requiemque negat, tergoque fugacis Imminet »。
946	2	… しかしこれは同語反復的（ταυτολόγως）であり、あまり優雅ではない。とりわけ *suprema* という語が二度置かれている点においてである。…
952	2	*Intonat armis*（武具を轟かせる）はウェルギリウスの表現である（Aen. XII, 700）。
953	2	*Nequidquam umbone repellit*（盾の突起で空しく押し返す）。Virg. Aeneid. II, 545: « rauco quod protinus aere repulsum, Et summo clypei nequidquam umbone pependit » と同様である。
954	2	*Mutat congressibus ictus*（組み打ちにおいて打撃を変化させる）、すなわち、組み合いながら打撃をあれこれと違った仕方で繰り出す。これはナソー（オウィディウス）が Metam. IX, 42 で次のように述べている交互の組み打ちのことである: « Digredimur paullum, rursumque ad bella coimus »。…
955	2	*Sudor agit rivos*（汗が川をなす）。Virgil. Aen. V, 200: « sudor fluit undique rivis »、および 804 行を見よ。
956	2	*Collatusque haeret*（身を寄せ合って離れない）。Virg. Aen. X, 361: « Concurrunt, haeret pede pes, densusque viro vir »。しかし詩人はむしろオウィディウスの Metam. IX, 44 を念頭に置いていた: « eratque Cum pede pes junctus: totoque ego pectore pronus Et digitos digitis, et frontem fronte premebam »。…
962	2	… なぜならここではウルカヌス作の武具のことが論じられており、それが黄金で鍛造されたと、われらの詩人は上の 858 行で述べているからである。また古代の英雄たちが黄金を彫り施した盾を携えることも稀ではない。Ovid. Metam. VIII, vs. 26: « Seu sumpserat auro Fulgentem clypeum, clypeum sumpsisse decebat »。
963	2	… これは幾分唐突に見え、何か行が脱落したのではないかと疑われるほどである。というのも、直前では投げられた槍のことが語られていたのに、ここでは *mucro*、すなわち剣の切先のことが語られているからである。そして *Dissiluit* において作者は、Virg. Aen. XII, 739 でトゥルヌスに起こったこと、すなわち « postquam arma Dei ad Vulcania ventum est, Mortalis mucro, glacies ceu futilis, ictu Dissiluit » を表現しているかのように見える。しかしここで、黄金によって曲げられた（すなわち、刃こぼれした、あるいは逸らされた）切先は、砕け散った（粉々に散った）とは言えず、むしろ落ちた（*decidisse*）と言うべきである。…
965	2	… これを「剣を手に対峙した両者は、互いに一撃を躱し合い傷を負わないよう、長い間激しく切り結ぶ」と解釈する。実際、その後ヘクトールは再び退却して逃亡するからである。… … ――*Mutare ictus*（打撃を交わす）または *commutare enses*（剣を交わす）という表現は、クラウディアヌスの『ホノリウスとマリアの婚礼について』(*de Nupt. Hon. et Mar.*) 86行における « permutare radios »（光線を交わす）と同様の理路で言われていると思われる。すなわち、互いに交錯する一撃を繰り出し、また打ち返すということである。剣も光線も同様に互いを掠め、また掠められ、閃いては打ち返し合い、それゆえに「交換される」のである。パリ編者。
970	2	… ――*quid agat?*（彼はいかにすべきか？）という定型表現については、本著作第2巻、哀歌第12歌37行、301頁の注記を参照すべきである。そして、ここで *quae numina supplex Invocet?*（伏して願うにいかなる神々に祈るべきか？）と言われているのと同様に、上掲のレポシアヌス145行でも « Quod numen poscat? » とある。パリ編者。
974	6	… alto … ウェルギリウス『アエネーイス』10, 464 を参照
976	2	… ここでは、他所なら *proturbatum*（遠くへ追い立てられた）と言うべきところを *turbatum procul*（混乱のうちに遠くへ追いやられた）と述べている。
982	2	… 後続の *Te Priamus* にも同時に係ることになって、見事な漸層法（グラダーティオー）をなしている。
987	2	… というのも、われらの詩人は子の代わりに *corpus* を置くのを常としているからである。90行を見よ。
990	2	… これがホメーロスの言葉 Iliad. XXII, 346 に合致すると考えている。メラニッポスの頭部と脳を噛み砕いたテューデウスの例（スタティウスが Theb. VIII, 755 以下で伝えている）に倣って、バルトは前掲箇所でこの言語に絶する残虐行為の事例を歴史から数多く集めている。…
995	2	… おそらくこれはウェルギリウスの Georg. IV, 489 のあの句から模取されたものであろう：« Ignoscenda quidem, scirent si ignoscere Manes »。またカルプルニウス VIII, 38：« Si sentire datur post fata quietis »。
997	2	… *nondum satiatus*（いまだ満ち足りず）という言葉に接して、私は Anthol. Lat. 第1巻94に収められ、『ヘクトールの引きずりについて』と題されたエピグラムを思い起こす：« Funere turbat equos necdum satiatus Achilles, Hector et exanimis funere turbat equos »。このエピグラムにおいて私は *turbat*（かき乱す／怯えさせる）という語に違和感を覚えるが、われらの要約者（エピトマートル）と照らし合わせるならば、誰もがこれが誤って用いられていると考えるであろう。なぜならわれらの詩人は1000行で、アキレウスの馬たちが取り乱したり怯えたりしたのではなく、むしろヘクトールの遺骸によってより誇らしげに、より高く歩みを進めたと述べているからである。それゆえおそらく *turbat* の代わりに、Statius, Achill. I, 88: « modo crassa exire vetabit (Achilles) Flamina, et Hectoreo tardabit funere currus » の例に倣って、*tardat*（遅らせる）と読むべきかもしれない。
999	2	*Ter circum muros victor trahit*（勝者は三度城壁の周りを引きずり回す）。ここでわれらの作者は再び、ホメーロスその人からではなく、Aen. I, 483 で « Ter circum Iliacos raptaverat Hectora muros » と述べたウェルギリウスに依拠してホメーロスを再現している。しかしホメーロス自身は、戦車に結びつけられたヘクトールがアキレウスによって引きずり回されたのは、トローイアの城壁の周りではなく、パトロクロスの塚の周りを三度であったと記している。他の古代ギリシアおよびラテンの詩人たちも城壁の周りを引きずられたと伝えているが、「3度」という数については沈黙している。Ovid. Metam. XII, 591 および in Ib. 336 を見よ。ピエール・ベールは『歴史批評辞典』(*Diction.*) の項目「アキレウス」（*Achille*）、注 H において、ウェルギリウス以後の詩人の中でこれを伝えているのは唯一『イリアス・ラティーナ』の作者のみであると指摘し、さらにアウソニウスもホメーロス『イリアス』第22巻の要約（ペリオカ）で同じことを行っており、そのためにマリアンジェロ［・アックルシオ］から非難されたと付言している。このような特異な点におけるアウソニウスとわれらのホメーロス詩人との一致は、仮にこの要約詩（エピトメー）の作者がアウソニウス自身でないとしても、少なくとも『ペリオカ』の作者と同一人物であると推測させ得るほどのものである（もっとも『ペリオカ』がアウソニウスに帰属されること自体、それほど確実というわけではないが）。
1000	2	*Fert domini successus equos*（主人の成功が馬たちを高揚させる）。バルトは『雑考』(*Adv.*) 2809 頁で、これは見事に、またホメーロス風に表現されていると考えている。というのも詩人たちは英雄の馬たちを、ある種の未来の予兆を知るものとするからである。バルトは Stat. Theb. I, 275、および『プロセルピナの略奪』(*de Raptu Proserp.*) 第1巻の最終行への注でも同様のことを記している。クラウディアヌスの de Cons. Olybr. 4行の次の句にも同様の言いまわしが見られる：« Blandius elato surgant temone jugales »。…
1005	2	*Pompasque ad funera ducit*（葬礼へと行列を導く）。Virg. Georg. III, 22: « solennes ducere pompas Ad delubra juvat »。
1005	6	ad funera … ウェルギリウス『農耕詩』3, 22 を参照
1006	2	ここでは確かに、流布本の読異はヘクトールの四肢がパトロクロスの塚の周りを三度引きずり回されたと述べており、ホメーロス自身も Iliad. XXIV, 16 でそう述べている。…なぜなら、後代の詩人たちがウェルギリウスに従って、ホメーロスの伝えるパトロクロスの塚の周りの3度の引きずり回しから、トローイアの城壁の周りの同数の引きずり回しを作り出した可能性が高いからである。われらの詩人は上にすでにそれを述べている以上、この箇所で再びそれを示したとは考えられないからである。
1008	2	… ここで論じられているのは戦車競走（競馬）のことであり、そこではディオメーデースがメリオネースを破ったのだが、ここではメリオネースが足において獰猛（*pedibus ferox*）、あるいはライプツィヒ版にあるように敏捷（*velox*）と不条理にも言われている。（Wernsdorf は *equorum* の代わりに *ferorum* を用いた *Tydides circi cursu pedibusque ferorum Merionem superat* を推測する。）…
1011	2	*Superavit Epeus*（エペイオスが打ち勝った）：ドルプとファン・デル・デュッセンはこのように校訂しており、ホメーロスも Iliad. XXIII, 665 でそう教えている。…
1012	2	Polypoetes：ホメーロス Iliad. XXIII, 836 に拠る。…
1016	2	*Miseranda querelas Infelix*（哀れにも悲嘆に暮れる不幸な女）。われらの詩人は、一方が副詞的に解釈されるべき場合に形容語句（エピテトン）を重ねるのを常としており、ここでの *miseranda* はすなわち *miserandum in modum*（哀れを誘うように）の意である。同様の用法は1021行でも再び現れる。
1018	2	*De pectore vestes*（胸から衣服を）。846行を見よ。
1019	2	*Tanto spoliata viro*（これほど偉大な夫を奪われ）。Ovid. Met. XIV, 839: « Praecipuum matrona decus, dignissima tanti Ante fuisse viri conjux » とあるのと同様である。
1020	2	*In uno Hectore caussa Phrygum*（ヘクトール一人のうちにフリュギア人の大義／命運がある）：ペンタディウスの『ヘクトールの塚にて』(*in tumulo Hect.*) に « Occubuere simul spesque salusque Phrygum » とあり、またアウソニウスの『英雄たちの墓碑銘』(*Epitaph. Her.*) XIV に « Hectoris hic tumulus, cum quo sua Troja sepulta est. Conduntur pariter, qui periere simul » とあるのと同様である。1040行および1054行を参照。…
1023	2	… 作者は上の 933 行でも同一の構文を用いている。
1028	2	… ホメーロスにおいて（Iliad. XXIV, 486 以下）、プリアモスの演説はラテン語ホメーリストにおけるこの演説とはまったく異なっており、ラテン語詩人はこの箇所でも他の箇所と同様に自ら詩人たらんとしたのである。しかし私の考えでは、ホメーロスのあの神的な Μνῆσαι πατρὸς σοῖο（汝の父を思い起こされよ）には遠く及ばない。
1031	6	… mitissimus … だがオウィディウス『変身物語』14, 587 を参照
1032	2	… 私は何も改めるべきではないと考え、バルト（スタティウス註釈、第3巻394頁）とともに、*adflicti genibus* を「あなたの膝元に打ちつけられた、あたかも何らかの力で押しつけられた」と説明する。スエトニウスの Jul. 20 に « ad genua accidere »（膝元に倒れ伏す）と読まれるのと同様である。
1037	2	… 作者は、殺されたパッラスの父が Virg. Aeneid. XI, 180 で語る言葉からこれを創作したように思われる: « Non vitae gaudia quaero, Nec fas, sed nato Manes perferre sub imos »。
1038	2	… オウィディウスの Met. IX, 179 にも類似の思想がある: « diris cruciatibus aegram Invisamque animam, natamque laboribus aufer, Mors mihi munus erit »。…
1039	2	… バルトは『雑考』(*Adv.*) 2810 頁で流布本の *de funere* に固執し、プリアモスが息子の殺害後に自らを屍（*funus*）と呼んでいると考え、それはウェルギリウスが『キリス』(*Ciris*) においてある老女を骸（*cadaver*）と呼んだのと同様であるとする。Wernsdorf は *de corpore* を選ぶが、それはより優れた諸写本に依拠しているとともに、息子を *corpus* と呼ぶことの多い作者の文体にも合致するからである。90 行および 987 行を参照。
1041	2	*Sortis reminiscere victor Humanae*（勝者よ、人の身の運命を思い起こせ）。この思想が、われらの作者の他の多くの箇所と同様に、オウィディウスの Trist. III, 11, 67 の言葉をほのめかしていることは明白である: « Humanaeque memor sortis, quae tollit eosdem, Et premit, incertas ipse verere vices »。オウィディウスから借用されたこの同じ言葉を、アウソニウスが『イーリアス摘要』第24巻で用いている。ユピテルはテティスを息子のもとへ遣わし、死者に対して荒れ狂うのをやめ、息絶えた敵において人間の運命を畏れよという指示を与える。この末尾の語句は誤脱または不完全に見えるが、オウィディウスの言葉から補って *fatique hominum vices ... vereatur* と校訂するのが最善である。実に、われらの作者とアウソニウスがここで提示しているような思想は、マリアンゲルスとウィネトゥスがかつてアウソニウス註釈で指摘したように、ホメーロスにはまったく見られない。ホメーロスからの離脱においても、オウィディウスの思想の採用においても、両者の一致は実に注目に値し、おそらく両作品の作者が同一人物ではないかという疑いを抱かせるに足るものである。
1045	2	*Post haec sua dona reportat*（こののちプリアモスは自らの賜物を持ち帰る）。バルトはスタティウス註釈の前掲箇所で、この語句が健全であるか疑っている。というのも、ホメーロスにおいてアキッレウスが運ばれてきた贈り物をプリアモスに返還したなどということは決してなく、それどころか贈り物ゆえにヘクトールの遺体を返還するのだと公言しているからである。そこでバルトは *sua dona reportat Achilles, It patriam Priamus*（アキッレウスは自らの贈り物を持ち去り、プリアモスは祖国へと向かう）と書くことを欲している。しかし私は、その点にこだわる必要はないと考え、*dona*（賜物）によって、プリアモスに与えられたヘクトールの遺体そのものが意味されていると解する。
1045	6	… dona すなわちヘクトールの遺体
1048	2	… しかしバルトはスタティウス註釈、第3巻395頁でルタティウスの読異に異議を唱え、ヘクトールとともに火葬されたのは断じてトロイア人の遺体であって、ギリシア人のものではないと主張している。彼が考えるには、古代人においては敵が同一の火葬塚に葬られることのないよう厳重な宗教的配慮がなされていたこと、ギリシア人が埋葬のために自軍の遺体をきわめて熱心に回収したことは明白であるからプリアモスの手元にギリシア人の遺体は存在しなかったこと、さらに生きた虜囚を犠牲にすることは恩知らずのプリアモスに対するアキッレウスの激しい怒りを招く大きな危険なしにはあり得なかったこと、がその理由である。そして実に、作者はこの件においてヘクトールの葬儀に関するホメーロスの記述から離脱しており、パトロクロスの火葬塚に関するホメーロスの別の記述（Il. XXIII, 171）や、パッラスに捧げられた追悼供儀に関するマローの記述（Aen. XI, 80 以下）に合わせて自らの物語を構成したように思われる。しかしながら、最善の諸写本によって裏づけられている *corpora Graium* という読みは、バルトによって決して退けられるべきではなく、もしそこに何らかの誤りがあるとしても、それは写字生たちの誤りではなく作者自身の過誤である。またバルトが *Troum* と読むべきだとする論拠のすべてに私が賛同できるわけでもない。――*corpora Graium* という読みは、シュラーダーによっても擁護されている（『考察集』第1巻第5章61頁）。パリ編者。
1048	3	1048—51: Lactantius が Statius Theb. VI 121 への注で引用（「ホメーロスはヘクトールの葬儀において言う」）
1048	6	1048/50: （証言） この事柄についてラクタンティウスがスタティウス『テーバイデ』6, 121 の註解で引用 …
1049	2	… ――火葬塚に戦車やラッパが加えられたと付け加えている点については、ホメーロスにはまったく見られないものであり、おそらくウェルギリウスから不適切に借用されたものであろう。ウェルギリウスはミーセーヌスの墓について Aen. VI, 232 で次のように述べている: « Imponit suaque arma viro, remumque, tubamque »。しかしウィクトルは『ローマ民族起源論』第9章において、ウェルギリウスのその箇所を引用しつつ、ホメーロスによればトロイア時代にはラッパの使用は知られていなかったと指摘している。
1052	2	*Stant circum Iliades*（トロイアの女たちが周りに立つ）。ウェルギリウスはポリュドーロスとパッラスの葬儀においてこの慣習が遵守されたことを、Aen. III, 65 および XI, 35 の次の行で示している: *Stant circum Iliades crinem de more solutae*。したがって、われらの詩人が用いる *abrumpere crines*（髪を引きちぎる）は、ウェルギリウスの *solvere crines*（髪を解く）と同じ意味である。
1056	2	*Flamma namque Ilion illa*（実にイリオスはその炎によって燃えていた）。338 行を参照。
1061	2	… Virg. Aen. VI, 226: « Postquam collapsi cineres, et flamma quievit »。われらの詩人が *robora flammae*（炎の威力／樫材）と呼んでいる表現を、他の誰かが用いたかどうか私は知らない。しかし *robora* は、火葬塚に組み上げられ、火によって焼き尽くされて灰へと崩れ落ちた樫材のことと理解することもできる。マローがミーセーヌスの火葬塚について Aen. VI, 213 で次のように述べているのと同様である: « pinguem taedis et robore secto Ingentem struxere pyram »。
1063	2	… ――シドニウス・アポリナリスも同様に歌っている（Carm. 2）: « Siste, Camena, modos tenues, portumque petenti Jam placido sedeat mihi carminis anchora fundo »。パリ編者。
1064	2	*Calliope*。作者がここでホメーロスの詩行の外側において自らのためにムーサに語りかけていることは、彼がホメーロスの『イーリアス』をラテン語に要約するにあたり、自身の才知と詩人としての務めの双方を発揮したことを示そうとしているように思われる。私はそのことを彼から全面的に否定しようとは思わない。――*Moderare carinam*（船の舵を取れ）。詩人たちが自らの作品を航海になぞらえ、あるいは戦車や四頭立ての二輪戦車になぞらえるのは、実に通例のことであり、スタティウス（Silv. IV, 4, 99）、ネメシアヌス（Cyneg. 59）、クラウディアヌス（『プロセルピナ略奪』第1巻序文）などによってもなされている。しかし、ここでエピローグのほぼ全体を占めている航海の寓意は、この詩の作者が、『ラテン詩文選』(*Anthol. Lat.*) 第3巻エピグラム62に収められ、われわれがこの詩に関する証言集（『テスティモニア』）にも収録した、あの航海に関するエピグラムの作者と同一人物である可能性を少なからず高めている。そのエピグラムにおいて作者は、海辺の別荘で『イーリアス』すなわちトロイア戦争を描き記したと述べ、同時に海の危険と田園の平穏とを対比しているのである。この問題については、われわれは序論（『プロエミウム』）においてさらに詳述した。
1065	2	… ――*Paucis remis*（わずかな櫂で）とは、少数の櫂を用いる小さな小舟で、の意である。オリュンピウス『狩猟詩』(*Cyneg.*) 59: « Dum non magna ratis vicinis sueta moveri Litoribus, tutosque sinus percurrere remis »。――またクラウディアヌス前掲箇所（本叢書版第2巻182頁以下、パリ編者）: « Qui dubiis ausus committere flatibus alnum, Quas natura negat, praebuit arte vias, Tranquillis primum trepidus se credidit undis, Litora securo tramite summa legens »。パリ編者。
1067	2	*Submitte rudentes*（索具を降ろせ）：帆を縮めて降ろせ、の意。ウェルギリウスが Georg. IV, 116 で次のように述べたのと同じである: « extremo ni jam sub fine laborum Vela traham, et terris festinem advertere proram »。またスタティウスが『テーバイス』の完成について Silv. IV, 4, 89 で述べているのと同様である: « Jam Sidonios emensa labores Thebais optato collegit carbasa portu »。
1068	2	*Sanctaque virgineos lauro redimita*（月桂樹で乙女の髪を飾られた聖なる者よ）。いつもの習いとして、作者はムーサたちの隊伍を二重の修飾辞で飾っている。――1016 行および 1021 行の注を参照。パリ編者。
1069	2	われらの詩人が複数形で *lyras*（リラ琴）と言ったことについて、バルトは『雑考』(*Adv.*) LVIII, 14, 2753 頁で、これは正統なラテン語ではないと断定している。私としてはこれをにわかに断定することは控えたい。むしろ次の点に注意を促したい。すなわち *lyra* や *chelys* は常に抒情詩についてのみ用いられるわけではなく、他の詩、とりわけ叙事詩についても言われるということである。スタティウスの Silv. II, 2, 114 に見られる通りである: « Seu nostram quatit ille chelyn, seu dissona nectit Carmina »（彼は叙事詩のヘクサメトロスとエレゲイアの詩行を意味している）。――*adsis* の代わりに *Ades, inclyta Pallas*。パリ編者。
1069	3	Ipsa（= era、すなわち Calliope）…
1070	2	*Jam, Phoebe, peracto*（ポエブスよ、今や詩人の航海が終わりて）。これらの言葉によって、作者はポエブスを祈願した 165 行を振り返っているように思われる。パリ編者。
