verse	edition	headword	headword-ja	form	description
1	4	ACHILLES	アキレウス	Pelidae	Pelidae:驕れるペレウスの子の怒り
1	4	DIVA	女神	Diva	(すなわちムーサ)
1	6	Baebius	バエビウス		および 1—8 行のアクロスティックを参照
1	6	Diva	女神	Diva	Diva 1:ムーサ
1	6	Pelides	ペリデス	Pelidae	-dae . . . superbi 1
2	4	GRAI	ギリシア人	Grais	Grais:アキレウスの怒りが哀れなギリシア人に死をもたらした
2	6	Graius	ギリシアの	Grais	Grais 2. 277. 614
3	6	Orcus	オルクス	Orco	animas . . . tradidit Orco 3
6	6	Iuppiter	ユピテル	regis	summi . . . regis 6. 105
8	4	ACHILLES	アキレウス	Achilles	主格、主語として:戦で名高く、アガメムノンに怒る
8	4	AGAMEMNON	アガメムノン	Atrides	Atrides:笏を持つ者、アキレウスに怒る
8	6	Achilles	アキレウス	Achilles	bello clarus -es 8
8	6	Atrides (Agamemno)	アトリデス（アガメムノン）	Atrides	sceptriger -es 8
10	4	APOLLO	アポロ	proles	Proles Jovis et Latonae:ユピテルとラトナの子
10	4	GRAI	ギリシア人	Pelasgum	Pelasgum:ペラスゴイの王に敵意を抱くアポロ
10	4	JUPPITER	ユピテル	Jovis	Jovis 属格:偉大なユピテルの子(アポロ)
10	4	LATONA	ラトナ	Latonae	Latonae et Jovis proles:ラトナとユピテルの子
10	6	Agamemnon	アガメムノン	regi	Pelasgum . . . regi 10 を参照
10	6	Iuppiter	ユピテル	Iovis	属格:magni proles . . . Iovis 10:アポロ
10	6	Latona	ラトナ	Latonae	Latonae et magni proles Iovis 10:アポロ
10	6	Pelasgi	ペラスゴイ	Pelasgum	-um . . . regi 10
12	4	GRAI	ギリシア人	Danaorum	Danaorum:アポロはダナオイの身体を病に巻き込んだ
12	6	Danai	ダナオイ	Danaorum	-orum 12
13	4	CHRYSES	クリュセス	Chryses	奪われた娘のために泣く
13	6	Chryses	クリュセス	Chryses	Chryses 13
14	6	Chryseis	クリュセイス	natae	raptae . . . natae 14 を参照
18	6	Chryses	クリュセス	fletus	patrios . . . fletus 18
19	4	AGAMEMNON	アガメムノン	Atridae	Atridae 属格:クリュセスはその膝元にひれ伏す
19	4	GRAI	ギリシア人	Danaum	Danaum:クリュセスはダナオイの陣営を目指す
19	6	Atrides (Agamemno)	アトリデス（アガメムノン）	Atridae	-dae 属格:19
19	6	Danai	ダナオイ	Danaum	-um(属格):19. 50. 67. 124. 153. 251. 268. 357. 389. 496. 631. 686. 691. 698. 705. 743. 747. 794. 1025
21	6	Chryseis	クリュセイス	nata	nata 21. 42
23	4	CHRYSEIS	クリュセイス	Chryseida	Chryseida:ミュルミドンは彼女を父に返すべきだと考える
23	4	MYRMIDONES	ミュルミドン	Myrmidones	クリュセスの涙に打ち負かされ、娘を返すべきだと考える
23	6	Chryseis	クリュセイス	Chryseida	-da 23. 56. 64
23	6	Chryses	クリュセス	patri	patri 23 を参照
23	6	Myrmidones	ミュルミドン	Myrmidones	Myrmidones(すなわちギリシア人)23
24	4	AGAMEMNON	アガメムノン	Atrides	— クリュセイスを返すことを拒む
24	4	CHRYSES	クリュセス	Chrysen	Chrysen:アガメムノンはクリュセスに陣営から去るよう命じる
24	6	Atrides (Agamemno)	アトリデス（アガメムノン）	Atrides	-es 24. 510(?) 663
24	6	Chryses	クリュセス	Chrysen	-en 24
27	4	PHOEBEIUS	ポエブスの	Phoebeia	Phoebeia templa:ポエブスの神殿
27	6	Chryses	クリュセス	sacerdos	sacerdos 27. 35
27	6	Phoebeius	ポエブスの	Phoebeia	Phoebeia templa 27
31	4	APOLLO	アポロ	Fatidici	Fatidicus Fatidici:クリュセスは予言の神の耳に言葉で呼びかける
31	6	Fatidicus	予言の	Fatidici	Fatidici . . . aures 31:アポロの
32	4	APOLLO	アポロ	Delphice	Delphicus Delphice(クリュセスが奪われた娘について嘆く)
32	6	Delphicus	デルポイの	Delphice	Delphice 32:おおアポロよ
35	6	Chryses	クリュセス	sacerdos	sacerdos 27. 35
36	6	Chryses	クリュセス	senectae	desertae . . . senectae 36
42	6	Chryseis	クリュセイス	nata	nata 21. 42
42	6	Chryses	クリュセス	patrem	patrem 42
43	6	Agamemnon	アガメムノン	hostis	hostis duri 43
44	6	Chryses	クリュセス	vatis	vatis 44
45	4	GRAI	ギリシア人	Danaos	Danaos:アポロはダナオイを悲しみで苦しめる
45	6	Danai	ダナオイ	Danaos	-os 45. 492. 659. 808. 912. 950. 1001
46	4	GRAI	ギリシア人	Grajum	Grajum:ギリシア人の群れが四方から押し寄せる
46	6	Graius	ギリシアの	Graium	vulgus . . . Graium 46
50	4	ACHILLES	アキレウス	Achilles	— 名高く、カルカスが疫病の原因を明かすよう、ギリシアの将たちを呼び集める
50	4	GRAI	ギリシア人	Danaum	— アキレウスはダナオイの首領たちを集会に呼び集める
50	6	Achilles	アキレウス	Achilles	clarus -es 50
50	6	Danai	ダナオイ	Danaum	-um(属格):19. 50. 67. 124. 153. 251. 268. 357. 389. 496. 631. 686. 691. 698. 705. 743. 747. 794. 1025
52	4	CALCHAS	カルカス	Calchas	神々の神意を問う
52	4	CALCHAS	カルカス	Thestoriden	Thestorides Thestoriden:アキレウスはテストルの子に疫病の原因を述べるよう促す
52	6	Calchas	カルカス	Calchas	予言者カルカス:52. 152
52	6	Thestorides	テストリデス	Thestoriden	Thestoriden 52. 59:カルカス
54	4	ACHILLES	アキレウス	Achillis	Achillis:彼の庇護のもとで安全に、カルカスは疫病の原因を明かす
54	6	Achilles	アキレウス	Achillis	-is 54. 689. 719. 806
55	4	APOLLO	アポロ	Phoebi	Phoebi:敵意あるポエブスの神威を宥めよう(カルカスが語る)
55	6	Phoebus	ポエブス	Phoebi	infesti . . . numina Phoebi 55. 68
56	4	CHRYSEIS	クリュセイス	Chryseida	— 彼女を貞潔なまま父に返そう(カルカスが語る)
56	6	Chryseis	クリュセイス	Chryseida	-da 23. 56. 64
56	6	Chryses	クリュセス	patri	pio . . . patri 56. 64
57	4	DANAUS	ダナオイの	Danai	形容詞:Danai salutis
57	6	Danai	ダナオイ	Danai	呼格:57
58	6	Agamemnon	アガメムノン	regis	rex 58. 134. 691
59	4	CALCHAS	カルカス	Thestoriden	— アガメムノンは苦い言葉で彼を責める
59	6	Thestorides	テストリデス	Thestoriden	Thestoriden 52. 59:カルカス
60	4	ACHILLES	アキレウス	Achillem	Achillem:アガメムノンは偉大なアキレウスを咎める
60	6	Achilles	アキレウス	Achillem	magnum . . . -em 60. 72. 934
61	6	Achilles	アキレウス	ducis	ducis invicti 61
63	6	Chryseis	クリュセイス	amores	invitos . . . amores 63
64	4	CHRYSEIS	クリュセイス	Chryseida	— アガメムノンは彼女を手つかずのまま父に返す
64	6	Chryseis	クリュセイス	Chryseida	-da 23. 56. 64
64	6	Chryses	クリュセス	patri	pio . . . patri 56. 64
65	4	ULIXES	ウリクセス	Ulixes	皆に知られた者、クリュセイスを祖国に連れ帰る
65	6	Vlixes	ウリクセス	Vlixes	cunctis notus -es 65
66	6	Chryse	クリュセ	arces	(都市クリュセ)patrias ad arces 66
67	4	GRAI	ギリシア人	Danaum	— クリュセイスが父に返されると、ウリクセスはダナオイの艦隊に戻る
67	6	Danai	ダナオイ	Danaum	-um(属格):19. 50. 67. 124. 153. 251. 268. 357. 389. 496. 631. 686. 691. 698. 705. 743. 747. 794. 1025
68	4	APOLLO	アポロ	Phoebi	— クリュセイスが父に返されると、神威が宥められる
68	6	Phoebus	ポエブス	Phoebi	infesti . . . numina Phoebi 55. 68
69	4	GRAI	ギリシア人	Achivis	Achivis:[アカイア人に力が戻される]
69	6	Achivi	アカイア人	Achivis	-is 69. 387
70	4	AGAMEMNON	アガメムノン	Atridae	Atridae 与格:クリュセイスへの熱情が彼から去らない
70	4	CHRYSEIS	クリュセイス	Chryseidis	Chryseidis:クリュセイスへの熱情がアガメムノンから去らない
70	6	Atrides (Agamemno)	アトリデス（アガメムノン）	Atridae	-dae 与格:(一部の写本では -di)70
70	6	Chryseis	クリュセイス	Chryseidos	-dos (-dis trad.) . . . ardor 70
71	6	Chryseis	クリュセイス	amores	amissos . . . amores 71
72	4	ACHILLES	アキレウス	Achillem	— 同じ者が偉大なアキレウスからブリセイスを奪う
72	4	BRISEIS	ブリセイス	Briseide	Briseide:アガメムノンはアキレウスからブリセイスを奪う
72	6	Achilles	アキレウス	Achillem	magnum . . . -em 60. 72. 934
72	6	Briseis	ブリセイス	Briseide	-ide privat Achillem 72
74	4	ACHILLES	アキレウス	Aeacides	Aeacides:猛々しく、抜き身の剣でアガメムノンに向かう
74	6	Aeacides (Achilles)	アエアキデス（アキレウス）	Aeacides	ferus -es 74. [844]
75	4	AGAMEMNON	アガメムノン	Atriden	In Atriden:アキレウスはアトレウスの子に向かう
75	6	Atrides (Agamemno)	アトリデス（アガメムノン）	Atriden	-dēn 75
76	6	Briseis	ブリセイス	munera	munera militiae 76 を参照
78	4	ACHILLES	アキレウス	Achillem	— パラスは、アキレウスが剣でアガメムノンに向かわぬよう、手で押さえる
78	4	MINERVA	ミネルウァ	Pallas	Pallas 主格:貞潔な女神は、アキレウスが剣でアガメムノンに向かわぬよう手で押さえる
78	6	Achilles	アキレウス	Achillem	-em 78
78	6	Pallas	パラス	Pallas	casta . . . -as 78
80	4	ARGOLICUS	アルゴスの	Argolicis	Argolicis gentibus
80	4	GRAI	ギリシア人	Argolicis	Argolicae gentes gentibus Argolicis:アキレウスの恋はアルゴスの民の間に恥ずべき名を残したであろう
80	6	Argolicus	アルゴスの	Argolicis	gentibus -is 80
81	4	ACHILLES	アキレウス	Pelides	Pelides:母の神威に呼びかける
81	6	Pelides	ペリデス	Pelides	Pelides 81
81	6	Thetis	テティス	numina	aequoreae . . . numina matris 81 を参照
83	4	THETIS	テティス	Thetis	アキレウスの祈りを聞く
83	6	Achilles	アキレウス	nati	nati 83. 88. 95
83	6	Thetis	テティス	Thetis	Thetis 83. 860
84	4	MYRMIDONES	ミュルミドン	Myrmidonum	Myrmidonum:テティスはミュルミドンの陣営を目指す
84	6	Myrmidones	ミュルミドン	Myrmidonum	-um 84
87	6	Iuppiter	ユピテル	regis	regis 87
88	6	Achilles	アキレウス	nato	nati 83. 88. 95
88	6	Thetis	テティス	genetrix	genetrix 88
89	6	Iuppiter	ユピテル	parens	summe parens 89
90	4	AGAMEMNON	アガメムノン	Atrida	Ab Atrida:テティスは、ユピテルが自分と息子のためにアトレウスの子に報復してくれるよう祈る
90	6	Achilles	アキレウス	pignus	meum . . . pignus 90
90	6	Atrides (Agamemno)	アトリデス（アガメムノン）	Atrida	-dā 奪格:90
91	4	ACHILLES	アキレウス	Achillis	— テティスは、アキレウスの愛がアガメムノンによって罰されずに踏みにじられたままにならぬよう、ユピテルに祈る
91	6	Achilles	アキレウス	Achillis	mei -is(テティスが語る)91
93	4	JUPPITER	ユピテル	Juppiter	Juppiter:テティスに答える
93	6	Iuppiter	ユピテル	Iuppiter	Iuppiter 93
94	4	THETIS	テティス	diva	ユピテルがテティスに呼びかけて「大いなる海の女神」という言葉を用いていることもここに加えよ
94	6	Thetis	テティス	diva	magni diva maris 94
95	6	Achilles	アキレウス	nati	nati 83. 88. 95
97	6	Nereis	ネレイス	sororibus	sororibus 97 を参照
98	4	JUNO	ユノー	Juno	気を損ねて
98	6	Iuno	ユノー	Iuno	Iuno 98. 894
98	6	Iuppiter	ユピテル	coniunx	optime coniunx 98
99	4	ACHILLES	アキレウス	Achilli	Achilli:彼にはそれほどのものが負われている(ユノーが語る)
99	4	THETIS	テティス	Doride	Doride nata:ドリスの娘はそれほどの力を持つ(ユノーがユピテルに呼びかける)
99	6	Achilles	アキレウス	Achilli	-i 99
99	6	Doris	ドリス	Doride	-de nata 99
100	6	Iuno	ユノー	coniunx	coniunx tua 100 を参照
101	4	GRAI	ギリシア人	Achivos	Achivos:愛するアカイア人たち(怒ったユノーが言葉でユピテルを責める)
101	6	Achivi	アカイア人	Achivos	-os 101
102	4	TROJANI	トロイア人	Troum	Troum:トロイア人の力を戦いのために新たにしようと望むのか(ユノーがユピテルに呼びかける)
102	6	Tros	トロイア人	Troum	Troum 102. 281. 339. 357. 438. 631. 641. 701. 963
104	4	JUPPITER	ユピテル	Tonantem	Tonantem:怒ったユノーが言葉で雷神を責める
104	6	Tonans	雷神	Tonantem	-tem 104
105	6	Iuppiter	ユピテル	regis	summi . . . regis 6. 105
106	4	VULCANUS	ウルカヌス	Ignipotente	Ignipotente interposito:火の主が間に入ると、ユノーとユピテルの争いが収まる
106	6	Ignipotens	イグニポテンス	Ignipotente	*-nte (omnipot- trad.) 106:ウルカヌス
107	4	JUPPITER	ユピテル	genitor	Genitor:父が会議を解散する
107	4	OLYMPUS	オリュンポス	Olympo	[—]
107	6	Iuppiter	ユピテル	genitor	genitor . . . Olympi 107
107	6	Olympus	オリュンポス	Olympi	genitor . . . Olympi 107
108	4	OLYMPUS	オリュンポス	Olympo	Olympo emenso:オリュンポスを渡り終えて太陽が沈む
108	6	Olympus	オリュンポス	Olympo	sol emenso decedit -po 108
108	6	Sol	太陽	sol	Sol . . . decedit Olympo 108
113	4	JUPPITER	ユピテル	pater	Pater 主格:全能の父が眠りを呼ぶ
113	6	Iuppiter	ユピテル	pater	pater omnipotens 113
113	6	Somnus	眠り	Somnum	-um 113
114	6	Somnus	眠り	divum	lenissime divum 114 を参照
115	4	AGAMEMNON	アガメムノン	Argolici	Argolicus dux:「アルゴスの将の陣営へ飛んで行け」(ユピテルが眠りに呼びかける)
115	4	ARGOLICUS	アルゴスの	Argolici	Argolici ducis
115	6	Argolicus	アルゴスの	Argolici	Argolici . . . ducis 115:アガメムノンの
118	4	TITAN	ティーターン=太陽	Titana	Titana:日がティーターンを昇らせたとき
118	6	Titan	ティーターン	Titana	cum crastina . . . extulerit -ana dies 118
120	6	Somnus	眠り	Somnus	Somnus 120
121	4	AGAMEMNON	アガメムノン	Agamemnonis	Agamemnonis:ユピテルに送られた眠りが、アガメムノンの寝室へ飛び降りる
121	6	Agamemnon	アガメムノン	Agamemnonis	-onis 121. 795
123	6	Somnus	眠り	levator	curarum operumque levator 123
124	4	AGAMEMNON	アガメムノン	Atride	Atride:ダナオイの王よ(ユピテルに送られた眠りが語る)
124	4	GRAI	ギリシア人	Danaum	— 王(アガメムノン)
124	4	JUPPITER	ユピテル	Tonantis	Tonans Tonantis:雷神の命令を受けよ(眠りがアガメムノンに呼びかける)
124	6	Agamemnon	アガメムノン	rex	また rex Danaum 124. 496 を参照
124	6	Atrides (Agamemno)	アトリデス（アガメムノン）	Atrida	呼格:rex Danaum -da(他の写本では -de)124
124	6	Danai	ダナオイ	Danaum	-um(属格):19. 50. 67. 124. 153. 251. 268. 357. 389. 496. 631. 686. 691. 698. 705. 743. 747. 794. 1025
124	6	Tonans	雷神	Tonantis	mandata Tonantis 124
126	4	TITAN	ティーターン=太陽	Titan	波から現れたとき
126	6	Titan	ティーターン	Titan	cum . . . Titan se emerserit undis 126
128	4	ILIACUS	イーリオンの	Iliacos	Iliacos campos:整えた軍勢とともにイーリオンの野を目指す
128	6	Iliacus	イーリオンの	Iliacos	-cos . . . campos 128. 160
130	6	Sol	太陽	lampas	ignea lampas 130 を参照
131	4	AGAMEMNON	アガメムノン	Pelopeius	Pelopeius heros:将たちを呼び集める
131	6	Pelopeius	ペロプスの末裔	Pelopeius	Pelopeius heros 131. 739:アガメムノン
134	6	Agamemnon	アガメムノン	rex	rex 58. 134. 691
134	6	Agamemnon	アガメムノン	ducem	dux 134. 156. 739
136	4	THERSITES	テルシーテース	Thersites	彼より醜い者も、舌の不遜な者も他にいない者、もはや戦を続けるべきではないと言う
136	6	Thersites	テルシーテース	Thersites	Thersites, quo non deformior alter venerat ad Troiam nec lingua protervior ulli 136
137	4	TROJA	トロイア	Trojam	Trojam:テルシーテースより醜い者はトロイアに来ていなかった
137	6	Troia	トロイア	Troiam	venerat ad -iam 137
138	6	Graecia	ギリシア	oras	patrias . . . ad oras 138 を参照
139	4	ULIXES	ウリクセス	Ulixes	— 思慮で名高い者、笏でテルシーテースを打つ
139	6	Vlixes	ウリクセス	Vlixes	consiliis illustris -es 139
144	4	NESTOR	ネストール	Nestoris	Nestoris:ネストールの思慮が、年の功で群衆を鎮める
144	6	Nestor	ネストール	Nestoris	sollertis prudentia -oris aevo 144
147	4	AULIS	アウリス	Aulide	in Aulide:アウリスで(大蛇が見られた)
147	6	Aulis	アウリス	Aulide	visus in Aulide serpens 147
151	4	GRAI	ギリシア人		[呼格、一般に:ネストールが語る]
151	4	GRAI	ギリシア人	Pelasgi	<呼格:— 留まれ>
151	6	Achivi	アカイア人	Achivi	呼格:151
151	6	Nestor	ネストール	senex	senex 151 を参照
152	4	CALCHAS	カルカス	Calchas	— トロイアが倒れる年を告げていた
152	6	Calchas	カルカス	Calchas	予言者カルカス:52. 152
153	4	GRAI	ギリシア人	Danaum	— トロイアはダナオイの勝利の武器によって倒れるであろう
153	4	TROJA	トロイア	Ilion	Ilion:イーリオンが倒れる日
153	6	Danai	ダナオイ	Danaum	-um(属格):19. 50. 67. 124. 153. 251. 268. 357. 389. 496. 631. 686. 691. 698. 705. 743. 747. 794. 1025
153	6	Ilion	イーリオン	Ilion	Ilĭŏn 153. 1056
154	4	NESTOR	ネストール	Nestoris	— 彼の年齢が称えられる
154	6	Nestor	ネストール	Nestoris	-oris aetas 154. 737
156	6	Agamemnon	アガメムノン	dux	dux 134. 156. 739
158	4	TITAN	ティーターン=太陽	Titan	— 光線で輝く頭を波から上げた
158	6	Titan	ティーターン	Titan	nitidum -an radiis caput extulit undis 158
159	4	AGAMEMNON	アガメムノン	Atrides	— 猛き者、仲間たちに武装を命じる
159	6	Atrides (Agamemno)	アトリデス（アガメムノン）	Atrides	acer -es 159
160	4	ILIACUS	イーリオンの	Iliacos	— 同
160	6	Iliacus	イーリオンの	Iliacos	-cos . . . campos 128. 160
161	4	MUSAE	ムーサたち	Musae	呼格
161	6	Musa	ムーサ	Musae	Musae 呼格 161
164	4	TROJA	トロイア	Pergama	Pergama:ペルガマへ、ギリシアの将それぞれが何隻の船を率いたか
164	6	Pergama	ペルガマ	Pergama	ad Pergama 164
165	4	APOLLO	アポロ	Apollo	われらの詩人の守り手とならんことを
165	6	Apollo	アポロ	Apollo	Apollo 165
167	4	LEITUS	レーイトス	Leitus	戦において猛き者、ギリシアの将たちの中に
167	4	PENELEUS	ペーネレオース	Peneleus	ギリシアの他の将たちとともにトロイアを目指す
167	6	Leitus	レーイトス	Leïtus	bello *Leitus (lertius trad.) acer 167:アレクトリュオーンの子、ボイオーティア人の将
167	6	Peneleos	ペーネレオース	Peneleus	Peneleos (-leus trad.) princeps 167
168	4	ARCESILAUS	アルケシラーオス	Arcesilaus	猛き者、トロイアに来る
168	4	CLONIUS	クロニオス	Clonius	ボイオーティア人、プロトエーノールとともにトロイアを目指す
168	4	PROTHOENOR	プロトエーノール	Prothoenor	ボイオーティア人、ギリシアの将たちの中に
168	6	Arcesilaus	アルケシラーオス	Arcesilaus	Arcesilaus atrox 168:ボイオーティア人
168	6	Clonius	クロニオス	Clonius	Prothoenorque Cloniusque Boeoti 168
168	6	Prothoenor	プロトエーノール	Prothoënor	*Prothoënor Boeotus:168
169	4	BOEOTUS	ボイオーティア人	Boeoti	— Boeoti(プロトエーノールとクロニオス)
169	6	Boeotus	ボイオーティア人	Boeoti	複数 Boeoti (-tes trad.) 169
171	4	AGAMEMNON	アガメムノン	Agamemnon	百隻の船を率いる
171	4	MYCENAEUS	ミュケーナイの	Mycenaeis	Mycenaeis moenibus:ミュケーナイの城壁の内に生まれたアガメムノン
171	6	Agamemnon	アガメムノン	Agamemnon	Mycenaeis -on moenibus ortus 171
171	6	Mycenaeus	ミュケーナイの	Mycenaeis	Mycenaeis . . . moenibus 171
172	4	GRAECIA	ギリシア	Graecia	好戦的な国、アガメムノンを自らの王に選んでいた
172	6	Graecia	ギリシア	Graecia	bellatrix . . . Graecia 172
174	4	MENELAUS	メネラーオス	Menelai	Menelai:メネラーオスの熱情が六十隻でトロイアを目指した
174	6	Menelaus	メネラーオス	Menelai	-lai . . . ardor 174
175	4	AGAPENOR	アガペーノール	Agapenoris	Agapenoris:アガペーノールの猛き怒り
175	6	Agapenor	アガペーノール	Agapenoris	ferox Agapenoris ira 175:アルカディア人、アンカイオスの子
176	4	NESTOR	ネストール	Nestor	忠実な者、巧みな心を持ち、思慮に優れた者、息子たちとともに九十隻をトロイアへ率いる
176	6	Nestor	ネストール	Nestor	fidus sollerti pectore Nestor consilioque potens 176
177	6	Antilochus	アンティロコス	prole	および 177 gemina cum prole
177	6	Thrasymedes	トラシュメーデース	prole	(Thrasymedes、ネストールの子)。177 行:gemina cum prole
179	4	EPISTROPHUS Iphiti filius	エピストロポス、イーピトスの子	Epistrophus	— 巨大な者、ミュルミドンの栄光、残忍な戦の力
179	4	SCHEDIUS	スケディオス	Schedius	武勇に優れた者、残忍な戦の力、ギリシアの将たちの中に
179	6	Epistrophus 1	エピストロポス 1	Epistrophus	Schedius . . . et Epistrophus ingens, gloria Myrmidonum, saevi duo robora belli 179
179	6	Schedius	スケディオス	Schedius	Schedius virtute potens et Epistrophus ingens, gloria Myrmidonum 179
180	4	MYRMIDONES	ミュルミドン	Myrmidonum	— ミュルミドンの栄光、エピストロポス
180	6	Myrmidones	ミュルミドン	Myrmidonum	Epistrophus . . . gloria -um 180
182	4	LEONTEUS	レオンテウス	Leonteus	とポリュポイテース、トロイアの地へ四十隻を率いる
182	4	POLYPOETES	ポリュポイテース	Polypoetes	とレオンテウス、トロイアに向けて二十隻の船を整えた
182	6	Leonteus	レオンテウス	Leonteus	Leonteus 182:コローノスの子
182	6	Polypoetes	ポリュポイテース	Polypoetes	*Polypoetes 182. 1012:ヒッポダメイアの子
184	4	DIOMEDES	ディオメーデース	Tydides	Tydides:武器において勇敢
184	4	EURYALUS	エウリュアロス	Euryalus	メーキステウスの子、ディオメーデースの下の将
184	4	STHENELUS	ステネロス	Sthenelus	ギリシアの将たちの中に
184	6	Euryalus	エウリュアロス	Euryalus	Euryalus 184:メーキステウスの子、ディオメーデースの仲間
184	6	Sthenelus	ステネロス	Stheneli	Stheneli (-us trad.) . . . decus 184:カパネウスの子
185	6	Tydides	テューデウスの子	Tydides	fortis in armis -des 185
187	4	ASCALAPHUS	アスカラポス	Ascalaphus	力強き者、とイアルメノス、二人とも猛き者で、三十隻を率いる
187	4	IALMENUS	イアルメノス	Ialmenus	とアスカラポス、二人とも猛き者で、三十隻をトロイアへ率いる
187	6	Ascalaphus	アスカラポス	Ascalaphus	Ascalaphus . . . potens 187:マールスの子、ミニュアイ人の将
187	6	Ialmenus	イアルメノス	Ialmenus	Ascalaphus . . . et *Ialmenus, acer uterque 187:マールスの子、ボイオーティア人の将
189	4	AJAX Oilei filius	アイアース、オイーレウスの子	Ajax	— ロクリス人の最も勇敢な者、トロイアに向けて四十隻の船を整えた
189	4	LOCRI	ロクリス人	Locrum	Locrum:ロクリス人の最も勇敢な者アイアース
189	6	Aiax (Locrus)	アイアース(ロクリス人)	Aiax	Locrum fortissimus Aiax 189
189	6	Locrus	ロクリス人	Locrum	Locrum fortissimus Aiax 189
190	4	EUHAEMO	エウハイモーン	Euhaemone	Euhaemone
190	4	EURYPYLUS	エウリュピュロス	Euhaemone	Euhaemone natus:エウハイモーンの子が四十隻の船を整えた
190	6	Euhaemon	エウハイモーン	Euhaemone	Euhaemone natus 190:エウリュピュロス
191	4	ACHILLES	アキレウス	Achilles	— ダナオイの城壁、他のギリシアの将たちとともにトロイアを目指した
191	4	GRAI	ギリシア人	Danaum	— ダナオイの城壁、アキレウス
191	6	Achilles	アキレウス	Achilles	Graium durus comitator -es 191
192	6	Thetis	テティス	materna	materna per aequora 192
193	4	ANTIPHUS [Thessalicus] Thessali filius	アンティポス [テッサリアの]、テッサロスの子	Antiphus	— ペイディッポスとともに三十隻を率いる
193	4	PHIDIPPUS	ペイディッポス	Phidippus	とアンティポス、テッサリアの若者たち、三十隻をトロイアへ率いる
193	6	Antiphus 1	アンティポス 1	Antiphus	Thessalici iuvenes, Phidippus et Antiphus 193:テッサロスの子ら
193	6	Phidippus	ペイディッポス	Phidippus	Thessalici iuvenes *Phidippus (ped- trad.) et Antiphus 193
193	6	Thessalicus	テッサリアの	Thessalici	Thessalici iuvenes, Phidippus et Antiphus 193
195	4	NIREUS	ニーレウス	Nireus	三隻でトロイアを目指す
195	4	SUME	シュメー	Sume	ab Sume:シュメーから
195	6	Nireus	ニーレウス	Nireus	*Nireus (teucer trad.) 195:アグライエーとカロポスの子
195	6	Syme	シュメー		ab Syme (Σύμηθεν) 195 (assumptis trad.) ?
195	6	Teucer	テウクロス	Nireus	[195 trad.]
196	4	EUMELUS	エウメーロス	Eumelus	力において猛き者、テラモーンの子より一隻少なく率いる
196	4	TLEPOLEMUS	トレーポレモス	Tlepolemus	ロドスの人、九隻をトロイアへ率いる
196	6	Rhodius	ロドスの人	Rhodius	Tlepolemus . . . Rhodius 196
196	6	Tlepolomus	トレーポレモス	Tlepolomus	*Tlepolomus . . . Rhodius 196
197	6	Eumelus	エウメーロス	Eumelus	viribus acer *Eumelus 197:アドメートスの子
198	4	AJAX Telamonis filius	アイアース、テラモーンの子	Ajax	— テラモーンから生まれたサラミースの人、エウメーロスより一隻多く率いる
198	6	Aiax (Telamonius)	アイアース(テラモーンの子)	Aiax	Telamone satus Salaminius Aiax 198
198	6	Salaminius	サラミースの人	Salaminius	Telamone satus Salaminius Aiax 198
198	6	Telamon	テラモーン	Telamone	Telamone satus . . . Aiax 198
199	4	PROTHOUS	プロトオス	Prothous	マグネーシア人、テントレードーンの子、ギリシアの将たちの中に
199	6	Magnes	マグネーシア人	Magnes	Prothous *Magnes 199
199	6	Prothous	プロトオス	Prothous	*Prothous Magnes Tenthredone natus 199
199	6	Tenthredon	テントレードーン	Tenthredone	Prothous Magnes *Tenthredone natus 199
200	4	ELEPHENOR	エレペーノール	Elephenor	エウボイアの<長い>地に生まれた者
200	4	EUBOEA	エウボイア	Euboeae	Euboeae
200	6	Elephenor	エレペーノール	Elephenor	Euboeae . . . *Elephenor finibus ortus 200
200	6	Euboea	エウボイア	Euboeae	Euboeae . . . finibus 200
201	4	MEGES	メゲース	Meges	ドゥーリキオンの人、ギリシアの将たちの中に
201	4	THOAS	トアース	Thoas	心と武器に際立ち、アエトーリアの民、アンドライモーンの子、ギリシアの将たちの中に
201	6	Dulichius	ドゥーリキオンの	Dulichius	Dulichius . . . Meges 201
201	6	Meges	メゲース	Meges	Dulichius . . . Meges 201
202	4	AETOLUS	アエトーリア人	Aetola	de gente Aetola
202	4	ANDRAEMO	アンドライモーン	Andraemone	Andraemone natus:アンドライモーンの子トアース
202	6	Aetolus	アエトーリア人	Aetola	Aetola de gente Thoas 202
202	6	Andraemon	アンドライモーン	Andraemone	Thoas Andraemone natus 202. 583
202	6	Thoas	トアース	Thoas	Aetola de gente Thoas Andraemone natus 202
204	4	ULIXES	ウリクセス	Ithaci	Ithacus Ithaci:イタケーの人の巧みさが十二隻をトロイアへ率いる
204	6	Ithacus	イタケーの人	Ithaci	Ithaci . . . sollertia 204:ウリクセス
205	4	AJAX Telamonis filius	アイアース、テラモーンの子	Ajax	— テラモーンの子、際立った武勇に優れ、十二隻でトロイアを目指す
205	6	Aiax (Telamonius)	アイアース(テラモーンの子)	Aiax	Telamonius -ax 205. 363. 602. 623. 787. 836
205	6	Telamonius	テラモーンの子	Telamonius	Telamonius Aiax 205. 363. 602. 623. 787. 836
206	4	GUNEUS	グーネウス	Gunei	Gunei:グーネウスの恐るべき怒りが二十二隻の船を率いる
206	6	Guneus	グーネウス	Guneus	*Guneus 206:アカルナーニア人の将
208	4	CRETAEUS	クレータの	Cretaeus	uterque(両者とも)(イードメネウスとメーリオネース)
208	4	IDOMENEUS	イードメネウス	Idomeneus	クレータ人、メーリオネースとともに八十隻をトロイアへ率いる
208	4	MERIONES	メーリオネース	Meriones	とイードメネウス、二人ともクレータ人で、八十隻を率いる
208	6	Cretaeus	クレータ人	Cretaeus	Idomeneus et Meriones, Cretaeus uterque 208
208	6	Idomeneus	イードメネウス	Idomeneus	Idomeneus et Meriones, Cretaeus uterque 208
208	6	Meriones	メーリオネース	Meriones	Idomeneus et Meriones, Cretaeus uterque 208
210	4	MENESTHEUS	メネステウス	Menestheus	名高い家柄の者、アテーナイ人、五十隻を率いる
210	6	Menestheus	メネステウス	Menestheus	*Menestheus . . . Athenaeus 210
211	4	ACHILLES	アキレウス	Achilles	— 五十隻の船を率いた
211	6	Achilles	アキレウス	Achilles	-es 211. 988. 997. 1014. 1043
211	6	Athenaeus	アテーナイ人	Athenaeus	Menestheus . . . Athenaeus 211
212	4	AMPHIMACHUS princeps Epeorum	アンピマコス、エペイオイ人の将	Amphimachus	— 猛き者、エーリス生まれ
212	4	ELIS	エーリス	Elide	Elide nati:エーリス生まれのアンピマコスとタルピオス
212	4	THALPIUS	タルピオス	Thalpius	エーリス生まれ、ギリシアの将たちの中に
212	6	Amphimachus 1	アンピマコス 1	Amphimachus	Amphimachus . . . ferox et Thalpius, Elide nati 212:エペイオイ人の将たち
212	6	Elis	エーリス	Elide	Amphimachus . . . et Thalpius, Elide nati 212
212	6	Thalpius	タルピオス	Thalpius	Amphimachus . . . et *Thalpius (alpinus trad.), Elide nati 212
213	4	DIORES	ディオーレース	Diores	ギリシアの他の将たちとともに
213	4	POLYXENUS	ポリュクセイノス	Polyxenus	名高い武勇の者、ギリシアの将たちの中に
213	6	Diores	ディオーレース	Diores	Diores 213:エペイオイ人の将
213	6	Polyxenus	ポリュクセイノス	Polyxenus	clara virtute Polyxenus 213:エーリスの人、アガステネースの子
215	4	PODARCES	ポダルケース	Podarces	勇敢な者、ギリシアの将たちの中に
215	4	PROTESILAUS	プロテシラーオス	Protesilaus	四十隻をトロイアへ率いる
215	6	Podarces	ポダルケース	Podarces	fortis . . . Podarces 215:プロテシラーオスの兄弟、イーピクロスの子
215	6	Protesilaus	プロテシラーオス	Protesilaus	Protesilaus 215
216	4	AJAX Oilei filius	アイアース、オイーレウスの子	Ajax	— オイーレウスの子:プロテシラーオスとポダルケースは彼と同じ数の船を整えた
216	6	Aiax (Locrus)	アイアース(ロクリス人)	Aiax	Oileos (-us trad.) -ax 216
216	6	Oileus	オイーレウス	Oileos	Oileos (-us trad.) Aiax 216
217	4	POEAS	ポイアース	Poeante	Poeante satus:ポイアースの子(ピロクテーテース)
217	6	Poeas	ポイアース	Poeante	*Poeante (phetonte trad.) satus 217:ピロクテーテース
218	4	MACHAON	マカーオーン	Machaon	ギリシアの将たちの中に
218	4	PODALIRIUS	ポダレイリオス	Podalirius	ギリシアの将たちの中に
218	6	Machaon	マカーオーン	Machaon	Machaon 218:アスクレーピオス(アエスクラーピウス)の子
218	6	Podalirius	ポダレイリオス	Podalirius	Podalirius *218
220	4	GRAJUS	ギリシアの	Grajae	Grajae puppes:ギリシアの船尾
220	4	TROJANUS	トロイアの	Trojana	ad Trojana litora:トロイアの岸へ
220	6	Graius	ギリシアの	Graiae	-ae . . . puppes 220
220	6	Troianus	トロイアの	Troiana	-na ad litora 220
222	6	Troia	トロイア	campos	また campos 222 を参照
223	4	IRIS	イーリス	Irim	Irin:ユピテルがイーリスをプリアモスのもとへ送る
223	4	JUPPITER	ユピテル	pater	— サートゥルヌスの子がイーリスをプリアモスのもとへ送る
223	4	PRIAMUS	プリアモス	Priamum	Ad Priamum:ユピテルがイーリスをプリアモスのもとへ送る
223	6	Iris	イーリス	Irin	Irin 223
223	6	Iuppiter	ユピテル	pater	pater . . . Saturnius 223
223	6	Priamus	プリアモス	Priamum	ad -mum 223
223	6	Saturnius	サートゥルヌスの子	Saturnius	pater . . . Saturnius 223:ユピテル
224	4	GRAI	ギリシア人	Pelasgos	Pelasgos:イーリスはユピテルの命により、ペラスゴイがトロイアに来たことをトロイア人に告げる
224	6	Pelasgi	ペラスゴイ	Pelasgos	fortes . . . -os 224. 353
225	6	Priamus	プリアモス	parentis	parentis 225. 1038. 1044
226	4	HECTOR	ヘクトール	Hector	主格:プリアモスの子が父の命で武器をとる
226	6	Hector	ヘクトール	Hector	Priamides -or 226
226	6	Priamides	プリアモスの子	Priamides	-es Hector 226
226	6	Troianus	トロイアの	pubem	226 pubem
227	6	Troia	トロイア	portis	portis 227. 575
232	4	HECTOR	ヘクトール	Hectoris	Hectoris:ふさわしいように、輝く脛当てがヘクトールの脚を覆う
232	6	Hector	ヘクトール	Hectoris	-oris 232. 565. 1006. 1040
234	4	PARIS	パリス	Paris	主格:戦の原因、祖国の死をもたらす破滅、トロイア人の他の将たちとともに武器をとる
234	6	Paris	パリス	Paris	tunc fortis in armis belli causa Paris, patriae funesta ruina 234
235	4	DEIPHOBUS	デーイポボス	Deiphobus	トロイア人の他の将たちとともに
235	4	HELENUS	ヘレノス	Helenus	トロイア人の将たちの中に
235	4	POLITES Priami filius	ポリーテース、プリアモスの子	Polites	勇敢な者、トロイア人の将たちの中に
235	6	Deiphobus	デーイポボス	Deiphobus	Deiphobus 235
235	6	Helenus	ヘレノス	Helenus	Helenus 235
235	6	Polites	ポリーテース	Polites	fortis . . . Polites 235:プリアモスの子
236	4	AENEAS	アエネーアース	Aeneas	聖なる者、ウェヌスのまごうかたなき子(われらの詩人がトロイア人の将たちを列挙する)
236	4	VENUS	ウェヌス	Veneris	Veneris:ウェヌスの子、アエネーアース
236	6	Aeneas	アエネーアース	Aeneas	sacer -as, Veneris certissima proles 236
236	6	Venus	ウェヌス	Veneris	Aeneas, -eris . . . proles 236. 483
237	4	ACAMAS Antenoris filius	アカマース、アンテーノールの子	Acamas	— 猛き者、アンテーノールから生まれた者
237	4	ANTENOR	アンテーノール	Antenore	Antenore creti:アンテーノールから生まれたアルキロコスとアカマース
237	4	ARCHILOCHUS	アルキロコス	Archilochus	アンテーノールから生まれた者、トロイア人の他の将たちとともに
237	6	Acamas 1	アカマース 1	Acamas	Acamas、アンテーノールの子、トロイア人 237
237	6	Antenor 1	アンテーノール 1	Antenore	Archelochusque Acamasque ferox Antenore creti 237:トロイア人の
237	6	Archelochus	アルケロコス	Archelochus	Archelochusq. Acamasque . . . Antenore creti 237
238	4	PANDARUS	パンダロス	Pandarus	リュカーオーンの高貴な子、トロイア人の援軍の中に
238	6	Lycaon	リュカーオーン	Lycaonis	proles generosa Lycaonis . . . Pandarus 238
239	4	GLAUCUS Lyciorum dux	グラウコス、リュキア人の将	Glaucus	— 武器において大いなる武勇の者、トロイア人の援軍の中に
239	6	Glaucus	グラウコス	Glaucus	magnae Glaucus virtutis in armis 239
239	6	Pandarus	パンダロス	Pandarus	proles generosa Lycaonis . . . Pandarus 239
240	4	ADRASTUS	アドラストス	Adrastus	トロイア人の将たちの中に
240	4	AMPHIUS	アンピオス	Amphius	トロイア人の同盟者
240	4	ASIUS Hyrtaci filius	アシオス、ヒュルタコスの子	Asius	— トロイア人の他の同盟者たちとともに
240	4	PYLAEUS	ピュライオス	Pylaeus	トロイア人の将たちの中に
240	6	Adrastus	アドラストス	Adrastus	Amphiusque et Adrastus、メロプスの子ら 240
240	6	Amphius	アンピオス	Amphius	Amphīus 240
240	6	Asius	アシオス	Asius	Asius 240. 774:ヒュルタコスの子、トロイア側
240	6	Pylaeus	ピュライオス	Pylaeus	*Pylaeus (ephialtes trad.) 240:レートスの子、ペラスゴイ
241	4	AMPHIMACHUS princeps Carum	アンピマコス、カーリア人の将	Amphimachus	トロイア人の他の同盟者たちとともに際立つ
241	4	NASTES	ナステース	Nastes	際立った者、トロイア人の同盟者の中に
241	6	Amphimachus 2	アンピマコス 2	Amphimachus	Amphimachus Nastesque 241:カーリア人の将たち
241	6	Nastes	ナステース	Nastes	Amphimachus *Nastesque, insignis uterque 241:カーリア人の将たち
242	4	EPISTROPHUS Halizonum dux	エピストロポス、ハリゾーネス人の将	Epistrophus	— 巨大な者、心大いなる将
242	4	HODIUS	ホディオス	Hodius	心大いなる将、トロイア人の援軍の中に
242	6	Epistrophus 2	エピストロポス 2	Epistrophus	Epistrophus ingens 242:トロイア側のハリゾーネス人の将
242	6	Odius	オディオス	Odius	Odius . . . et Epistrophus 242:ハリゾーネス人の将たち
243	4	EUPHEMUS	エウペーモス	Euphemus	猛き者
243	4	PYRAECHMES	ピュライクメース	Pyraechmes	年齢で名高い者、トロイア人の同盟者の中に
243	6	Euphemus	エウペーモス	Euphemus	Euphemus . . . ferox 243:トロイア側のキコネス人の将
243	6	Pyraechmes	ピュライクメース	Pyraechmes	clarus . . . aetate *Pyraechmes 243:パイオネス人の将
244	4	ANTIPHUS Maeonum ductor	アンティポス、マイオネス人の指揮者	Antiphus	— トロイア人に助けをもたらす
244	4	HIPPOTHOUS	ヒッポトオス	Hippothous	武器に優れた者、トロイア人の同盟者の中に
244	4	MESTHLES	メストレース	Mesthles	トロイア人の援軍の中に
244	6	Antiphus 2	アンティポス 2	Antiphus	Antiphus 244:タライメネースの子、トロイア側のマイオネス人の将
244	6	Mesthles	メストレース	Mesthles	*Mesthles 244:タライメネースの子、アンティポスの兄弟、マイオネス人の将
245	4	ACAMAS dux Thracum	アカマース、トラーキア人の将	Acamas	— トロイア人の同盟者の中に
245	4	PIROUS	ペイロオス	Pirous	<剣と武勇に優れた者> トロイア人の援軍の中に
245	6	Acamas 2	アカマース 2	Acamas	Acamas (ath- trad.)、トラーキア人 245
245	6	Hippothous	ヒッポトオス	Hippothous	bonus armis *Hippothous 245:レートスの子
245	6	Pirous	ペイロオス	Pirous	*Pirous (pierius trad.) 245:トラーキア人の将
245a	4	PYLAEMEN	ピュライメネース	Pylaemenis	< Pylaemenis animi >
246	4	ALCINOUS	アルキノオス	Alcinoo	Alcinoo sati:アルキノオスの子クロミオスとエンノモス
246	4	CHROMIUS dux Mysorum	クロミオス、ミューシア人の将	Chromius	年盛りの男、トロイア人の同盟者の中に
246	4	ENNOMUS	エンノモス	Ennomus	年盛りの男、トロイア人の同盟者の中に
246	6	Arsinous	アルシノオス	Arsinoo	*Arsinooque sati Chromiusque atque Ennomus 246
246	6	Chromius 1	クロミオス 1	Chromius	Arsinooque sati Chromiusque atque Ennomus, ambo florentes aetate viri 246:トロイア側のミューシア人の将たち(ホメロスでは Χρόμις)
246	6	Ennomus	エンノモス	Ennomus	*Ennomus 246
247	4	ASCANIUS Hippotionis filius	アスカニオス、ヒッポティオーンの子	Ascanius	— 巨大な者、トロイア人の同盟者
247	4	PHORCUS	ポルキュス	Phorcus	トロイア人の将たちの中に
247	6	Phorcus	ポルキュス	Phorcus	Phorcus 247:プリュギア人の将
248	4	JUPPITER	ユピテル	Jovis	— 子(サルペードーン)
248	4	SARPEDON	サルペードーン	Sarpedon	ユピテルの名高き子、トロイア人の同盟者の中に
248	6	Ascanius	アスカニオス	Ascanius	ingens Ascanius 248:プリュギア人の将
248	6	Iuppiter	ユピテル	Iovis	Iovis inclita proles Sarpedon 248. 520
249	4	COROEBUS	コロイボス	Coroebus	名高い土地から生まれた者
249	6	Coroebus	コロイボス	Coroebus	clara . . . satus tellure Coroebus 249:ホメロスでは名を挙げられない
249	6	Pylaemenes	ピュライメネース		また 249 行も参照
249	6	Sarpedon	サルペードーン	Sarpedon	Iovis inclita proles Sarpedon 249. 521
250	4	NEPTUNIUS	ネプトゥーヌスの	Neptunia	Neptunia Troja:ネプトゥーヌスのトロイア
250	4	TROJA	トロイア	Troja	ネプトゥーヌスのトロイアはこれらの将たち(われらの詩人がすでに列挙した者たち)で身を守る
250	6	Neptunius	ネプトゥーヌスの	Neptunia	Neptunia Troia 250
250	6	Troia	トロイア	Troia	Neptunia -ia 250
251	4	GRAI	ギリシア人	Danaum	— 運命がなかったならば、トロイアはダナオイの策略に打ち勝ったであろう
251	6	Danai	ダナオイ	Danaum	-um(属格):19. 50. 67. 124. 153. 251. 268. 357. 389. 496. 631. 686. 691. 698. 705. 743. 747. 794. 1025
253	4	PARIS	パリス	Paris	— トロイアの滅亡、死をもたらす炎、武装したメネラーオスを見つける
253	4	TROJA	トロイア	Trojae	Trojae:トロイアの滅亡(パリス)
253	6	Paris	パリス	Paris	Paris, exitium Troiae funestaque flamma 253
253	6	Troia	トロイア	Troiae	Paris exitium -iae 253
254	4	MENELAUS	メネラーオス	Menelaum	Menelaum:パリスは武装したメネラーオスを見つける
254	6	Menelaus	メネラーオス	Menelaum	-laum ex 254
256	4	HECTOR	ヘクトール	Hector	— 恐怖に取り乱したパリスに呼びかける
256	6	Hector	ヘクトール	Hector	Hector 256. 277. 491. 626. 677. 774. 959. 967. 979. 996. 1051
257	4	PARIS	パリス		(ヘクトールがパリスを次のように言っていることもここに加えよ。「祖国の…永遠の恥辱、われらの一族の汚名」)
257	6	Paris	パリス	dedecus	ヘクトールの言葉 257 を参照:o dedecus . . . aeternum patriae generisque infamia nostri
259	6	Menelaus	メネラーオス	hospitis	hospitis 259
264	4	MARS	マールス	Mars	頑強な兵士を喜ぶ
264	6	Mars	マールス	Mars	duro Mars milite gaudet 264
268	4	GRAI	ギリシア人	Danaum	— 民
268	4	MENELAUS	メネラーオス	Atrides	Atrides:疲れを知らぬ者、武器をとってパリスと戦うがよい
268	4	TROJANI	トロイア人	Phrygum	Phrygum:プリュギア人の民
268	6	Atrides (Menelaus)	アトレウスの子(メネラーオス)	Atrides	impiger -des 268
268	6	Danai	ダナオイ	Danaum	-um(属格):19. 50. 67. 124. 153. 251. 268. 357. 389. 496. 631. 686. 691. 698. 705. 743. 747. 794. 1025
268	6	Phryges	プリュギア人	Phrygum	-gum . . . populus 268
271	4	PARIS	パリス	Priameius	Priameius heros:プリアモスの子なる英雄がヘクトールに手短に答える
271	6	Priameius	プリアモスの子	Priameius	Priameius heros:パリス 271、ヘクトール 960
273	6	Hector	ヘクトール	decus	o patriae, germane, decus 273
273	6	Helene	ヘレネー	coniunx	coniunx 273. 276. 285. 301
275	6	Menelaus	メネラーオス	viri	viri 275. 288. 329
276	6	Helene	ヘレネー	coniunx	coniunx 273. 276. 285. 301
277	4	GRAI	ギリシア人	Grais	— ヘクトールの意見がギリシア人の気に入る
277	4	HECTOR	ヘクトール	Hector	— パリスの言葉を伝える
277	6	Graius	ギリシアの	Grais	Grais 2. 277. 614
277	6	Hector	ヘクトール	Hector	Hector 256. 277. 491. 626. 677. 774. 959. 967. 979. 996. 1051
278	4	PRIAMUS	プリアモス	Priamus	ギリシア人と休戦協定を結ぶために呼ばれる
278	6	Priamus	プリアモス	Priamus	Priamus 278 [983] 1046
281	4	TROJANI	トロイア人	Troum	— パリスがトロイア人の戦列から進み出る
281	6	Tros	トロイア人	Troum	Troum 102. 281. 339. 357. 438. 631. 641. 701. 963
282	4	PARIS	パリス	Alexander	Alexander:美しき者、盾と槍で際立ち、メネラーオスに対して進み出る
282	6	Alexander	アレクサンドロス	Alexander	pulcher Alexander 282
283	4	MENELAUS	メネラーオス	Menelaus	武具に輝き、パリスに対して立った
283	6	Menelaus	メネラーオス	Menelaus	Menelaus 283. 312. 339. 539
285	6	Helene	ヘレネー	coniuge	coniunx 273. 276. 285. 301
286	4	JUPPITER	ユピテル	Juppiter	— ただ彼が味方してくれさえすれば(メネラーオスが語る)
286	6	Iuppiter	ユピテル	Iuppiter	tantummodo -er adsit 286
288	6	Menelaus	メネラーオス	virum	viri 275. 288. 329
290	4	MENELAUS	メネラーオス	Atrides	— パリスの槍を避ける
290	6	Atrides (Menelaus)	アトレウスの子(メネラーオス)	Atrides	-des 290. 301. 332. 349. (510?)
292	4	PARIS	パリス	Praedonis	Praedo Phrygius praedonis Phrygii:鉄の胸甲が覆っていなかったならば、メネラーオスの槍はプリュギアの略奪者の身体を傷つけていたであろう
292	4	PHRYGIUS	プリュギアの	Phrygii	Phrygii praedonis
292	6	Phrygius	プリュギアの	Phrygii	praedonis Phrygii 292
301	4	MENELAUS	メネラーオス	Atrides	— 奪われた妻を思い、迫る
301	6	Atrides (Menelaus)	アトレウスの子(メネラーオス)	Atrides	-des 290. 301. 332. 349. (510?)
301	6	Helene	ヘレネー	coniugis	coniunx 273. 276. 285. 301
302	4	PARIS	パリス	Dardanium	Dardanius juvenis Dardanium juvenem:メネラーオスはダルダノスの若者に剣で迫る
302	6	Dardanius	ダルダノスの	Dardanium	-um . . . iuvenem 302:パリス
305	4	GRAI	ギリシア人	Grajum	— パリスが傷つけられると、ギリシア人の隊列は呻いた
305	6	Graius	ギリシアの	Graium	agmina -um 305. 487
307	6	Menelaus	メネラーオス	victor	victor 307. 352
307	6	Paris	パリス	iuvenem	iuvenem 307
309	4	VENUS	ウェヌス	Cytherea	Cytherea:メネラーオスと戦うパリスを霧で覆う
309	6	Cytherea	キュテーラの女神	Cytherea	Cythereă 309. 335. 470:ウェヌス
309	6	Paris	パリス	virum	virum 309
311	4	PARIS	パリス	Paridi	Paridi:ウェヌスが彼を覆わなかったならば、それはパリスの最後の日となったであろう
311	6	Paris	パリス	Paridi	Paridī 311
312	4	MENELAUS	メネラーオス	Menelaus	— パリスの兜を引きはがし、燃え立って再び彼に向かって走る
312	6	Menelaus	メネラーオス	Menelaus	Menelaus 283. 312. 339. 539
315	4	PARIS	パリス	Phrygii	Phrygius in Phrygii cladem:メネラーオスはプリュギア人を滅ぼすために槍を投げる
315	4	PHRYGIUS	プリュギアの	Phrygii	Phrygii
315	4	VENUS	ウェヌス	Venus	パリスをメネラーオスから奪い去る
315	6	Phrygius	プリュギアの	Phrygii	Phrygii、すなわちパリスの、315
315	6	Venus	ウェヌス	Venus	Venus 315. 464. 911
317	4	HELENA	ヘレネー	Helenam	Helenam:ウェヌスがヘレネーをパリスのもとへ連れて行く
317	6	Helene	ヘレネー	Helenam	Helenam 317. 343
318	4	PARIS	パリス	Paridi	— ウェヌスはダルダノスの者のもとへヘレネーを連れて行く
318	6	Dardanius	ダルダノスの	Dardanio	Dardanio . . . Paridi 318
318	6	Paris	パリス	Paridi	Dardanio . . . dī 318
320	4	PARIS	パリス	Paris	呼格:「わが炎よ」(ヘレネーが呼びかける)
320	6	Paris	パリス	Paris	呼格:mea flamma, Paris(ヘレネーが語る)320
321	6	Menelaus	メネラーオス	coniugis	coniugis antiqui 321
322	4	MENELAUS	メネラーオス	Atrides	— 乱暴な者(ヘレネーがパリスに呼びかける)
322	6	Atrides (Menelaus)	アトレウスの子(メネラーオス)	Atrides	violentus -es 322
323	4	ILIACUS	イーリオンの	Iliaco	Iliaco pulvere:メネラーオスがパリスの髪をイーリオンの塵で汚していたとき、ヘレネーは恐れていた
323	6	Iliacus	イーリオンの	Iliaco	Iliaco . . . pulvere 323
324	4	DORICUS	ドーリスの	Doricus	Doricus ensis:ドリスの剣
324	6	Doricus	ドーリスの	Doricus	Doricus ensis 324
327	4	MENELAUS	メネラーオス	Atrida	Cum Atrida:誰が汝に残忍なアトレウスの子と争うよう勧めたのか(ヘレネーがパリスに呼びかける)
327	6	Atrides (Menelaus)	アトレウスの子(メネラーオス)	Atrida	cum saevo . . . -da 327
329	6	Menelaus	メネラーオス	viri	viri 275. 288. 329
332	4	MENELAUS	メネラーオス	Atrides	— 私に勝ったのではない(パリスがヘレネーに呼びかける)
332	4	PARIS	パリス	Alexander	— 悲しげに、ヘレネーに答える
332	6	Alexander	アレクサンドロス	Alexander	-er 332
332	6	Atrides (Menelaus)	アトレウスの子(メネラーオス)	Atrides	-des 290. 301. 332. 349. (510?)
333	4	MINERVA	ミネルウァ	Palladis	Palladis:貞潔なパラスの怒りがパリスを打ち負かした
333	6	Helene	ヘレネー	ardor	o meus ardor 333
333	6	Pallas	パラス	Pallados	castae -dos ira 333
335	4	VENUS	ウェヌス	Cytherea	— わが労苦に味方してくれるであろう(パリスが語る)
335	6	Cytherea	キュテーラの女神	Cytherea	Cythereă 309. 335. 470:ウェヌス
337	4	HELENA	ヘレネー	Cygneidos	Cygneis Cygneidos:パリスは白鳥の娘の肢体の上に横たわる
337	6	Cygneis	白鳥の娘	Cygneidos	Cygneidos(一部の写本では -dus)337:ヘレネー
338	4	TROJA	トロイア	Trojae	ヘレネーはトロイアの炎と自らの炎(すなわちパリス)を膝に受け入れる
338	6	Troia	トロイア	Troiae	flammas . . . -iaeque suasque Parin 338
339	4	MENELAUS	メネラーオス	Menelaus	— 軍勢全体の中でパリスを探す
339	4	TROJANI	トロイア人	Troum	— メネラーオスはトロイア人の戦列の中にパリスを探す
339	6	Menelaus	メネラーオス	Menelaus	Menelaus 283. 312. 339. 539
339	6	Tros	トロイア人	Troum	Troum 102. 281. 339. 357. 438. 631. 641. 701. 963
340	4	PARIS	パリス	Alexandrum	Alexandrum:メネラーオスはアレクサンドロスを探す
340	6	Alexander	アレクサンドロス	Alexandrum	-drum 340
341	6	Hector	ヘクトール	frater	frater 341
342	4	TROJANI	トロイア人	Phrygas	Phrygas:アガメムノンは敗走したプリュギア人を口で叱りつける
342	6	Phryges	プリュギア人	Phrygas	pulsos -as (-es trad.) 342
343	4	HELENA	ヘレネー	Helenam	— メネラーオスがヘレネーの返還を求める
343	6	Helene	ヘレネー	Helenam	Helenam 317. 343
345	4	JUPPITER	ユピテル	regnator	Regnator Olympi:オリュンポスの全能の支配者が会議を開く
345	4	OLYMPUS	オリュンポス	Olympi	Olympi regnator:オリュンポスの支配者(ユピテル)
345	6	Iuppiter	ユピテル	regnator	omnipotens . . . regnator Olympi 345
345	6	Olympus	オリュンポス	Olympi	regnator -pi 345:ユピテル
346	4	PANDARUS	パンダロス	Pandarus	— 弓で休戦協定を乱す
346	6	Pandarus	パンダロス	Pandarus	-us 346. 436
347	4	MENELAUS	メネラーオス	Menelae	Menelae:メネラーオスよ、パンダロスが汝を狙う
347	6	Menelaus	メネラーオス	Menelae	te, Menelae 347
349	4	MENELAUS	メネラーオス	Atrides	— 呻きながら、パンダロスの矢で傷つけられたので戦いから退く
349	6	Atrides (Menelaus)	アトレウスの子(メネラーオス)	Atrides	-des 290. 301. 332. 349. (510?)
350	6	Aesculapius	アスクレーピオス	arte	arte paterna 350 を参照
351	4	PAEONIUS	パイエーオーンの	Paeoniis	Paeoniis herbis:ポダレイリオスはパイエーオーンの薬草でメネラーオスを治療する
351	4	PODALIRIUS	ポダレイリオス	Podalirius	— パンダロスに傷つけられたメネラーオスを治療する
351	6	Paeonius	パイエーオーンの	Paeoniis	Paeoniis . . . herbis 351
351	6	Podalirius	ポダレイリオス	Podalirius	iuvenis -ius 351:アスクレーピオスの子
352	6	Menelaus	メネラーオス	victor	victor 307. 352
353	4	AGAMEMNON	アガメムノン	Agamemnonis	— パンダロスがメネラーオスを傷つけた後、彼の怒りがギリシア人を殺戮へと武装させる
353	4	GRAI	ギリシア人	Pelasgos	— アガメムノンの怒りが勇敢なペラスゴイを武装させる
353	6	Agamemnon	アガメムノン	Agamemnonis	-onis ira 353
353	6	Pelasgi	ペラスゴイ	Pelasgos	fortes . . . -os 224. 353
357	4	GRAI	ギリシア人	Danaum	— ダナオイの部隊が倒れる
357	4	TROJANI	トロイア人	Troum	— トロイア人の部隊が倒れる
357	6	Danai	ダナオイ	Danaum	-um(属格):19. 50. 67. 124. 153. 251. 268. 357. 389. 496. 631. 686. 691. 698. 705. 743. 747. 794. 1025
357	6	Tros	トロイア人	Troum	Troum 102. 281. 339. 357. 438. 631. 641. 701. 963
358	4	MARS	マールス	Mavors	Mavors:四方に響く
358	6	Mavors	マーウォルス	Mavors	sonat undique Mavors、すなわち戦闘、358
360	4	ANTILOCHUS	アンティロコス	Antilochi	Antilochi:タリュシオスの子(エケポロス)がアンティロコスの剣で殺される
360	4	THALYSIADES	タリュシオスの子	Thalysiades	(エケポロス)アンティロコスに殺される
360	6	Antilochus	アンティロコス	Antilochi	Antilochi . . . -ense 360
361	6	Thalysiades	タリュシオスの子	Thalysiades	*Thalysiades (tales(t)- trad.) 361:エケポロス
362	4	GRAI	ギリシア人	Grajorum	Grajorum:ギリシア人の背後に迫るシモエイシオス
362	6	Graius	ギリシアの	Graiorum	名詞として:Graiorum terga 362
363	4	AJAX Telamonis filius	アイアース、テラモーンの子	Ajax	— テラモーンの子がアンテミオーンの子を倒す
363	4	ANTHEMIO	アンテミオーン	Anthemione	Anthemione satum:テラモーンの子アイアースがアンテミオーンの子(シモエイシオス)を殺す
363	6	Aiax (Telamonius)	アイアース(テラモーンの子)	Aiax	Telamonius -ax 205. 363. 602. 623. 787. 836
363	6	Anthemion	アンテミオーン	Anthemione	*Anthemione satum 363:トロイア人シモエイシオス
363	6	Telamonius	テラモーンの子	Telamonius	Telamonius Aiax 205. 363. 602. 623. 787. 836
366	4	ANTIPHUS Priami filius	アンティポス、プリアモスの子	Antiphus	— アイアースに向けて槍を投げる
366	6	Antiphus 3	アンティポス 3	Antiphus	Antiphus 366
368	4	AJAX Telamonis filius	アイアース、テラモーンの子	Ajacem	In Ajacem:アンティポスはアイアースに向けて槍を投げる
368	6	Aeacides (Aiax Telamonius)	アイアコスの末裔(テラモーンの子アイアース)	Aeaciden	-den 368
368	6	Aiax (Telamonius)	アイアース(テラモーンの子)	Aeaciden	-acem は Aeaciden 368. 628 を参照
369	4	LEUCUS	レウコス	Leucus	アンティポスがアイアースに向けて投げた槍に打たれる
369	6	Leucus	レウコス	Leucon	Leucon 対格 369:ウリクセスの仲間
372	4	AGAMEMNON	アガメムノン	Atrides	— 疲れを知らぬ者、デーモコオーンに向かう
372	6	Atrides (Agamemno)	アトリデス（アガメムノン）	Atrides	[impiger -es 372]
372	6	Laertiades	ラーエルテースの子	Atrides	*Laertiades (atrides trad.) 372:ウリクセス
373	4	DEMOCOON	デーモコオーン	Democoonta	Democoonta:アガメムノンがデーモコオーンに向かう
373	6	Democoon	デーモコオーン	Democoonta	*Democoonta 373:プリアモスの庶子
377	4	DIORES	ディオーレース	Amarynciden	Amaryncides Amarynciden:ペイロオスがアマリュンケウスの子を殺す
377	6	Amaryncides	アマリュンケウスの子	Amarynciden	*Amaryncīden 377
378	4	PIROUS	ペイロオス	Pirous	— インブラソスの子が、アマリュンケウスの子ディオーレースを殺す
378	6	Imbrasides	インブラソスの子	Imbrasides	impiger *Imbrasides (umbr- trad.) 378:ペイロオス
380	4	THOAS	トアース	Thoantis	Thoantis:トアースの右手が、構えた槍でペイロオスに向かう
380	6	Thoas	トアース	Thoantis	dextrā . . . Thoantis 380
384	4	DARDANIUS	ダルダノスの	Dardanii	Dardanii campi:ダルダノスの野は血に濡れる
384	6	Dardanius	ダルダノスの	Dardanii	-ii . . . campi 384:トロイアの
385	6	Xanthus (fluvius)	クサントス(河)	amnes	amnes 385
387	4	GRAI	ギリシア人	Achivis	— 彼らの武勇が増す
387	4	TROJANI	トロイア人	Trojanis	Trojanis:トロイア人の武勇が増す
387	6	Achivi	アカイア人	Achivis	-is 69. 387
387	6	Troianus	トロイアの	Troianis	Troianis . . . virtus crescit 387
389	4	GRAI	ギリシア人	Danaum	— 退く隊列
389	6	Danai	ダナオイ	Danaum	-um(属格):19. 50. 67. 124. 153. 251. 268. 357. 389. 496. 631. 686. 691. 698. 705. 743. 747. 794. 1025
390	4	DIOMEDES	ディオメーデース	Tydides	— ダナオイが退くのを見る
390	4	MARS	マールス	Martem	Martem:ディオメーデースはマールスが膨れ上がり大きくなるのを見る
390	6	Mars	マールス	Martem	tumidumque increscere Martem、すなわち戦争、390
390	6	Tydides	テューデウスの子	Tydides	Tydides 390. 408. 530. 665. 1008
394	4	MINERVA	ミネルウァ	Pallas	— 戦の女神は戦いでディオメーデースに付き添う
394	6	Pallas	パラス	Pallas	bellica -as 394
395	6	Diomedes	ディオメーデース	iuveni	395 iuveni
399	4	DIOMEDES	ディオメーデース	Calydonius	Calydonius heros:敵の只中に突進する
399	6	Calydonius	カリュドーンの	Calydonius	Calydonius heros 399. 454
400	4	MINERVA	ミネルウァ	Virginis	Virgo armigera Virginis armigerae:武装した乙女の忠告と神威
400	6	armigera	武装した	armigerae	virginis armigerae 400. 545:ミネルウァの
401	4	TROJANI	トロイア人	Phryges	Phryges:逃げる
401	6	Phryges	プリュギア人	Phryges	Phryges 401. 493. 636. 682. 762. 803
403	4	DARES	ダレース	Daretis	Daretis:ディオメーデースは敵の戦列にダレースの息子たちを見つける
403	6	Dares	ダレース	Daretis	*Daretis . . . natos, Phegeaque Idaeumque 403. トロイア人の間のウルカヌスの神官の
405	4	IDAEUS Daretis filius	イーダイオス、ダレースの子	Idaeum	Idaeum:ディオメーデースは戦列の中に兄弟とともにいるイーダイオスを見つける
405	4	PHEGEUS	ペーゲウス	Phegeus	ディオメーデースに向けて槍を放つ
405	4	PHEGEUS	ペーゲウス	Phegea	Phegea:ディオメーデースは戦列の中にペーゲウスを見る
405	6	Idaeus 1	イーダイオス 1	Idaeum	Daretis . . . natos, Phegeaque Idaeumque 405
405	6	Phegeus	ペーゲウス	Phegeus	*Phegeus 405
405	6	Phegeus	ペーゲウス	Phegea	Daretis natos . . . *Phegeaque Idaeumque 405
408	4	DIOMEDES	ディオメーデース	Tydides	— ペーゲウスを殺す
408	6	Tydides	テューデウスの子	Tydides	Tydides 390. 408. 530. 665. 1008
409	6	Phegeus	ペーゲウス	viri	viri 409 を参照
413	6	Idaeus 1	イーダイオス 1	frater	frater 413 を参照
414	6	Phegeus	ペーゲウス	germani	germani 414. 421
415	6	Tydides	テューデウスの子	Tydidae	saevi . . . -dae 415
416	4	DIOMEDES	ディオメーデース	Tydidae	Tydidae:イーダイオスは残忍なテューデウスの子の強い武器に耐えられない
421	4	IDAEUS Daretis filius	イーダイオス、ダレースの子	Idaeus	— ディオメーデースが傷つけた兄弟を助けることができない
421	6	Idaeus 1	イーダイオス 1	Idaeus	-us 421
421	6	Phegeus	ペーゲウス	germani	germani 414. 421
422	6	Phegeus	ペーゲウス	fratri	fratri 422
424	4	AGAMEMNON	アガメムノン	Atrides	— トロイア人に対し武器をとって荒れ狂う
424	4	TROJANI	トロイア人	Teucros	In Teucros:アガメムノンはテウクロイに対して荒れ狂う
424	6	Atrides (Agamemno)	アトリデス（アガメムノン）	Atrides	alter(?) -es 424
424	6	Teucri	テウクロイ	Teucros	-os 424. 903
427	4	HODIUS	ホディオス	Hodius	— 不幸な者、アガメムノンに打ち倒される
427	6	Odius	オディオス	Odius	infelix -us 427
429	4	IDOMENEUS	イードメネウス	Idomeneus	— パイストスを斬り殺す
429	6	Idomeneus	イードメネウス	Idomeneus	-eus 429
430	4	PHAESTUS	パイストス	Phaestum	Phaestum:イードメネウスがマイオネス人パイストスを打つ
430	6	Maeonides	マイオネス人	Maeoniden	*Maeoniden Phaestum 430
430	6	Phaestus	パイストス	Phaestum	Maeoniden *Phaestum 430:Μήονος υἱὸν Βώρου ἐκ Τάρνης(「タルネーから来たマイオネス人ボーロスの子」)
431	4	STROPHIUS	ストロピオス	Strophio	e Strophio genitum:イードメネウスがストロピオスの子(すなわちスカマンドリオス)を斬り殺す
431	4	STYGIUS	ステュクスの	Stygias	ad Stygias undas:ステュクスの波へ
431	6	Strophius	ストロピオス	Strophio	Strophio genitum 431:スカマンドリオス
431	6	Stygius	ステュクスの	Stygias	Stygias . . . ad umbras 431
432	4	MERIONES	メーリオネース	Meriones	— ペレクロスを斬り殺す
432	4	PHERECLUS	ペレクロス	Phereclum	Phereclum:メーリオネースがペレクロスを殺す
432	6	Meriones	メーリオネース	Meriones	-nes *432. 1013
432	6	Phereclus	ペレクロス	Phereclum	*Phereclum 432:Τέκτονος υἱὸν Ἁρμονίδεω(「ハルモーンの子テクトーンの子」)
433	4	EURYPYLUS	エウリュピュロス	Eurypylus	巨大な武具で恐るべき者、ヒュプセーノールを殺す
433	4	MEGES	メゲース	Meges	— ペーダイオスを斬り殺す
433	4	PEDAEUS	ペーダイオス	Pedaeum	Pedaeum:メゲースがペーダイオスを殺す
433	6	Meges	メゲース	Meges	*Meges 433. ピューレウスの子、ギリシア側
433	6	Pedaeus	ペーダイオス	Pedaeum	*Pedaeum 433:アンテーノールの庶子
434	4	HYPSENOR	ヒュプセーノール	Hypsenora	Hypsenora:エウリュピュロスは向かって来るヒュプセーノールを斬り殺す
434	6	Eurypylus	エウリュピュロス	Eurypylus	vastis horridus armis Eurypylus 434
434	6	Hypsenor	ヒュプセーノール	Hypsenora	*Hypsenoră 434:ドロピオーンの子
436	4	PANDARUS	パンダロス	Pandarus	— 軍勢の中を飛び回る
436	6	Pandarus	パンダロス	Pandarus	-us 346. 436
437	4	DIOMEDES	ディオメーデース	Tydiden	Tydiden:パンダロスはテューデウスの子を探す
437	6	Tydides	テューデウスの子	Tydiden	-den 437:ディオメーデース
438	4	TROJANI	トロイア人	Troum	— パンダロスはディオメーデースがトロイア人の身体を打ち倒すのを見る
438	6	Tros	トロイア人	Troum	Troum 102. 281. 339. 357. 438. 631. 641. 701. 963
441	4	DIOMEDES	ディオメーデース	Calydonius	Calydonius juvenis:怒りに燃える
441	6	Calydonius	カリュドーンの	Calydonius	iuvenis -us 441:ディオメーデース
443	4	ASTYNOUS	アステュノオス	Astynoum	Astynoum:ディオメーデースが彼を殺す
443	4	HYPIRON	ヒュペイローン	Hypirona	Hypirona:ディオメーデースが偉大なヒュペイローンに襲いかかる
443	6	Astynous	アステュノオス	Astynoum	*Astynoum 443
443	6	Hyperon	ヒュペイローン	Hyperona	magnum . . . *Hyperonă 443
445	4	ABAS	アバース	Abanta	Abanta:ディオメーデースが彼を殺す
445	4	POLYIDOS Eurydamantis filius	ポリュイードス、エウリュダマースの子	Polyidon	Polyidon:ディオメーデースがポリュイードスを殺す
445	6	Abas	アバース	Abanta	Abanta:ディオメーデースが、エウリュダマースの子でポリュイードスの兄弟であるトロイア人アバースを殺した 445
445	6	Polyidos	ポリュイードス	Polyïdon	*Polyïdŏn (polidona trad.) 445:エウリュダマースの子
446	4	THOON Phaenopis filius	トオーン、パイノプスの子	Thoonem	Thoonem:ディオメーデースが巨大なトオーンを殺す
446	4	XANTHUS Phaenopis filius	クサントス、パイノプスの子	Xanthum	Xanthum:ディオメーデースが戦で知られたクサントスを殺す
446	6	Thoon	トオーン	Thoonem	vastum . . . *Thoonem 446:パイノプスの子
446	6	Xanthus (Phaenopis f.)	クサントス(パイノプスの子)	Xanthum	notum bello Xanthum 446:パイノプスの子、トオーンの兄弟
447	4	CHROMIUS Priami filius	クロミオス、プリアモスの子	Chromium	Chromium:ディオメーデースが彼を斬り殺す
447	4	ECHEMON	エケモーン	Echemona	Echemona:ディオメーデースが彼を斬り殺す
447	6	Chromius 2	クロミオス 2	Chromium	Chromiumque et Echemmona 447:プリアモスの子ら
447	6	Echemmon	エケモーン	Echemmona	Echemmona 447:プリアモスの子
448	4	TARTARA	タルタラ	Tartara	ad Tartara:ディオメーデースがエケモーンをタルタラへ送る
448	6	Tartara	タルタラ	Tartara	ad Tartara mittit 448
449	4	DIOMEDES	ディオメーデース	Tydidae	— 彼の右手に倒されたパンダロス
449	4	PANDARUS	パンダロス	Pandare	Pandare:パンダロスよ、汝はディオメーデースの手に倒れる
449	6	Pandarus	パンダロス	Pandare	-re 449
449	6	Tydides	テューデウスの子	Tydidae	-dae . . . dextra 449
453	4	TYDEIUS	テューデウスの子の	Tydeius	(ディオメーデースの)ensis:テューデウスの子の剣
453	6	Tydeius	テューデウスの子の	Tydeius	Tydeius ensis、ディオメーデースの:453
454	4	AENEAS	アエネーアース	Aeneas	— ディオメーデースと戦う
454	4	DIOMEDES	ディオメーデース	Calydonius	— アエネーアースと戦う
454	6	Aeneas	アエネーアース	Aeneas	-as 454. 516
454	6	Calydonius	カリュドーンの	Calydonius	Calydonius heros 399. 454
458	4	DIOMEDES	ディオメーデース	Tydides	— 偉大なる者、どこでアエネーアースを傷つけるべきかわからない
459	6	Tydides	テューデウスの子	Tydides	magnus . . . -des 459
464	4	VENUS	ウェヌス	Venus	— アエネーアースをディオメーデースから
464	6	Venus	ウェヌス	Venus	Venus 315. 464. 911
466	4	DIOMEDES	ディオメーデース	Oenides	Oenides:ウェヌスの手を傷つける
466	6	Oenides	オイネウスの孫	Oenides	*Oenides 466:ディオメーデース
467	4	VENUS	ウェヌス	Venerem	In Venerem:ディオメーデースは武器をとってウェヌスに襲いかかる
467	6	Venus	ウェヌス	Venerem	in -rem 467
470	4	VENUS	ウェヌス	Cytherea	— ディオメーデースの槍に打たれ、天へ向かう
470	6	Cytherea	キュテーラの女神	Cytherea	Cythereă 309. 335. 470:ウェヌス
471	6	Dione	ディオーネー	matri	(Dione)、ウェヌスの母:sidereae . . . matri 471
472	4	AENEAS	アエネーアース	Aenean	Aenean:トロイアのアポロがダルダノスのアエネーアースを救う
472	4	APOLLO	アポロ	Apollo	— トロイアの[アポロ]がアエネーアースを救う
472	6	Aeneas	アエネーアース	Aenean	Dardanium -an 472
472	6	Apollo	アポロ	Apollo	Troianus -o 472. 830
472	6	Dardanius	ダルダノスの	Dardanium	-um Aenean 472
483	4	AENEAS	アエネーアース	Veneris	Veneris proles:ウェヌスのいと麗しき子が軍勢の中に躍り出る
483	4	VENUS	ウェヌス	Veneris	Veneris:ウェヌスの子、アエネーアース
483	6	Aeneas	アエネーアース	proles	および Venus 483
483	6	Venus	ウェヌス	Veneris	Aeneas, -eris . . . proles 236. 483
484	4	GRAI	ギリシア人	Grajorum	— アエネーアースは彼らの隊列に迫る
484	6	Graius	ギリシアの	Graiorum	-orum . . . agmina 484
486	4	HECTOR	ヘクトール	Hector	— 最も勇敢な者、ギリシア人を殺戮で打ち倒す
486	4	TROJANI	トロイア人	Phrygum	— プリュギア人のただ一つの希望、ヘクトール
486	6	Hector	ヘクトール	Hector	fortissimus -or 486. 820
486	6	Phryges	プリュギア人	Phrygum	spes una -um 486
487	4	GRAI	ギリシア人	Grajum	— ヘクトールはギリシア人の隊列を敗走させる
487	6	Graius	ギリシアの	Graium	agmina -um 305. 487
491	4	HECTOR	ヘクトール	Hector	— まさに狼のようにギリシア人に襲いかかる
491	6	Hector	ヘクトール	Hector	Hector 256. 277. 491. 626. 677. 774. 959. 967. 979. 996. 1051
492	4	GRAI	ギリシア人	Danaos	— ヘクトールはダナオイに襲いかかる
492	6	Danai	ダナオイ	Danaos	-os 45. 492. 659. 808. 912. 950. 1001
493	4	GRAI	ギリシア人	Grajorum	— 彼らの戦列が崩れる
493	4	TROJANI	トロイア人	Phryges	— より激しく迫る
493	6	Graius	ギリシアの	Graiorum	-orum acies 493
493	6	Phryges	プリュギア人	Phryges	Phryges 401. 493. 636. 682. 762. 803
495	4	MARS	マールス	Marti	Marti:ギリシア人は敵意あるマールスの前に退く
495	6	Mars	マールス	marte	infesto Marte 495
496	4	AGAMEMNON	アガメムノン	Danaum	Danaum rex:敵意あるマールスの前に仲間たちが退くのを見る
496	4	GRAI	ギリシア人	Danaum	— 王(アガメムノン)
496	6	Agamemnon	アガメムノン	rex	また rex Danaum 124. 496 を参照
496	6	Danai	ダナオイ	Danaum	-um(属格):19. 50. 67. 124. 153. 251. 268. 357. 389. 496. 631. 686. 691. 698. 705. 743. 747. 794. 1025
500	4	LIBYCUS	リビアの	Libycus	ut Libycus leo:リビアの獅子のように(アガメムノン)
500	6	Libycus	リビアの	Libycus	Libycus . . . leo 500
504	4	AGAMEMNON	アガメムノン	Atrides	— 敵に対し猛々しく、リビアの獅子のように突進する
504	6	Atrides (Agamemno)	アトリデス（アガメムノン）	Atrides	ferus -es 504
505	4	TROJANI	トロイア人	Phrygum	— アガメムノンがプリュギア人の部隊を押し返す
505	6	Phryges	プリュギア人	Phrygum	-um . . . turmas 505
506	4	GRAI	ギリシア人	Achivum	Achivum:アガメムノンの武勇がアカイア人の力を燃え立たせる
506	6	Achivi	アカイア人	Achivum	-um 506. 657
508	4	GRAI	ギリシア人	Danai	Danai:喜ぶ
508	4	TROJANI	トロイア人	Teucri	Teucri:敗走させられる
508	6	Danai	ダナオイ	Danai	Danai 508. 542. 646. 679. 766. 802. 838. 960. 978. 1002
508	6	Teucri	テウクロイ	Teucri	Teucri 508
509	4	AENEAS	アエネーアース	Aenean	— アガメムノンは戦車で進むアエネーアースを見つける
509	6	Aeneas	アエネーアース	Aenean	-ān 509
510	4	AGAMEMNON	アガメムノン	Atrides	— 戦車で進むアエネーアースを見つける
510	6	Atrides (Agamemno)	アトリデス（アガメムノン）	Atrides	-es 24. 510(?) 663
510	6	Atrides (Menelaus)	アトレウスの子(メネラーオス)	Atrides	-des 290. 301. 332. 349. (510?)
513	6	Aeneae auriga	アエネーアースの御者		アエネーアースの御者、名は挙げられない 513
516	4	AENEAS	アエネーアース	Aeneas	— 御者がアガメムノンに殺されると、呻き、勇んで戦車から飛び降りる
516	6	Aeneas	アエネーアース	Aeneas	-as 454. 516
517	4	CRETHON	クレートーン	Crethona	Crethona:アエネーアースが彼を殺す
517	6	Crethon	クレートーン	Crethona	Crethona 517:ディオクレースの子、ペライの人
518	4	ORSILOCHUS	オルシロコス	Orsilochum	Orsilochum:アエネーアースがオルシロコスを斬り殺す
518	6	Orsilochus	オルシロコス	Orsilochum	*Orsilochum 518:ディオクレースの子、ペライの人
519	4	MENELAUS	メネラーオス	Menelai	— ピュライメネースがメネラーオスの武器に倒れる
519	4	PYLAEMEN	ピュライメネース	Paphlagonum	Paphlagonum ductor:パプラゴニア人の指揮者がメネラーオスに殺される
519	6	Menelaus	メネラーオス	Menelai	-lai 519. 639
519	6	Paphlagones	パプラゴニア人	Paphlagonum	Paphlagonum ductor 519:ピュライメネース
520	4	ANTILOCHUS	アンティロコス	Antilochi	— ミュドーンが彼の武器に倒れる
520	4	JUPPITER	ユピテル	Jovis	— 子(サルペードーン)
520	4	MYDON	ミュドーン	Mydon	アンティロコスの武器に倒れる
520	4	SARPEDON	サルペードーン	Sarpedon	— ユピテルの名高き子が戦う
520	6	Antilochus	アンティロコス	Antilochi	armis . . . -i 520:ネストールの子
520	6	Iuppiter	ユピテル	Iovis	Iovis inclita proles Sarpedon 248. 520
520	6	Mydon	ミュドーン	Mydon	*Mydon 520:ピュライメネースの御者、アテュムニオスの子
521	6	Sarpedon	サルペードーン	Sarpedon	Iovis inclita proles Sarpedon 249. 521
523	4	HERCULES	ヘーラクレース	Hercule	Hercule magno:偉大なヘーラクレースの子トレーポレモス
523	4	TLEPOLEMUS	トレーポレモス	Tlepolemus	— 偉大なヘーラクレースの子、サルペードーンに殺される
523	6	Hercules	ヘーラクレース	Hercule	Tlepolomus magno satus Hercule 523
523	6	Tlepolomus	トレーポレモス	Tlepolomus	*-us magno satus Hercule 523
524	6	Hercules	ヘーラクレース	labores	patris . . . labores 524 を参照
527	4	SARPEDON	サルペードーン	Sarpedon	— 傷を負って戦いから退く
527	4	ULIXES	ウリクセス	Ulixes	— 欺瞞の考案者、七人のトロイアの若者を殺す
527	6	Sarpedon	サルペードーン	Sarpedon	-don 527
527	6	Vlixes	ウリクセス	Vlixes	fraudis . . . commentor -es 527. 579
529	4	HECTOR	ヘクトール	Hector	— 祖国の柱、マールスの子が戦う
529	6	Hector	ヘクトール	Hector	patriae columen Mavortius -or 529
530	4	DIOMEDES	ディオメーデース	Tydides	— 戦う
530	6	Tydides	テューデウスの子	Tydides	Tydides 390. 408. 530. 665. 1008
532	4	MARS	マールス	Mavors	— 戦の力を持つ者、パラスと戦う
532	4	MINERVA	ミネルウァ	Pallade	Cum Pallade:マールスは貞潔なパラスと戦う
532	6	bellipotens	戦の力を持つ者	bellipotens	bellipotens . . . Mavors 532
532	6	Mavors	マーウォルス	Mavors	bellipotens . . . Mavors 532
532	6	Pallas	パラス	Pallade	casta cum -de 532. 894
533	4	MINERVA	ミネルウァ	virago	sancta virago:聖なる女戦士がマールスを傷つける
533	6	virago	女戦士	virago	sancta virago 533:ミネルウァ
536	6	Iuppiter	ユピテル	regi	aethereo . . . regi 536
537	6	Iuppiter	ユピテル	genitoris	magni genitoris 537
538	4	ACAMAS dux Thracum	アカマース、トラーキア人の将	Acamantem	Acamantem:テラモーンの子アイアースが彼を殺す
538	4	AJAX Telamonis filius	アイアース、テラモーンの子	Ajax	— トラーキア人の将アカマースを殺す
538	6	Acamas 2	アカマース 2	Acamantem	-antem . . . テラモーンの子アイアースが彼を殺す 538
538	6	Aiax (Telamonius)	アイアース(テラモーンの子)	Aiax	-ax 538. 799. 1009
539	4	ADRASTUS	アドラストス	Adrastum	Adrastum:メネラーオスが巨大なアドラストスを捕らえる
539	4	MENELAUS	メネラーオス	Menelaus	— アドラストスを捕らえる
539	6	Adrastus	アドラストス	Adrastum	vastumque capit Menelaus -um 539
539	6	Menelaus	メネラーオス	Menelaus	Menelaus 283. 312. 339. 539
542	4	GRAI	ギリシア人	Danai	— 押し寄せる
542	4	TROJANI	トロイア人	Trojana	Trojana juventus:トロイアの若者たちが退く
542	6	Danai	ダナオイ	Danai	Danai 508. 542. 646. 679. 766. 802. 838. 960. 978. 1002
542	6	Troianus	トロイアの	Troiana	Troiana iuventus 542. 770
543	4	HECTOR	ヘクトール	Hector	— マールスの子は、神々がギリシア人のために戦っていることを悟る
543	6	Hector	ヘクトール	Hector	Mavortius -or 543. 797
543	6	Mavortius	マーウォルスの子	Mavortius	Mavortius Hector 543. 797
544	4	GRAI	ギリシア人	Danais	Pro Danais:ヘクトールは神々がダナオイのために戦っていることを悟る
544	6	Danai	ダナオイ	Danais	pro -is 544
545	4	MINERVA	ミネルウァ	Virginis	神威
545	6	armigera	武装した	armigerae	virginis armigerae 400. 545:ミネルウァの
546	4	HECUBA	ヘカベー	Hecubam	Hecubam:ヘクトールはヘカベーを呼ぶよう命じる
546	6	Hecabe	ヘカベー	Hecaben	Hecubam 546
547	6	Diva	女神	divae	divae 547:ミネルウァ
548	4	MINERVA	ミネルウァ	Palladis	トロイアの女たちは未婚のパラスの神殿へ上って行く
548	6	Pallas	パラス	Pallados	innuptae -dos arces 548(両箇所とも -dis trad.)
549	4	ILIADES	イーリオンの女たち	Iliades	ミネルウァの神殿へ上って行く
549	6	Iliades	イーリオンの女たち	Iliades	Iliades 549
551	4	HECUBA	ヘカベー	Hecube	Hecube:嘆願者としてミネルウァの神殿へ
551	4	MINERVA	ミネルウァ	Minervae	Minervae:ヘカベーは嘆願者としてミネルウァの神殿に来る
551	6	Hecabe	ヘカベー	Hecabe	Hecabē (-cuba trad.) . . . genetrix 551
551	6	Minerva	ミネルウァ	Minervae	ad templa Minervae 551
552	6	Priamus	プリアモス	coniuge	coniuge 552 を参照
553	4	GLAUCUS Lyciorum dux	グラウコス、リュキア人の将	Glaucus	— ディオメーデースと戦おうとする
553	6	Glaucus	グラウコス	Glaucus	-us 553:トロイア側のリュキア人の将
554	4	DIOMEDES	ディオメーデース	Diomede	Cum Diomede:ディオメーデースと戦おうとするグラウコス
554	6	Diomedes	ディオメーデース	Diomede	cum -dĕ 554
556	4	DIOMEDES	ディオメーデース	Aetolius	Aetolius heros:グラウコスに呼びかける
556	6	Aetolius	アエトーリアの	Aetolius	Aetolius heros 556. 698:ディオメーデース
559	4	VENUS	ウェヌス	Veneris	— ディオメーデースがウェヌスの右手を傷つける
559	6	Diomedes	ディオメーデース	qui	584 行:qui . . . manum Veneris violavit(559 を参照)
559	6	Venus	ウェヌス	Veneris	-eris 559. 584
560	4	MARS	マールス	Martem	— ディオメーデースはマールスを突いた
560	6	Mars	マールス	Martem	Diomedes pupugit . . . Martem 560
564	4	ANDROMACHE	アンドロマケー	Andromache	ヘクトールのいと忠実な妻、彼と語り合うことを求める
565	4	ASTYANAX	アステュアナクス	Astyanacta	Astyanacta:アンドロマケーが幼いアステュアナクスを抱く
565	4	HECTOR	ヘクトール	Hectoris	— その妻アンドロマケー
565	6	Andromache	アンドロマケー	Andromache	fidissima coniunx . . . Andromachē 565
565	6	Astyanax	アステュアナクス	natum	parvum . . . natum 565 を参照
565	6	Hector	ヘクトール	Hectoris	-oris 232. 565. 1006. 1040
566	6	Astyanax	アステュアナクス	Astyanacta	Andromache parvum . . . Astyanacta tenet 566
566	6	Hector	ヘクトール	heros	maximus heros 566
567	6	Astyanax	アステュアナクス	infans	infans 567. 571
568	6	Andromache	アンドロマケー	materna	materna ad pectora 568 を参照
570	6	Hector	ヘクトール	iuvenis	iuvenis 570
571	6	Astyanax	アステュアナクス	infantem	infans 567. 571
572	4	JUPPITER	ユピテル	pater	呼格:最善なる者よ(ヘクトールが祈る)
572	6	Iuppiter	ユピテル	pater	o pater optime 572
573	6	Astyanax	アステュアナクス	natus	meus . . . natus 573
575	6	Troia	トロイア	portis	portis 227. 575
576	4	PARIS	パリス	Paris	— ヘクトールとともに戦列を目指す
576	6	Paris	パリス	Paris	Paris 576. 756
577	4	HECTOR	ヘクトール	Hector	— 最も偉大な者、ギリシアの将たちに挑む
577	6	Hector	ヘクトール	Hector	maximus -or 577. 636
578	4	GRAI	ギリシア人	Grajorum	— ヘクトールは彼らの将たちに挑む
578	6	Graius	ギリシアの	Graiorum	-orum . . . duces 578
579	4	ULIXES	ウリクセス	Ulixes	— 欺瞞の考案者、ヘクトールがギリシアの将たちに武器で挑むと、他の者たちとともに進み出る
579	6	Vlixes	ウリクセス	Vlixes	fraudis . . . commentor -es 527. 579
580	4	IDOMENEUS	イードメネウス	Idomeneus	— 猛き者、ヘクトールがギリシアの将たちに挑むと進み出る
580	4	MERIONES	メーリオネース	Meriones	— 父祖の家柄で知られ、他の者たちとともに戦いに進み出る
580	6	Idomeneus	イードメネウス	Idomeneus	ferus -eus 580
581	4	AGAMEMNON	アガメムノン	Atrides	— ギリシア人の猛き将、ヘクトールがギリシアの将たちに武器で挑むと、進み出る
581	4	GRAI	ギリシア人	Grajum	— ギリシア人の将、アガメムノン
581	6	Atrides (Agamemno)	アトリデス（アガメムノン）	Atrides	Graium . . . dux acer -es 581
581	6	Graius	ギリシアの	Graium	-um . . . dux 581
581	6	Meriones	メーリオネース	Meriones	Idomeneus et *iunctus gente paterna -nes 581
582	4	AJACES	アイアース二人	Ajaces	二人の
582	4	EURYPYLUS	エウリュピュロス	Eurypylus	— 名高い武具で見事な者、他の者たちとともに進み出る
582	6	Aiaces	アイアース二人	Aiaces	Aiacesque duo 582
583	4	ANDRAEMO	アンドライモーン	Andraemone	— 偉大な[アンドライモーン]の子トアース
583	4	THOAS	トアース	Thoas	— 偉大なアンドライモーンの子、ギリシアの他の将たちとともに進み出る
583	6	Andraemon	アンドライモーン	Andraemone	Thoas Andraemone natus 202. 583
583	6	Eurypylus	エウリュピュロス	Eurypylus	claris speciosus in armis -us 583
583	6	Thoas	トアース	Thoas	magno . . . Thoas Andraemone natus 583
584	4	VENUS	ウェヌス	Veneris	— 同じ者が彼女の手を傷つけた
584	6	Diomedes	ディオメーデース	qui	584 行:qui . . . manum Veneris violavit(559 を参照)
584	6	Venus	ウェヌス	Veneris	-eris 559. 584
585	4	ACHILLES	アキレウス	Achilles	— トロイア人の恐怖、戦いから離れ、竪琴で恋心を慰める
585	4	TROJANI	トロイア人	Troum	— トロイア人の恐怖、アキレウス
585	6	Achilles	アキレウス	Achilles	Troum terror -es 585
585	6	Tros	トロイア人	Troum	Troum terror Achilles 585
586	6	Briseis	ブリセイス	amores	amores 586
587	4	AGAMEMNON	アガメムノン	Atridae	— 王の兜の中に籤が投げ入れられる
587	6	Atrides (Agamemno)	アトリデス（アガメムノン）	Atridae	regis -dae 587
588	4	AJAX Telamonis filius	アイアース、テラモーンの子	Ajax	— 偉大なる者、アガメムノンの兜に籤が投げ入れられると進み出る
588	6	Aiax (Telamonius)	アイアース(テラモーンの子)	Aiax	magnus . . . -ax 588
601	4	ACHILLES	アキレウス	Aeacides	[Aeacides]
601	4	HECTOR	ヘクトール	Priamides	Priamides [—]
601	6	Aiax (Telamonius)	アイアース(テラモーンの子)	Aiacis	ardorque -acis 601
601	6	Priamides	プリアモスの子	Priamides	Priamides 601. 610. 660. 988
602	4	AJAX Telamonis filius	アイアース、テラモーンの子	Ajax	— テラモーンの子、心と武器で荒れ狂い、ヘクトールに向かう
602	6	Aiax (Telamonius)	アイアース(テラモーンの子)	Aiax	Telamonius -ax 205. 363. 602. 623. 787. 836
602	6	Telamonius	テラモーンの子	Telamonius	Telamonius Aiax 205. 363. 602. 623. 787. 836
603	4	HECTOR	ヘクトール	Hectora	Hectora:テラモーンの子アイアースが戦で名高いヘクトールに向かう
603	6	Hector	ヘクトール	Hectora	insignem bello . . . -ora 603
610	4	AJAX Telamonis filius	アイアース、テラモーンの子	Telamone	Telamone creatus:ヘクトールはテラモーンの子に石で向かう
610	4	HECTOR	ヘクトール	Priamides	— アイアースに対して戦う
610	6	Priamides	プリアモスの子	Priamides	Priamides 601. 610. 660. 988
610	6	Telamon	テラモーン	Telamone	-one creatum 610. 624
611	4	AJAX Telamonis filius	アイアース、テラモーンの子	Ajax	— 猛々しく、ヘクトールが投げた石を盾で撥ね返した
611	6	Aiax (Telamonius)	アイアース(テラモーンの子)	Aiax	ferus -ax 611
614	4	APOLLO	アポロ	Apollo	— ギリシア人に敵意を抱き、アイアースがヘクトールを打つ石を軽くする
614	4	GRAI	ギリシア人	Grais	— ギリシア人に敵意を抱くアポロ
614	6	Apollo	アポロ	Apollo	Grais inimicus -o 614
614	6	Graius	ギリシアの	Grais	Grais 2. 277. 614
616	4	TITAN	ティーターン=太陽	Titan	— 疲れて、火を運ぶ戦車を波に沈め始めたとき
617	6	Titan	ティーターン	Titan	fessus in undas coeperat igniferos -an immergere currus 617
620	4	HECTOR	ヘクトール	Hector	— 戦において最も偉大な者、アイアースに呼びかける
620	6	Hector	ヘクトール	Hector	bello maximus -or 620. 832
623	4	AJAX Telamonis filius	アイアース、テラモーンの子	Ajax	[— テラモーンの子がヘクトールに答える]
623	6	Aiax (Telamonius)	アイアース(テラモーンの子)	Aiax	Telamonius -ax 205. 363. 602. 623. 787. 836
623	6	Telamonius	テラモーンの子	Telamonius	Telamonius Aiax 205. 363. 602. 623. 787. 836
624	4	AJAX Telamonis filius	アイアース、テラモーンの子	Telamone	— [汝は見る(彼は自らについて語る)]
624	4	HESIONA	ヘーシオネー	Hesione	[Hesione 奪格:母ヘーシオネーから生まれたテラモーンの子]
624	6	Hesione	ヘーシオネー	Hesiona	-na de matre . . . Telamone creatum Aiacem 624
624	6	Telamon	テラモーン	Telamone	-one creatum 610. 624
626	4	HECTOR	ヘクトール	Hector	[— アイアースに呼びかける]
626	4	HESIONA	ヘーシオネー	Hesionae	[ヘーシオネーの名]
626	6	Hector	ヘクトール	Hector	Hector 256. 277. 491. 626. 677. 774. 959. 967. 979. 996. 1051
626	6	Hesione	ヘーシオネー	Hesionae	Hesionae nomen 626
628	4	AJAX Telamonis filius	アイアース、テラモーンの子	Ajacem	— ヘクトールはアイアースに輝く剣を贈る
628	6	Aeacides (Aiax Telamonius)	アイアコスの末裔(テラモーンの子アイアース)	Aeaciden	-dēn *628
628	6	Aiax (Telamonius)	アイアース(テラモーンの子)	Aeaciden	-acem は Aeaciden 368. 628 を参照
629	4	AJAX Telamonis filius	アイアース、テラモーンの子	Ajax	— 戦士、ヘクトールは彼が締めていた帯を受け取る
629	6	Aiax (Telamonius)	アイアース(テラモーンの子)	Aiax	bellator . . . -ax 629
631	4	GRAI	ギリシア人	Danaum	— ダナオイとトロイア人の部隊が退く
631	4	TROJANI	トロイア人	Troum	— トロイア人とダナオイの部隊が退く
631	6	Danai	ダナオイ	Danaum	-um(属格):19. 50. 67. 124. 153. 251. 268. 357. 389. 496. 631. 686. 691. 698. 705. 743. 747. 794. 1025
631	6	Tros	トロイア人	Troum	Troum 102. 281. 339. 357. 438. 631. 641. 701. 963
633	4	BACCHUS	バックス	Bacchi	Bacchi liquor:バックスの液
633	6	Bacchus	バックス	Bacchi	Bacchi . . . liquore 633
635	4	AURORA	曙	Aurora	星々を追い払う
635	6	Aurora	曙	Aurora	stellas Aurora fugarat 635
636	4	HECTOR	ヘクトール	Hector	— 最も偉大な者、仲間たちとともに昨日の死者たちを思い起こす
636	4	TROJANI	トロイア人	Phryges	— 集会に来る
636	6	Hector	ヘクトール	Hector	maximus -or 577. 636
636	6	Phryges	プリュギア人	Phryges	Phryges 401. 493. 636. 682. 762. 803
638	4	GRAI	ギリシア人	Achivis	— ヘクトールは、ヘレネーを不敗のアカイア人に返すよう勧める
638	4	HELENA	ヘレネー	Helene	Helene:ヘクトールは、ヘレネーをギリシア人に返すよう勧める
638	6	Achivi	アカイア人	Achivis	invictis . . . -is 638
638	6	Helene	ヘレネー	Helene	Helenē 638
639	4	MENELAUS	メネラーオス	Menelai	— メネラーオスの激しい炎を和らげる戦利品
639	6	Menelaus	メネラーオス	Menelai	-lai 519. 639
640	4	MENELAUS	メネラーオス	Atridae	Atridae:イーダイオスが残忍なアトレウスの子のもとへ送られる
640	6	Atrides (Agamemno)	アトリデス（アガメムノン）	Atridae	saevo . . . -dae 640
641	4	IDAEUS Trojanorum praeco	イーダイオス、トロイア人の伝令	Idaeus	— トロイア人の伝言をアガメムノンに伝える
641	4	TROJANI	トロイア人	Troum	— イーダイオスがトロイア人の伝言をアガメムノンに伝える
641	6	Idaeus 2	イーダイオス 2	Idaeus	Idaeus 641
641	6	Tros	トロイア人	Troum	Troum 102. 281. 339. 357. 438. 631. 641. 701. 963
643	4	IDAEUS Trojanorum praeco	イーダイオス、トロイア人の伝令	Idaeum	Idaeum:アガメムノンはイーダイオスに陣営から去るよう命じる
643	6	Idaeus 2	イーダイオス 2	Idaeum	-um 643:トロイア人の伝令
644	4	TROICUS	トロイアの	Troica	ad Troica castra:トロイアの陣営へ
645	6	Troicus	トロイアの	Troiae	castra . . . Troica(異読 Troiae)645
646	4	GRAI	ギリシア人	Danai	— 火葬の薪を積む
646	6	Danai	ダナオイ	Danai	Danai 508. 542. 646. 679. 766. 802. 838. 960. 978. 1002
650	4	TITAN	ティーターン=太陽	Titan	— 光線で輝く円盤をあらわにしたとき
650	6	Titan	ティーターン	Titan	nitidum -an radiis patefecerat orbem 650
651	4	JUPPITER	ユピテル	Jovis	Jovis 主格:天上の神々を集会に呼び集める
651	6	Iuppiter	ユピテル	Iovis	主格:Iovis 651
654	4	IDA	イーデー	Idae	Idae:ユピテルはイーデーの木陰多い山々に座る
654	6	Ida	イーデー	Idae	umbrosis . . . montibus Idae 654
655	4	ILIACUS	イーリオンの	Iliacas	Iliacas acies:イーリオンの戦列
655	6	Iliacus	イーリオンの	Iliacas	acies . . . -cas 655
657	4	GRAI	ギリシア人	Achivum	— ユピテルはアカイア人とプリュギア人の運命を量る
657	4	TROJANI	トロイア人	Phrygum	— ユピテルはプリュギア人の過酷な運命とギリシア人の運命を量る
657	6	Achivi	アカイア人	Achivum	-um 506. 657
657	6	Phryges	プリュギア人	Phrygum	fata . . . -um 657
658	4	GRAI	ギリシア人	Grajum	— ユピテルが量ると、ギリシア人の災厄のほうが重い
658	6	Graius	ギリシアの	Graium	-um clades 658
659	4	GRAI	ギリシア人	Danaos	— ヘクトールはダナオイに襲いかかる
659	6	Danai	ダナオイ	Danaos	-os 45. 492. 659. 808. 912. 950. 1001
660	4	HECTOR	ヘクトール	Priamides	— プリュギアのただ一つの誉れ、怒って戦う
660	6	Priamides	プリアモスの子	Priamides	Priamides 601. 610. 660. 988
661	4	GRAI	ギリシア人	Achivi	Achivi 主格:混乱に陥る
661	4	PHRYGIA	プリュギア	Phrygiae	Phrygiae unum decus:プリュギアのただ一つの誉れ(ヘクトール)
661	6	Achivi	アカイア人	Achivi	661
661	6	Hector	ヘクトール	decus	unum . . . decus Phrygiae 661
661	6	Phrygia	プリュギア	Phrygiae	unum . . . decus Phrygiae、ヘクトール:661
662	4	DORICUS	ドーリスの	Dorica	Dorica castra:ドリスの陣営
662	6	Doricus	ドーリスの	Dorica	-ca . . . castra 662
663	4	AGAMEMNON	アガメムノン	Atrides	— 仲間たちを励ます
663	6	Atrides (Agamemno)	アトリデス（アガメムノン）	Atrides	-es 24. 510(?) 663
665	4	DIOMEDES	ディオメーデース	Tydides	— 将として、燃える武具で躍り出る
665	6	Tydides	テューデウスの子	Tydides	Tydides 390. 408. 530. 665. 1008
667	4	AGELAUS	アゲラーオス	Agelaus	ディオメーデースに立ち向かう
667	6	Agelaus	アゲラーオス	Agelaus	Agelaus 667:トロイア人、プラドモーンの子
668	6	Diomedes	ディオメーデース	heros	668 maximus heros
670	4	AJAX Telamonis filius	アイアース、テラモーンの子	Ajacis	In Ajacis armis:アイアースの武具に守られて、テウクロスはトロイア人を追い立てる
670	4	TEUCER	テウクロス	Teucer	アイアースの盾の下に立ってトロイア人を追い立てる
670	4	TROJANI	トロイア人	Phrygas	— テウクロスはアイアースの盾の下に立ってプリュギア人を追い立てる
670	6	Aiax (Telamonius)	アイアース(テラモーンの子)	Aiacis	-acis 670
670	6	Phryges	プリュギア人	Phrygas	-as (-es trad.) . . . Teucer agit 670
671	6	Teucer	テウクロス	Teucer	Teucer 671
672	4	GORGYTHION	ゴルギュティオーン	Gorgythiona	Gorgythiona:テウクロスが猛きゴルギュティオーンを殺す
672	6	Gorgythion	ゴルギュティオーン	Gorgythiona	*Gorgythiona ferum 672:プリアモスの子
673	4	HECTOR	ヘクトール	Hectoris	— テウクロスは驕れるヘクトールの御者を斬り倒す
673	6	Archeptolemus	アルケプトレモス	aurigam	aurigam . . . Hectoris 673
674	4	HECTOR	ヘクトール	Troius	Troius heros:トロイアの英雄が石でテウクロスを倒す
674	6	Hector	ヘクトール	Hectoris	superbi -oris 674
674	6	Troius	トロイアの	Troius	Troius heros、ヘクトール:674
677	4	HECTOR	ヘクトール	Hector	— 荒れ狂って突進する
677	6	Hector	ヘクトール	Hector	Hector 256. 277. 491. 626. 677. 774. 959. 967. 979. 996. 1051
679	4	GRAI	ギリシア人	Danai	— 逃げ込む
679	6	Danai	ダナオイ	Danai	Danai 508. 542. 646. 679. 766. 802. 838. 960. 978. 1002
682	4	GRAI	ギリシア人	Grajos	Grajos:トロイア人は塁壁の内に閉じ込められたギリシア人を包囲する
682	4	TROJANI	トロイア人	Phryges	— 塁壁の内に閉じ込められたギリシア人を包囲する
682	6	Graius	ギリシアの	Graios	Graios 682. 755. 763
682	6	Phryges	プリュギア人	Phryges	Phryges 401. 493. 636. 682. 762. 803
686	4	GRAI	ギリシア人	Danaum	— 首領たち
686	6	Danai	ダナオイ	Danaum	-um(属格):19. 50. 67. 124. 153. 251. 268. 357. 389. 496. 631. 686. 691. 698. 705. 743. 747. 794. 1025
689	4	ACHILLES	アキレウス	Achillis	— ギリシアの使節たちは、助けをもたらすよう彼の右手に促すが無駄である
689	6	Achilles	アキレウス	Achillis	-is 54. 689. 719. 806
690	4	ACHILLES	アキレウス	Thetideius	Thetideius heros:ギリシア人の嘆願をはねつける
690	6	Thetideius	テティスの子	Thetideius	Thetideius heros 690. 892:アキレウス
691	4	GRAI	ギリシア人	Danaum	— アキレウスはダナオイの嘆願を退ける
691	6	Agamemnon	アガメムノン	regis	rex 58. 134. 691
691	6	Danai	ダナオイ	Danaum	-um(属格):19. 50. 67. 124. 153. 251. 268. 357. 389. 496. 631. 686. 691. 698. 705. 743. 747. 794. 1025
692	6	Briseis	ブリセイス	ignis	redditus ignis 692
693	4	BRISEIS	ブリセイス	Briseis	たとえ手つかずのまま返されても、アキレウスを動かさない
693	6	Briseis	ブリセイス	Briseis	intacta . . . Briseis 693
694	4	GRAI	ギリシア人	Pelasgis	Pelasgis:使節たちはペラスゴイにアキレウスの返答を伝える
694	6	Pelasgi	ペラスゴイ	Pelasgis	-gis 694
698	4	DIOMEDES	ディオメーデース	Aetolius	— ウリクセスとともに陣営を出る
698	4	GRAI	ギリシア人	Danaum	— ダナオイの命により、ディオメーデースはウリクセスとともに陣営を出る
698	6	Aetolius	アエトーリアの	Aetolius	Aetolius heros 556. 698:ディオメーデース
698	6	Danai	ダナオイ	Danaum	-um(属格):19. 50. 67. 124. 153. 251. 268. 357. 389. 496. 631. 686. 691. 698. 705. 743. 747. 794. 1025
699	4	ULIXES	ウリクセス	Ulixem	Ulixem:ディオメーデースはウリクセスを自らの仲間に選ぶ
699	6	Vlixes	ウリクセス	Vlixem	-xem 699
701	4	TROJANI	トロイア人	Troum	— トロイア人の自信がどのようなものか
701	6	Tros	トロイア人	Troum	Troum 102. 281. 339. 357. 438. 631. 641. 701. 963
704	4	DOLON	ドローン	Dolon	夜にディオメーデースとウリクセスに出会う
704	4	TROJANI	トロイア人	Troia	Troia pubes:トロイアの若者たちは、ギリシア人の力を偵察させるためにドローンを送っていた
704	6	Dolon	ドローン	Dolon	*Dolon 704
704	6	Troius	トロイアの	Troia	Troia pubes 704
705	4	GRAI	ギリシア人	Danaum	— 力
705	6	Danai	ダナオイ	Danaum	-um(属格):19. 50. 67. 124. 153. 251. 268. 357. 389. 496. 631. 686. 691. 698. 705. 743. 747. 794. 1025
707	4	DIOMEDES	ディオメーデース	Diomedis	Diomedis socius:ディオメーデースの仲間、ウリクセス
707	4	ULIXES	ウリクセス	Ulixes	— ドローンを見つける
707	6	Diomedes	ディオメーデース	Diomedis	socius Diomedis 707
707	6	Vlixes	ウリクセス	Vlixes	Vlixes 707
710	4	DOLON	ドローン	Eumediades	Tros Eumediades:エウメーデースの子なるトロイア人が走って彼らより先を行く
710	6	Eumediades	エウメーデースの子	Eumediades	Tros *Eumediades 710:ドローン
710	6	Tros	トロイア人	Tros	Tros (troius trad.) Eumediades、ドローン:710
719	4	ACHILLES	アキレウス	Achillis	— ドローンは、アキレウスの戦車がトロイア人から自分に約束されたと語る
719	4	TROJA	トロイア	Troja	— 最も偉大な都、ドローンにアキレウスの戦車を約束していた
719	6	Achilles	アキレウス	Achillis	-is 54. 689. 719. 806
719	6	Troia	トロイア	Troia	maxima -ia 719
723	4	DIS	ディース	Ditis	per Ditis opaci fluctus:暗きディースの波にかけて(ドローンが嘆願者として語る)
723	6	Dis	ディース	Ditis	per Ditis fluctus obtestor opaci 723
726	4	PRIAMUS	プリアモス	Priami	Priami:プリアモスの計画を明かそう(ドローンが語る)
726	4	TROJANI	トロイア人	Phrygiae	Phrygia gens Phrygiae gentis:プリュギアの民の事情をすべて明かそう(ドローンが語る)
726	6	Priamus	プリアモス	Priami	-mi regis 726
727	4	TROJA	トロイア	Troja	— トロイアが何を準備していたか
727	6	Phrygius	プリュギアの	Phrygiae	gentis . . . Phrygiae 727
727	6	Troia	トロイア	Troia	Troia 727. 1016
729	4	RHESUS	レーソス	Rhesi	Rhesi:ウリクセスとディオメーデースがレーソスの天幕を奪い、彼を殺す
729	6	Rhesus	レーソス	Rhesi	tentoria Rhesi 729
731	6	Rhesus	レーソス	virum	ipsum . . . virum 731 を参照
734	4	EURUS	東風	Eurus	レーソスの馬より先を行くことはないであろう
734	4	THRAX	トラーキアの	Thracas	形容詞:Thracas equos、トラーキアの馬
734	6	Eurus	東風	Eurus	Eurus 734:風
734	6	Rhesus	レーソス	Thraecis	Thraecis 734
734	6	Thraex	トラーキアの	Thraecis	Thraecis (-es trad.; -ăs 推測) equos 734:レーソスの
736	4	ARGOLICUS	アルゴスの	Argolicas	Argolicas classes
736	6	Argolicus	アルゴスの	Argolicas	-as . . . classes 736
737	4	NESTOR	ネストール	Nestoris	— 彼の老いが、ドローンを殺して陣営に戻るディオメーデースとウリクセスを迎える
737	6	Nestor	ネストール	Nestoris	-oris aetas 154. 737
739	4	AGAMEMNON	アガメムノン	Pelopeius	— ウリクセスとディオメーデースの武勇を称える
739	6	Agamemnon	アガメムノン	duci	dux 134. 156. 739
739	6	Pelopeius	ペロプスの末裔	Pelopeius	Pelopeius heros 131. 739:アガメムノン
743	4	GRAI	ギリシア人	Danaum	— 将たち
743	4	TROJANI	トロイア人	Dardanidum	Dardanidae Dardanidum duces:ダルダノスの子孫たちの将たち
743	6	Danai	ダナオイ	Danaum	-um(属格):19. 50. 67. 124. 153. 251. 268. 357. 389. 496. 631. 686. 691. 698. 705. 743. 747. 794. 1025
743	6	Dardanides	ダルダノスの子孫	Dardanidum	-dum . . . duces 743:トロイア人の
747	4	AGAMEMNON	アガメムノン	Danaum	— アンティポスを傷つける
747	4	GRAI	ギリシア人	Danaum	— 王(アガメムノン)
747	6	Agamemnon	アガメムノン	rex	Danaum rex 747
747	6	Danai	ダナオイ	Danaum	-um(属格):19. 50. 67. 124. 153. 251. 268. 357. 389. 496. 631. 686. 691. 698. 705. 743. 747. 794. 1025
748	4	ANTIPHUS Priami filius	アンティポス、プリアモスの子	Antiphon	Antiphon:アガメムノンが彼を傷つける
748	6	Antiphus 3	アンティポス 3	Antiphon	-ŏn 748:プリアモスの子
749	4	HIPPOLOCHUS	ヒッポロコス	Hippolochum	Hippolochum:アガメムノンは戦いへ突進するヒッポロコスを斬り殺す
749	4	PISANDER	ペイサンドロス	Pisandrum	Pisandrum:アガメムノンがペイサンドロスを斬り殺す
749	6	Pisander	ペイサンドロス	Pisandrum	*Pisandrum (tess- trad.) 749:アンティマコスの子
750	4	IPHIDAMAS	イーピダマース	Iphidamanta	Iphidamanta:アガメムノンがイーピダマースを殺す
750	6	Hippolochus	ヒッポロコス	Hippolochum	Pisandrum . . . fratremque . . . *Hippolochum 750:アンティマコスの子ら
750	6	Iphidamas	イーピダマース	Iphidamanta	*Iphidamanta (amphi- trad.) 750:アンテーノールの子
751	6	Coon	コオーン	frater	(Coon)、アンテーノールの子:frater 751
752	4	ANTENOR	アンテーノール	Antenore	— アガメムノンはその息子(コオーン)を追って傷つける
752	6	Antenor 2	アンテーノール 2	Antenore	Antenore natum 752:トラーキア人コオーン
754	4	HECTOR	ヘクトール	Hector	— プリアモスの子、怒って激しい戦いに入る
754	6	Hector	ヘクトール	Hector	-or . . . Priamides 754
754	6	Priamides	プリアモスの子	Priamides	Hector -es 754:ヘクトール
755	4	GRAI	ギリシア人	Grajos	— ヘクトールはギリシア人を四方から追い立てる
755	6	Graius	ギリシアの	Graios	Graios 682. 755. 763
756	4	PARIS	パリス	Paris	— 敵の部隊を打ち倒す
756	6	Paris	パリス	Paris	Paris 576. 756
757	4	EURYPYLUS	エウリュピュロス	Eurypyli	Eurypyli:パリスがエウリュピュロスの腿を傷つける
757	6	Eurypylus	エウリュピュロス	Eurypyli	-li 757
758	4	GRAI	ギリシア人	Pelasgi	Pelasgi 主格:陣営に逃げ込む
758	4	TROJANI	トロイア人	Troes	Troes:トロイア人が押し寄せ、ギリシア人が逃げる
758	6	Pelasgi	ペラスゴイ	Pelasgi	Pelasgi 758. 769
758	6	Tros	トロイア人	Troes	Troes 758. 767. 928. 978. 1002、いずれも子音の前または最後の不定の位置で
760	4	HECTOR	ヘクトール	Hector	— マールスの者が石で敵陣の門を打ち破る
760	6	Hector	ヘクトール	Hector	Martius -or 760
760	6	Martius	マールスの	Martius	Martius Hector 760
762	4	TROJANI	トロイア人	Phryges	— 敵陣の入口に突入する
762	6	Phryges	プリュギア人	Phryges	Phryges 401. 493. 636. 682. 762. 803
763	4	GRAI	ギリシア人	Grajos	— トロイア人はギリシア人を打ち倒す
763	6	Graius	ギリシアの	Graios	Graios 682. 755. 763
766	4	GRAI	ギリシア人	Danai	— 城壁から戦う
766	6	Danai	ダナオイ	Danai	Danai 508. 542. 646. 679. 766. 802. 838. 960. 978. 1002
767	4	TROJANI	トロイア人	Troes	— 亀甲隊形を組んで進む
767	6	Tros	トロイア人	Troes	Troes 758. 767. 928. 978. 1002、いずれも子音の前または最後の不定の位置で
769	4	GRAI	ギリシア人	Pelasgi	— 皆混乱して逃げる
769	6	Pelasgi	ペラスゴイ	Pelasgi	Pelasgi 758. 769
770	4	TROJANI	トロイア人	Trojana	— ギリシア人に迫る
770	6	Troianus	トロイアの	Troiana	Troiana iuventus 542. 770
772	4	GRAI	ギリシア人	Danais	Danais:ネプトゥーヌスがダナオイに力を与える
772	4	NEPTUNUS	ネプトゥーヌス	Neptunus	ギリシア人に勇気と力を与える
772	6	Danai	ダナオイ	Danais	-is 772
772	6	Neptunus	ネプトゥーヌス	Neptunus	Neptunus 772
774	4	AMPHIMACHUS princeps Epeorum	アンピマコス、エペイオイ人の将	Amphimachum	Amphimachum:ヘクトールが猛きアンピマコスを斬り倒す
774	4	ASIUS Hyrtaci filius	アシオス、ヒュルタコスの子	Asius	— イードメネウスの右手に倒れる
774	4	HECTOR	ヘクトール	Hector	— アンピマコスを斬り倒す
774	4	IDOMENEUS	イードメネウス	Idomenei	Idomenei:アシオスはイードメネウスの右手に倒れる
774	6	Asius	アシオス	Asius	Asius 240. 774:ヒュルタコスの子、トロイア側
774	6	Hector	ヘクトール	Hector	Hector 256. 277. 491. 626. 677. 774. 959. 967. 979. 996. 1051
774	6	Idomeneus	イードメネウス	Idomenei	-nei dextrā 774
775	6	Amphimachus 1	アンピマコス 1	Amphimachum	Hector atrocem -um obtruncat 775
776	4	ALCATHOUS	アルカトオス	Alcathous	アンキーセースの婿、殺される
776	6	Alcathous	アルカトオス	Alcathous	Anchisae gener Alcathous 776
776	6	Anchises	アンキーセース	Anchisae	Anchisae gener Alcathous 776
777	4	IDOMENEUS	イードメネウス	Rhythieus	Ductor Rhythieus:リュティオンの心大いなる将がアルカトオスを殺す
777	6	Rhytieus	リュティオンの人	Rhytieus	magnanimus ductor Rhytieus 777:イードメネウス
778	4	ASCALAPHUS	アスカラポス	Ascalaphum	Ascalaphum:デーイポボスが彼を殺す
778	4	DEIPHOBUS	デーイポボス	Deiphobus	— アスカラポスを斬り殺す
778	6	Ascalaphus	アスカラポス	Ascalaphum	-um 778
778	6	Deiphobus	デーイポボス	Deiphobus	fervidus . . . -us 778
779	4	HECTOR	ヘクトール	Hector	— 猛き者、激しい心で荒れ狂う
779	6	Hector	ヘクトール	Hector	-or . . . ferox 779
780	4	AJAX Telamonis filius	アイアース、テラモーンの子	Ajax	— 最も偉大な者、石でヘクトールを打つ
780	6	Aiax (Telamonius)	アイアース(テラモーンの子)	Aiax	maximus -ax 780
782	4	TROJANI	トロイア人	Trojana	Trojana manus:トロイアの一団が駆け集まる
782	6	Troianus	トロイアの	Troiana	-na manus 782
783	4	XANTHUS fluvius	クサントス、河	Xanthi	Xanthi:トロイア人は傷ついたヘクトールをクサントスの波で洗う
783	6	Xanthus (fluvius)	クサントス(河)	Xanthi	Xanthi . . . fluentis 783
786	4	POLYDAMAS	ポリュダマース	Polydamas	プロトエーノールを殺す
786	4	PROTHOENOR	プロトエーノール	Prothoenora	Prothoenora:ポリュダマースがプロトエーノールを殺す
786	6	Polydamas	ポリュダマース	Polydamas	Polydamas 786:パントオスの子
786	6	Prothoenor	プロトエーノール	Prothoënora	-ora 786
787	4	AJAX Telamonis filius	アイアース、テラモーンの子	Ajax	— テラモーンの子がアルキロコスを打つ
787	4	ARCHILOCHUS	アルキロコス	Archilochum	Archilochum:テラモーンの子アイアースがアンテーノールの子アルキロコスを殺す
787	6	Aiax (Telamonius)	アイアース(テラモーンの子)	Aiax	Telamonius -ax 205. 363. 602. 623. 787. 836
787	6	Antenorides	アンテーノールの子	Antenoriden	Archelochum . . . Antenoriden 787
787	6	Archelochus	アルケロコス	Archelochum	-um . . . Antenoriden 787:トロイア人
787	6	Telamonius	テラモーンの子	Telamonius	Telamonius Aiax 205. 363. 602. 623. 787. 836
788	4	ACAMAS Antenoris filius	アカマース、アンテーノールの子	Acamas	— プロマコスを傷つける
788	4	BOEOTUS	ボイオーティア人	Boeotum	Boeotum(Promachus を参照)
788	4	PROMACHUS	プロマコス	Promachum	Promachum:アンテーノールの子アカマースがボイオーティア人プロマコスを傷つける
788	6	Acamas 1	アカマース 1	Acamas	-as はプロマコスを殺した。そのプロマコスを猛きペーネレオースの右手が打ち倒す 788
788	6	Boeotus	ボイオーティア人	Boeotum	Boeotum . . . Promachum 788
788	6	Promachus	プロマコス	Promachum	Boeotum . . . Promachum 788
789	4	PENELEUS	ペーネレオース	Penelei	Penelei:猛きペーネレオースの右手がアンテーノールの子アカマースを打ち倒す
789	4	TROJANI	トロイア人	Priameia	Priameia pubes:プリアモスの若者たちが倒れる
789	6	Peneleos	ペーネレオース	Penelei	atrocis -lei 789:ボイオーティア人の将
789	6	Priameius	プリアモスの子	Priameia	-eia pubes 789. 837:トロイア人
790	4	GRAI	ギリシア人	Achaica	Achaica turba:アカイアの群れが逃げる
790	4	TROJANI	トロイア人	Troes	— より激しく立ち上がる
790	6	Achaicus	アカイアの	Achaica	insurgunt Troes ad Achaica bella 790
790	6	Tros	トロイア人	Troes	Troēs ad 790
791	4	GRAI	ギリシア人	Pelopea	[Pelopea juventus:ペロプスの若者たちが退く]
791	6	Pelopeus	ペロプスの		[Pelopea iuventus 791]:ギリシア人
794	4	GRAI	ギリシア人	Danaum	— ダナオイの恐怖、ヘクトール
794	4	HECTOR	ヘクトール	Hector	— ダナオイの恐怖、疲れを知らず、飛んで来てギリシア人を追い払う
794	6	Danai	ダナオイ	Danaum	-um(属格):19. 50. 67. 124. 153. 251. 268. 357. 389. 496. 631. 686. 691. 698. 705. 743. 747. 794. 1025
794	6	Hector	ヘクトール	Hector	Danaum metus, impiger -or 794
795	4	AGAMEMNON	アガメムノン	Agamemnonis	— ヘクトールに押されて、彼の部隊は船へ逃げる
795	6	Agamemnon	アガメムノン	Agamemnonis	-onis 121. 795
797	4	HECTOR	ヘクトール	Hector	— マールスの子が荒れ狂い、ギリシア人の船を焼こうとする
797	6	Hector	ヘクトール	Hector	Mavortius -or 543. 797
797	6	Mavortius	マーウォルスの子	Mavortius	Mavortius Hector 543. 797
799	4	AJAX Telamonis filius	アイアース、テラモーンの子	Ajax	— ただ一人で船を守る
799	6	Aiax (Telamonius)	アイアース(テラモーンの子)	Aiax	-ax 538. 799. 1009
802	4	GRAI	ギリシア人	Danai	— 槍を投げる
802	6	Danai	ダナオイ	Danai	Danai 508. 542. 646. 679. 766. 802. 838. 960. 978. 1002
803	4	TROJANI	トロイア人	Phryges	— 燃える松明を投げる
803	6	Phryges	プリュギア人	Phryges	Phryges 401. 493. 636. 682. 762. 803
806	4	ACHILLES	アキレウス	Achillis	— アキレウスの武具に守られたパトロクロス
806	4	PATROCLUS	パトロクロス	Patroclus	アキレウスの武具に守られて
806	6	Achilles	アキレウス	Achillis	-is 54. 689. 719. 806
806	6	Patroclus	パトロクロス	Patroclus	Patroclus 806. 827
807	4	TROJANI	トロイア人	Troas	Troas:アキレウスの武具に守られたパトロクロスがトロイア人を恐れさせる
807	6	Tros	トロイア人	Troas	Troas 807
808	4	GRAI	ギリシア人	Danaos	ついさっきまでダナオイを混乱させていたトロイア人が、今は逃げる
808	6	Danai	ダナオイ	Danaos	-os 45. 492. 659. 808. 912. 950. 1001
809	6	Patroclus	パトロクロス	ille	ille 809. 823 を参照
811	4	SARPEDON	サルペードーン	Sarpedona	Sarpedona:パトロクロスがサルペードーンを殺す
811	6	Sarpedon	サルペードーン	Sarpedona	-dona 811
813	4	ACHILLES	アキレウス	Achillis	— パトロクロスは恐るべきアキレウスの姿で戦う
813	6	Achilles	アキレウス	Achillis	horrendi . . . -is 813
815	4	HECTOR	ヘクトール	Hector	— 燃え立つ者、アキレウスの姿で戦列を乱すパトロクロスを振り返る
815	6	Hector	ヘクトール	Hector	fervidus -or 815
818	4	ACHILLES	アキレウス	Achilles	呼格:最も勇敢な者よ(ヘクトールが呼びかける)
818	6	Achilles	アキレウス	Achilles	呼格:fortissime -es 818. 1028
819	4	TROICUS	トロイアの	Troica	Troica dextera:トロイアの右手(ヘクトールの手)
819	6	Troicus	トロイアの	Troica	Troica dextera、ヘクトールの:819
820	4	HECTOR	ヘクトール	Hector	— 最も勇敢な者、戦においてどれほど力があるか(自らについて語る)
820	6	Hector	ヘクトール	Hector	fortissimus -or 486. 820
821	4	MARS	マールス	Mavors	— たとえ彼が汝を守ろうとも、汝は死ぬであろう(ヘクトールがパトロクロスに呼びかける)
821	6	Mavors	マーウォルス	Mavors	ipse . . . Mavors 821
822	4	MARS	マールス	Marte	Marte invito:マールスの意に反して、この右手が汝を滅ぼすであろう(ヘクトールが、アキレウスの武具をまとったパトロクロスに呼びかける)
822	6	Mars	マールス	Marte	invito . . . Marte 822
823	6	Patroclus	パトロクロス	ille	ille 809. 823 を参照
824	4	ACHILLES	アキレウス	Achilles	主格、述語として:パトロクロスは、ヘクトールに本物のアキレウスと信じられるよう沈黙する
824	6	Achilles	アキレウス	Achilles	verus . . . -es 824
826	4	HECTOR	ヘクトール	Dardanides	Dardanides:ダルダノスの子孫が槍でパトロクロスに向かう
826	6	Dardanides	ダルダノスの子孫	Dardanides	Dardanides 826:ヘクトール
827	4	PATROCLUS	パトロクロス	Patroclus	— ヘクトールの槍をかわす
827	6	Patroclus	パトロクロス	Patroclus	Patroclus 806. 827
830	4	APOLLO	アポロ	Apollo	— トロイアの[アポロ]が、アキレウスの姿で戦うパトロクロスを裸にする
830	6	Apollo	アポロ	Apollo	Troianus -o 472. 830
831	4	ACHILLES	アキレウス	Achillis	— アポロが彼の偽りの顔をあらわにする
831	6	Achilles	アキレウス	Achillis	simulati . . . -is(パトロクロスの)831
831	6	Patroclus	パトロクロス	Achillis	simulati . . . Achillis 831
832	4	HECTOR	ヘクトール	Hector	— 戦において最も偉大な者、偽りの武具のパトロクロスを捕らえる
832	6	Hector	ヘクトール	Hector	bello maximus -or 620. 832
834	6	Patroclus	パトロクロス	iuvenem	iuvenem 834
835	4	VULCANIUS	ウルカーヌスの	Vulcania	Vulcania arma:ウルカヌスの武具
835	6	Vulcanius	ウルカーヌスの	Vulcania	Vulcania . . . arma、アキレウスの 835. 961
836	4	AJAX Telamonis filius	アイアース、テラモーンの子	Ajax	— テラモーンの子がパトロクロスの亡骸を守り取る
836	6	Aiax (Telamonius)	アイアース(テラモーンの子)	Aiax	Telamonius -ax 205. 363. 602. 623. 787. 836
836	6	Patroclus	パトロクロス	extincti	extincti 836
836	6	Telamonius	テラモーンの子	Telamonius	Telamonius Aiax 205. 363. 602. 623. 787. 836
837	4	TROJANI	トロイア人	Priameia	— 喜びに躍り上がる
837	6	Priameius	プリアモスの子	Priameia	-eia pubes 789. 837:トロイア人
838	4	GRAI	ギリシア人	Danai	— 自らの死者を悼む
838	6	Danai	ダナオイ	Danai	Danai 508. 542. 646. 679. 766. 802. 838. 960. 978. 1002
840	4	ANTILOCHUS	アンティロコス	Nestorides	Nestorides:パトロクロスの亡骸を陣営に運び帰る
840	6	Nestorides	ネストールの子	Nestorides	Nestorides 840:アンティロコス
840	6	Patroclus	パトロクロス	corpus	miserabile corpus 840
841	4	ACHILLES	アキレウス	Pelidae	— その恐ろしい知らせ(パトロクロスの殺害)が彼の耳に届いていた
841	6	Pelides	ペリデス	Pelidis	-dae 841
843	6	Patroclus	パトロクロス	membra	membra 843
843	6	Thetis	テティス	materno	materno . . . amictu 843
844	4	ACHILLES	アキレウス	Aeacides	— [パトロクロスの殺害を嘆く]
844	6	Aeacides (Achilles)	アエアキデス（アキレウス）	Aeacides	ferus -es 74. [844]
844	6	Patroclus	パトロクロス	sodalis	[sodalis 844]
847	6	Patroclus	パトロクロス	sodalis	extincti . . . sodalis 847
850	6	Patroclus	パトロクロス	sodalis	mei sodalis 850
851	4	HECTOR	ヘクトール	Hector	呼格:乱暴な者よ(アキレウスがパトロクロスの殺害について)
851	6	Hector	ヘクトール	Hector	呼格:-or . . . violente 851
855	4	THETIS	テティス	Thetin	Thetin:アキレウスはテティスに強い武具を求める
855	6	Thetis	テティス	Thetin	Thetin 855
856	4	VULCANUS	ウルカヌス	Vulcani	Vulcani:テティスはウルカヌスの助けを乞う
856	6	Vulcanus	ウルカヌス	Vulcani	Vulcani 856
857	4	AETNAEUS	アエトナの	Aetnaeos	Aetnaeos ignes
857	6	Aetnaeus	アエトナの	Aetnaeos	Aetnaeos . . . ignes、ウルカヌスの 857
858	4	VULCANUS	ウルカヌス	Mulciber	Mulciber:アエトナの火を掻き立てる
859	6	Vulcanus	ウルカヌス	artibus	divinis artibus 859
860	4	ACHILLES	アキレウス	Achilles	— 偉大なる者、ウルカヌスの武具をまとう
860	4	THETIS	テティス	Thetidi	Thetidi:ウルカヌスがテティスに武具を贈る
860	6	Achilles	アキレウス	Achilles	magnus -es 860. 995
860	6	Thetis	テティス	Thetis	Thetis 83. 860
862	4	VULCANUS	ウルカヌス	Ignipotens	Ignipotens:火の主が盾に世界を彫り刻んでいた
862	6	Ignipotens	イグニポテンス	Ignipotens	Ignipotens 862
863	6	nympha	ニンフ	nymphas	nymphas 863(?)
864	4	NEREUS	ネーレウス	Nerea	[ウルカヌスの子はアキレウスの盾にネーレウスを作っていた]
864	4	OCEANUS	オーケアノス	Oceanum	[—]
864	6	Nereus	ネーレウス	Nerea	Nerea 864
864	6	Oceanus	オーケアノス	Oceanum	Oceanum(?) 864
866	4	ARCTUS	大熊座	Arctus	
866	4	AUSTER	南風	Austro	ab Austro:大熊座は南から遠く離れている
866	6	Arctos	大熊座	Arctos	Arctos 866:天の一領域
866	6	Auster	南風	Austro	quantum Arctos ab Austro . . . distaret 866
866	6	occasus	日没	occasus	[太陽の]沈む領域:866
866	6	ortus	日の出	ortu	[太陽の]昇る領域:866
868	4	HESPERUS	宵の明星	Hesperus	昇る
868	4	LUCIFER	明けの明星	Lucifer	
868	6	Hesperus	宵の明星	Hesperus	Lucifer . . . Hesperus, unus uterque 868
868	6	Lucifer	明けの明星	Lucifer	Lucifer 868
870	6	Luna	月	Luna	Luna cava 870
871	4	NEREUS	ネーレウス	Nerea	— 同じ盾に、偉大な者として
871	6	Nereus	ネーレウス	Nerea	-a magnum 871
872	4	OCEANUS	オーケアノス	Oceanum	Oceanum senem:ウルカヌスの子はアキレウスの盾に老オーケアノスを作っていた
872	4	PROTEUS	プローテウス	Protea	Protea:常に同じ姿ではないプローテウス(ウルカヌスの子がアキレウスの盾に作っていた)
872	6	Oceanus	オーケアノス	Oceanum	-um . . . senem 872
872	6	Proteus	プローテウス	Protea	nec eundem Protea semper 872
873	4	DORIS	ドリス	Dorida	Dorida:波を愛するドリス
873	4	TRITONES	トリートーンたち	Tritones	Tritones feros:ウルカヌスの子が盾に猛きトリートーンたちを作っていた
873	6	Doris	ドリス	Dorida	amantem Dorida fluctus 873
873	6	Triton	トリートーン	Tritonas	Tritonas (-es trad.) . . . feros 873
874	4	NEREIDES	ネーレーイスたち	Nereidas	Nereidas:ウルカヌスの子はアキレウスの盾にネレイスたちを作っていた
874	4	NEREIDES	ネーレーイスたち	Nereidas	[および]
874	6	Nereis	ネレイス	Nereidas	liquidas . . . Nereidas 874
880	6	Musa	ムーサ	puellae	castae . . . puellae 880
880	6	Paean	パイアーン	Paeana	resonant Paeana puellae 880
889	4	MARS	マールス	Mars	— 黄金の者、アキレウスの盾の上に立っていた
889	6	Mars	マールス	Mars	Mars aureus in medio Achillis clipeo 889
891	4	CLOTHO	クロートー	Clotho	(アキレウスの盾の上に)
891	4	LACHESIS	ラケシス	Lachesis	(アキレウスの盾の上に)
891	6	Clotho	クロートー	Clotho	Clotho 891
891	6	Lachesis	ラケシス	Lachesis	Lachesis 891
892	4	ACHILLES	アキレウス	Thetideius	— ウルカヌスの武具で飾られて
892	6	Thetideius	テティスの子	Thetideius	Thetideius heros 690. 892:アキレウス
894	4	JUNO	ユノー	Juno	— ミネルウァとともにアキレウスに力を与える
894	4	MINERVA	ミネルウァ	Pallade	貞潔なパラスとともにユノーがアキレウスに力を与える
894	6	Iuno	ユノー	Iuno	Iuno 98. 894
894	6	Pallas	パラス	Pallade	casta cum -de 532. 894
895	4	AENEAS	アエネーアース	Cythereius	Cythereius heros:アキレウスに立ち向かい、ネプトゥーヌスに救われる
895	6	Cythereius	キュテーラの女神の子	Cythereius	Cythereius heros 895:アエネーアース
897	4	ACHILLES	アキレウス	Aeacidae	Aeacidae:アエネーアースはアイアコスの末裔に匹敵しなかった
897	6	Aeacides (Achilles)	アエアキデス（アキレウス）	Aeacidae	-dae 897
899	6	Neptunus	ネプトゥーヌス	rector	magnarum rector aquarum 899 を参照
900	4	LATIUS	ラティウムの	Latiis	Latiis in arvis:ラティウムの野に
900	4	TROJA	トロイア	Trojam	— ラティウムの野に再建されたトロイア
900	6	Aeneas	アエネーアース	profugus	profugus 900
900	6	Latius	ラティウムの	Latiis	*Latiis (laetis trad.) . . . in arvis 900
900	6	Troia	トロイア	Troiam	Latiis -iam repararet in arvis 900
901	4	AUGUSTUM	アウグストゥスの	Augustum	genus(一族)
901	6	Augustus	アウグストゥスの	Augustum	Augustum . . . genus 901:ユーリウス家
902	6	Augustus	アウグストゥスの	gentis	clarae gentis 902 を参照
903	4	ACHILLES	アキレウス	Aeacides	— 槍でトロイア人を追い立てる
903	4	TROJANI	トロイア人	Teucros	Teucros:アキレウスは槍でテウクロイを追い立てる
903	6	Aeacides (Achilles)	アエアキデス（アキレウス）	Aeacides	-ēs 903
903	6	Teucri	テウクロイ	Teucros	-os 424. 903
905	4	HECTOREUS	ヘクトールの	Hectorei	Hectorei sanguinis
905	4	TROJANI	トロイア人	Dardana	Dardana pubes:ダルダノスの若者たちがクサントスへ逃げ込む
905	6	Dardanus	ダルダノスの	Dardana	Dardana pubes 905
905	6	Hectoreus	ヘクトールの	Hectorei	sanguinis Hectorei 905
906	4	XANTHUS fluvius	クサントス、河	Xanthi	トロイア人はクサントスの波へ逃げる
906	6	Xanthus (fluvius)	クサントス(河)	Xanthi	ad -i fluctus 906
907	6	Xanthus (fluvius)	クサントス(河)	fluminis	divini fluminis 907 を参照
911	4	APOLLO	アポロ	Apollo	— プリュギアの民の守護者、ウェヌスとともに、ギリシア人に向けてクサントスの波を立ち上がらせる
911	4	TROJANI	トロイア人	Phrygiae	— その守護者アポロ
911	4	VENUS	ウェヌス	Venus	— とアポロがギリシア人に向けてクサントスの波を立ち上がらせる
911	6	Apollo	アポロ	Apollo	Phrygiae gentis tutator -o 911
911	6	Phrygius	プリュギアの	Phrygiae	-iae gentis 911
911	6	Venus	ウェヌス	Venus	Venus 315. 464. 911
912	4	GRAI	ギリシア人	Danaos	ダナオイに向けて、ウェヌスとアポロがクサントスの波を立ち上がらせる
912	4	XANTHUS fluvius	クサントス、河	Xanthi	— アポロとウェヌスがギリシア人に向けてクサントスの波を立ち上がらせる
912	6	Danai	ダナオイ	Danaos	-os 45. 492. 659. 808. 912. 950. 1001
912	6	Xanthus (fluvius)	クサントス(河)	Xanthi	-i . . . fluctus 912
914	4	ACHILLES	アキレウス	Aeaciden	Aeaciden:クサントスがアイアコスの末裔を圧倒するように
914	6	Aeacides (Achilles)	アエアキデス（アキレウス）	Aeaciden	-den 914
920	4	JUNO	ユノー	Juno	— 遠くまで見通す者、クサントスの波と戦うアキレウスを守る
920	6	Iuno	ユノー	Iuno	longe provida -o 920
923	4	TROJANI	トロイア人	Phrygias	Phrygiae catervae Phrygias catervas:アキレウスはプリュギアの部隊を大殺戮で追い立てる
923	6	Phrygius	プリュギアの	Phrygias	-ias . . . catervas 923
924	4	ACHILLES	アキレウス	Aeacides	— 恐るべき者、再びトロイア人を追い立てる
924	6	Aeacides (Achilles)	アエアキデス（アキレウス）	Aeacides	horridus -es 924
928	4	TROJANI	トロイア人	Troes	— 恐怖でためらう
928	6	Tros	トロイア人	Troes	Troes 758. 767. 928. 978. 1002、いずれも子音の前または最後の不定の位置で
931	4	TROJANUS	トロイアの	Trojana	salus Trojana:トロイアの救い
931	6	Troianus	トロイアの	Troiana	salus -na 931
932	4	HECTOR	ヘクトール	Hector	— そこにいる、トロイアの救いがその身にのみかかっていた者
932	6	Hector	ヘクトール	Hector	unus tota salus in quo Troiana manebat -or 932
934	4	ACHILLES	アキレウス	Achillem	偉大なアキレウスに対してヘクトールは戦おうとする
934	6	Achilles	アキレウス	Achillem	magnum . . . -em 60. 72. 934
936	4	MINERVA	ミネルウァ	Pallas	[— トリートーンの女神が突然ヘクトールの目の前に現れる]
936	6	Pallas	パラス	Pallas	[Tritonia -as 936]
936	6	Tritonia	トリートーンの女神	Tritonia	[-ia Pallas 936]
938	4	ACHILLES	アキレウス	Nereius	Nereius heros:恐れるヘクトールを追う
938	6	Nereius	ネーレウスの孫	Nereius	Nereius heros 938. 975:アキレウス
944	6	Hecabe	ヘカベー	parentes	parentes 944 を参照
944	6	Priamus	プリアモス	parentes	parentes 944
945	6	Hector	ヘクトール	natum	natum 945. 1033. 1036
947	4	MINERVA	ミネルウァ	Tritonia	Tritonia:デーイポボスの顔と武具をまとって、ヘクトールを欺く
947	6	Deiphobus	デーイポボス	fratri	fratri 947 を参照
947	6	Tritonia	トリートーンの女神	Tritonia	Tritonia 947
949	4	DEIPHOBUS	デーイポボス	Deiphobi	Deiphobi:ミネルウァはデーイポボスの姿をとる
949	6	Deiphobus	デーイポボス	Deiphobi	-bi 949:プリアモスの子
950	4	GRAI	ギリシア人	Danaos	ダナオイのほうへ、ミネルウァが自らの神威を移す
950	4	MINERVA	ミネルウァ	Pallas	— ギリシア人のほうへ神威を移す
950	6	Danai	ダナオイ	Danaos	-os 45. 492. 659. 808. 912. 950. 1001
950	6	Pallas	パラス	Pallas	Pallas 950
957	4	ACHILLES	アキレウス	Achilles	— 残忍なる者、ヘクトールに向けて槍を構える
957	6	Achilles	アキレウス	Achilles	saevus . . . -es 958
959	4	HECTOR	ヘクトール	Hector	— 狡猾な者、アキレウスの槍を避ける
959	6	Hector	ヘクトール	Hector	Hector 256. 277. 491. 626. 677. 774. 959. 967. 979. 996. 1051
960	4	GRAI	ギリシア人	Danai	— アキレウスの槍がヘクトールに避けられると叫ぶ
960	4	HECTOR	ヘクトール	Priameius	Priameius heros:プリアモスの子なる英雄がアキレウスに向けて投げ槍を投げる
960	6	Danai	ダナオイ	Danai	Danai 508. 542. 646. 679. 766. 802. 838. 960. 978. 1002
960	6	Priameius	プリアモスの子	Priameius	Priameius heros:パリス 271、ヘクトール 960
961	4	VULCANIUS	ウルカーヌスの	Vulcania	Vulcania arma:ウルカヌスの武具
961	6	Vulcanius	ウルカーヌスの	Vulcania	Vulcania . . . arma、アキレウスの 835. 961
963	4	TROJANI	トロイア人	Troum	— トロイア人の隊列が呻いた
963	6	Tros	トロイア人	Troum	Troum 102. 281. 339. 357. 438. 631. 641. 701. 963
967	4	HECTOR	ヘクトール	Hector	— 力尽き、アキレウスが迫る中で
967	6	Hector	ヘクトール	Hector	Hector 256. 277. 491. 626. 677. 774. 959. 967. 979. 996. 1051
968	6	Deiphobus	デーイポボス	fraterna	fraterna . . . auxilia 968
975	4	ACHILLES	アキレウス	Nereius	— ヘクトールに迫る
975	6	Nereius	ネーレウスの孫	Nereius	Nereius heros 938. 975:アキレウス
978	4	GRAI	ギリシア人	Danai	— ヘクトールが殺されると歓喜する
978	4	TROJANI	トロイア人	Troes	— 自らの死者を悼む
978	6	Danai	ダナオイ	Danai	Danai 508. 542. 646. 679. 766. 802. 838. 960. 978. 1002
978	6	Tros	トロイア人	Troes	Troes 758. 767. 928. 978. 1002、いずれも子音の前または最後の不定の位置で
979	4	HECTOR	ヘクトール	Hector	— 不幸な者、力を失い、アキレウスに嘆願する
979	6	Hector	ヘクトール	Hector	Hector 256. 277. 491. 626. 677. 774. 959. 967. 979. 996. 1051
980	6	Hecabe	ヘカベー	genitoribus	miseris genitoribus 980
980	6	Priamus	プリアモス	genitoribus	miseris genitoribus 980
981	6	Priamus	プリアモス	pater	pater infelix 981
982	4	HECTOR	ヘクトール	Priami	Priami filius:かの将の中の将(死に際して自らについて語る)
982	4	PRIAMUS	プリアモス	Priami	— 子
982	6	Hector	ヘクトール	filius	Priami . . . filius . . . dux ille ducum, quem Graecia solum pertimuit 982
982	6	Priamus	プリアモス	Priami	-mi . . . filius 982
983	4	GRAECIA	ギリシア	Graecia	— ヘクトールただ一人を恐れていた
983	6	Graecia	ギリシア	Graecia	-a 983
983	6	Priamus	プリアモス		Priamus 278 [983] 1046
986	4	PELEUS	ペーレウス	Peleus	プリアモスのためにペレウスがアキレウスを動かさんことを(ヘクトールが死に際して呼びかける)
986	6	Peleus	ペーレウス	Peleus	Peleus 986:アキレウスの父
986	6	Priamus	プリアモス	patris	afflicti . . . patris 986. 1032
987	4	PRIAMUS	プリアモス	Priamo	Pro Priamo:プリアモスのためにペレウスがアキレウスを動かさんことを(ヘクトールが語る)
987	4	PYRRHUS	ピュッロス	Pyrrhus	ヘクトールのためにピュッロスがアキレウスを動かさんことを
987	6	Priamus	プリアモス	Priamo	pro -mo 987
987	6	Pyrrhus	ピュッロス	Pyrrhus	Pyrrhus 987:アキレウスの子
988	4	ACHILLES	アキレウス	Achilles	— 無情なる者、ヘクトールの嘆願を退ける
988	4	HECTOR	ヘクトール	Priamides	— このように語った(アキレウスに、死に際して)
988	6	Achilles	アキレウス	Achilles	-es 211. 988. 997. 1014. 1043
988	6	Priamides	プリアモスの子	Priamides	Priamides 601. 610. 660. 988
994	4	PATROCLUS	パトロクロス	Patrocli	Patrocli manes:パトロクロスの霊
994	6	Patroclus	パトロクロス	Patrocli	-cli . . . manes 994
995	4	ACHILLES	アキレウス	Achilles	— 偉大なる者が語る間に、ヘクトールは魂を返す
995	6	Achilles	アキレウス	Achilles	magnus -es 860. 995
996	4	HECTOR	ヘクトール	Hector	— 哀れな者、命を返す
996	6	Hector	ヘクトール	Hector	Hector 256. 277. 491. 626. 677. 774. 959. 967. 979. 996. 1051
997	4	ACHILLES	アキレウス	Achilles	— まだ飽き足らず、ヘクトールの手足を戦車に縛りつける
997	6	Achilles	アキレウス	Achilles	-es 211. 988. 997. 1014. 1043
999	6	Troia	トロイア	muros	muros 999
1000	6	Achilles	アキレウス	heros	maximus heros 1000
1001	4	GRAI	ギリシア人	Danaos	ダナオイのもとへ、アキレウスがヘクトールの亡骸を運ぶ
1001	6	Danai	ダナオイ	Danaos	-os 45. 492. 659. 808. 912. 950. 1001
1001	6	Hector	ヘクトール	corpus	corpus 1001
1002	4	GRAI	ギリシア人	Danai	— 喜ぶ
1002	4	TROJANI	トロイア人	Troes	— 自らの傷を嘆く
1002	6	Danai	ダナオイ	Danai	Danai 508. 542. 646. 679. 766. 802. 838. 960. 978. 1002
1002	6	Tros	トロイア人	Troes	Troes 758. 767. 928. 978. 1002、いずれも子音の前または最後の不定の位置で
1004	6	Patroclus	パトロクロス	amici	defleti . . . amici 1004
1005	4	ACHILLES	アキレウス	Aeacides	— パトロクロスの亡骸の葬儀を行う
1005	6	Aeacides (Achilles)	アエアキデス（アキレウス）	Aeacides	victor . . . -es 1005. 1026
1006	4	HECTOR	ヘクトール	Hectoris	— アキレウスはヘクトールの哀れな手足をパトロクロスの墓の周りに三度引きずる
1006	6	Hector	ヘクトール	Hectoris	-oris 232. 565. 1006. 1040
1008	4	DIOMEDES	ディオメーデース	Tydides	— <心大いなる者>、戦車ですべての者に勝つ
1008	6	Tros	トロイア人	tyrsin	(Trosin equis? 1008)
1008	6	Tydides	テューデウスの子	Tydides	Tydides 390. 408. 530. 665. 1008
1009	4	AJAX Telamonis filius	アイアース、テラモーンの子	Ajax	— 相撲で負ける(アキレウスがパトロクロスの亡骸の葬儀を行う間に)
1009	6	Aiax (Telamonius)	アイアース(テラモーンの子)	Aiax	-ax 538. 799. 1009
1009	6	Meriones	メーリオネース	Merionem	-em 1009(?)
1010	4	ULIXES	ウリクセス	Laertius	Laertius:ラーエルテースの子が葬送競技で相撲においてアイアースに勝つ
1010	6	Laertius	ラーエルテースの	Laertius	Laertius astus 1010:ウリクセス
1011	4	EPEUS	エペイオス	Epeus	拳闘の籠手ですべての者に勝つ
1011	6	Epeos	エペイオス	Epeos	caestibus . . . cunctos superavit *Epeos 1011
1012	4	POLYPOETES	ポリュポイテース	Polypoetes	— 葬送競技で円盤においてすべての者に勝つ
1012	6	Polypoetes	ポリュポイテース	Polypoetes	*Polypoetes 182. 1012:ヒッポダメイアの子
1013	4	MERIONES	メーリオネース	Meriones	— 葬送競技で弓においてすべての者に勝つ
1013	6	Meriones	メーリオネース	Meriones	-nes *432. 1013
1014	4	ACHILLES	アキレウス	Achilles	— 陣営に戻る
1014	6	Achilles	アキレウス	Achilles	-es 211. 988. 997. 1014. 1043
1015	4	HECTOR	ヘクトール	Hectora	— トロイア人は失われたヘクトールを悼んで泣く
1015	4	TROJANI	トロイア人	Phryges	— 失われたヘクトールを悼んで泣く
1015	6	Hector	ヘクトール	Hectora	-oră 1015
1015	6	Phryges	プリュギア人	Phryges	miseri . . . -es 1015
1016	4	TROJA	トロイア	Troja	— ヘクトールを失って嘆きの声に響く
1016	6	Troia	トロイア	Troia	Troia 727. 1016
1017	4	HECUBA	ヘカベー	Hecube	— 不幸な者、ヘクトールが死ぬと嘆く
1017	6	Hecabe	ヘカベー	Hecabe	infelix -be (-cuba trad.) 1017
1018	4	ANDROMACHE	アンドロマケー	Andromache	— ヘクトールが殺されると、衣を引き裂く
1018	6	Andromache	アンドロマケー	Andromache	-ē 1018. 1058
1020	4	HECTOR	ヘクトール	Hectore	In uno Hectore:ヘクトールただ一人においてトロイアの命運が倒れる
1020	4	PRIAMUS	プリアモス	patris	また「打ちひしがれた父の、疲れ果てた哀れむべき老い」(ヘクトールを失って)
1020	4	TROJANI	トロイア人	Phrygum	— プリュギア人の命運のすべてがヘクトールただ一人において倒れる
1020	6	Hector	ヘクトール	Hectore	ruit omnis in uno -ore causa Phrygum 1020
1020	6	Phryges	プリュギア人	Phrygum	causa -um 1020
1021	6	Hecabe	ヘカベー	coniunx	coniunx 1021
1021	6	Priamus	プリアモス	patris	senectus afflicti miseranda patris 1021
1024	6	Achilles	アキレウス	hostis	invicti . . . hostis 1024
1025	4	GRAI	ギリシア人	Danaum	— 首領たち
1025	6	Danai	ダナオイ	Danaum	-um(属格):19. 50. 67. 124. 153. 251. 268. 357. 389. 496. 631. 686. 691. 698. 705. 743. 747. 794. 1025
1026	4	ACHILLES	アキレウス	Aeacides	— 哀れなプリアモスの心に驚く
1026	6	Aeacides (Achilles)	アエアキデス（アキレウス）	Aeacides	victor . . . -es 1005. 1026
1026	6	Priamus	プリアモス	senis	miseri senis 1026
1028	4	ACHILLES	アキレウス	Achilles	— ギリシアの民の最も勇敢な者よ(プリアモスが呼びかける)
1028	4	GRAI	ギリシア人	Grajae	Graja gens Grajae gentis:ギリシアの民の最も勇敢な者、アキレウスよ
1028	6	Achilles	アキレウス	Achilles	呼格:fortissime -es 818. 1028
1028	6	Graius	ギリシアの	Graiae	Graiae gentis 1028
1029	4	TROJANI	トロイア人	Dardana	— 汝ただ一人に震える(プリアモスがアキレウスに呼びかける)
1029	6	Dardanus	ダルダノスの	Dardana	-na . . . pubes 1029
1030	6	Priamus	プリアモス	senectus	nostra senectus 1030
1032	6	Priamus	プリアモス	patris	afflicti . . . patris 986. 1032
1033	6	Hector	ヘクトール	nati	natum 945. 1033. 1036
1035	6	Priamus	プリアモス	senis	senis 1035
1036	6	Hector	ヘクトール	nati	natum 945. 1033. 1036
1036	6	Priamus	プリアモス	pater	pater 1036
1038	6	Hector	ヘクトール	funus	funus 1038
1038	6	Priamus	プリアモス	parentis	parentis 225. 1038. 1044
1040	4	DARDANUS	ダルダノスの	Dardana	Dardana regna:汝はダルダノスの王国を征服した(プリアモスがアキレウスに)
1040	4	HECTOR	ヘクトール	Hectoris	— ヘクトールの死によって征服されたトロイア
1040	6	Dardanus	ダルダノスの	Dardana	-na regna 1040:トロイアの
1040	6	Hector	ヘクトール	Hectoris	-oris 232. 565. 1006. 1040
1041	4	PRIAMUS	プリアモス	Priamum	Priamum:汝はプリアモスを征服した(アキレウスに向かって自らについて語る)
1041	6	Priamus	プリアモス	Priamum	vicisti -mum 1041
1043	4	ACHILLES	アキレウス	Achilles	— プリアモスの嘆願に動かされ、息子の亡骸を返す
1043	6	Achilles	アキレウス	Achilles	-es 211. 988. 997. 1014. 1043
1043	6	Priamus	プリアモス	grandaevum	grandaevum 1043
1044	4	HECTOREUS	ヘクトールの	Hectoreum	Hectoreum corpus
1044	6	Priamus	プリアモス	parenti	parentis 225. 1038. 1044
1045	6	Hectoreus	ヘクトールの	Hectoreum	corpus . . . -eum 1045
1046	4	PRIAMUS	プリアモス	Priamus	— アキレウスがヘクトールの亡骸を返した後、陣営に戻る
1046	6	Priamus	プリアモス	Priamus	Priamus 278 [983] 1046
1048	4	GRAI	ギリシア人	Grajum	— ギリシア人の六つの亡骸がヘクトールの火葬の薪に載せられる
1048	6	Graius	ギリシアの	Graium	corpora -um 1048
1050	4	ARGIVUS	アルゴスの	Argiva	Argivaque tela(主格)
1050	6	Argivus	アルゴスの	Argiva	Argiva . . . tela 1050
1051	4	HECTOR	ヘクトール	Hector	— 火葬の薪に横たえられる
1051	6	Hector	ヘクトール	Hector	Hector 256. 277. 491. 626. 677. 774. 959. 967. 979. 996. 1051
1052	4	ILIADES	イーリオンの女たち	Iliades	— イーリオンの母たちがヘクトールの亡骸の周りに立つ
1052	6	Iliades	イーリオンの女たち	Iliades	-des matres 1052
1056	4	TROJA	トロイア	Ilion	— ヘクトールの亡骸が燃えた炎
1056	6	Ilion	イーリオン	Ilion	Ilĭŏn 153. 1056
1058	4	ANDROMACHE	アンドロマケー	Andromache	— ヘクトールの亡骸が損なわれると、走り出て嘆く
1058	6	Andromache	アンドロマケー	Andromache	-ē 1018. 1058
1059	4	ASTYANAX	アステュアナクス	Astyanacta	— 彼を抱くアンドロマケー
1059	6	Astyanax	アステュアナクス	Astyanacta	Andromache . . . -cta tenens 1059
1062	6	Hector	ヘクトール	dux	tantus dux 1062
1064	4	CALLIOPE	カッリオペー	Calliope	呼格(われらの詩人が祈る)
1064	6	Baebius	バエビウス	vatis	vatis 1064. 1070 を参照
1064	6	Calliope	カッリオペー	Calliope	Calliope 呼格 1064
1066	4	HOMERUS	ホメーロス	Homeri	Homeri:カッリオペーはわれらの詩人とともに、力強きホメロスの折り返し点に達する
1066	6	Homerus	ホメーロス	Homeri	metam . . . potentis Homeri 1066
1067	4	PIERIDES	ピエリスたち	Pieridum	Pieridum cohors:ピエリスたちの一団
1067	6	Pieris	ピエリス	Pieridum	Pieridum . . . cohors 1067
1069	4	MINERVA	ミネルウァ	Pallas	呼格:名高き者よ、来たれ(詩人が、道程を走り終えて女神に祈る)
1069	6	Pallas	パラス	Pallas	呼格:ades, inclita -as 1069
1070	4	APOLLO	アポロ	Phoebe	Phoebus Phoebe(われらの詩人が、道程を終えて神に祈る)
1070	6	Baebius	バエビウス	vatis	vatis 1064. 1070 を参照
1070	6	Phoebus	ポエブス	Phoebe	Phoebĕ 1070
