headword	headword-ja	verse	form	description
Abas		445	Abanta	Abanta:ディオメーデースが、エウリュダマースの子でポリュイードスの兄弟であるトロイア人アバースを殺した 445
Acamas 1		237	Acamas	Acamas、アンテーノールの子、トロイア人 237
Acamas 1		788	Acamas	-as はプロマコスを殺した。そのプロマコスを猛きペーネレオースの右手が打ち倒す 788
Acamas 2		245	Acamas	Acamas (ath- trad.)、トラーキア人 245
Acamas 2		538	Acamantem	-antem . . . テラモーンの子アイアースが彼を殺す 538
Achaicus		790	Achaica	insurgunt Troes ad Achaica bella 790
Achaicus				Graecus を参照
Achilles		8	Achilles	bello clarus -es 8
Achilles		50	Achilles	clarus -es 50
Achilles		191	Achilles	Graium durus comitator -es 191
Achilles		585	Achilles	Troum terror -es 585
Achilles		824	Achilles	verus . . . -es 824
Achilles		860,995	Achilles,Achilles	magnus -es 860. 995
Achilles		958	Achilles	saevus . . . -es 958
Achilles		211,988,997,1014,1043	Achilles,Achilles,Achilles,Achilles,Achilles	-es 211. 988. 997. 1014. 1043
Achilles		818,1028	Achilles,Achilles	呼格:fortissime -es 818. 1028
Achilles		54,689,719,806	Achillis,Achillis,Achillis,Achillis	-is 54. 689. 719. 806
Achilles		91	Achillis	mei -is(テティスが語る)91
Achilles		813	Achillis	horrendi . . . -is 813
Achilles		831	Achillis	simulati . . . -is(パトロクロスの)831
Achilles		99	Achilli	-i 99
Achilles		78	Achillem	-em 78
Achilles		60,72,934	Achillem,Achillem,Achillem	magnum . . . -em 60. 72. 934
Achilles				Aeacides. Nereius. Pelides. Thetideius を参照
Achilles		61	ducis	ducis invicti 61
Achilles		83,88,95	nati,nato,nati	nati 83. 88. 95
Achilles		90	pignus	meum . . . pignus 90
Achilles		1000	heros	maximus heros 1000
Achilles		1024	hostis	invicti . . . hostis 1024
Achivi		661	Achivi	661
Achivi		151	Achivi	呼格:151
Achivi		506,657	Achivum,Achivum	-um 506. 657
Achivi		69,387	Achivis,Achivis	-is 69. 387
Achivi		638	Achivis	invictis . . . -is 638
Achivi		101	Achivos	-os 101
Achivi				Graeci を参照
Adrastus		240	Adrastus	Amphiusque et Adrastus、メロプスの子ら 240
Adrastus		539	Adrastum	vastumque capit Menelaus -um 539
Aeacides (Achilles)		74,844	Aeacides,Aeacides	ferus -es 74. [844]
Aeacides (Achilles)		903	Aeacides	-ēs 903
Aeacides (Achilles)		924	Aeacides	horridus -es 924
Aeacides (Achilles)		1005,1026	Aeacides,Aeacides	victor . . . -es 1005. 1026
Aeacides (Achilles)		897	Aeacidae	-dae 897
Aeacides (Achilles)		914	Aeaciden	-den 914
Aeacides (Aiax Telamonius)		368	Aeaciden	-den 368
Aeacides (Aiax Telamonius)		628	Aeaciden	-dēn *628
Aeneas		236	Aeneas	sacer -as, Veneris certissima proles 236
Aeneas		454,516	Aeneas,Aeneas	-as 454. 516
Aeneas		472	Aenean	Dardanium -an 472
Aeneas		509	Aenean	-ān 509
Aeneas		900	profugus	profugus 900
Aeneas				Cythereius を参照
Aeneas		483	proles	および Venus 483
Aeneae auriga		513		アエネーアースの御者、名は挙げられない 513
Aesculapius		350	arte	arte paterna 350 を参照
Aetnaeus		857	Aetnaeos	Aetnaeos . . . ignes、ウルカーヌスの 857
Aetolius		556,698	Aetolius,Aetolius	Aetolius heros 556. 698:ディオメーデース
Aetolus		202	Aetola	Aetola de gente Thoas 202
Agamemnon		171	Agamemnon	Mycenaeis -on moenibus ortus 171
Agamemnon		121,795	Agamemnonis,Agamemnonis	-onis 121. 795
Agamemnon		353	Agamemnonis	-onis ira 353
Agamemnon				Argolicus. Atrides. Pelopeius. Plisthenides
Agamemnon		124,496	rex,rex	を参照、また rex Danaum 124. 496
Agamemnon		747	rex	Danaum rex 747
Agamemnon		58,134,691	regis,rex,regis	rex 58. 134. 691
Agamemnon		134,156,739	ducem,dux,duci	dux 134. 156. 739
Agamemnon		43	hostis	hostis duri 43
Agamemnon		10	regi	Pelasgum . . . regi 10 を参照
Agapenor		175	Agapenoris	ferox Agapenoris ira 175:アルカディア人、アンカイオスの子
Agelaus		667	Agelaus	Agelaus 667:トロイア人、プラドモーンの子
Aiaces		582	Aiaces	Aiacesque duo 582
Aiax (Locrus)		189	Aiax	Locrum fortissimus Aiax 189
Aiax (Locrus)		216	Aiax	Oileos (-us trad.) -ax 216
Aiax (Telamonius)		198	Aiax	Telamone satus Salaminius Aiax 198
Aiax (Telamonius)		205,363,602,623,787,836	Aiax,Aiax,Aiax,Aiax,Aiax,Aiax	Telamonius -ax 205. 363. 602. 623. 787. 836
Aiax (Telamonius)		538,799,1009	Aiax,Aiax,Aiax	-ax 538. 799. 1009
Aiax (Telamonius)		588	Aiax	magnus . . . -ax 588
Aiax (Telamonius)		611	Aiax	ferus -ax 611
Aiax (Telamonius)		629	Aiax	bellator . . . -ax 629
Aiax (Telamonius)		780	Aiax	maximus -ax 780
Aiax (Telamonius)		670	Aiacis	-acis 670
Aiax (Telamonius)		601	Aiacis	ardorque -acis 601
Aiax (Telamonius)		368,628	Aeaciden,Aeaciden	-acem は Aeaciden 368. 628 を参照
Aiax (Telamonius)				Hesione. Telamon を参照
Alcathous		776	Alcathous	Anchisae gener Alcathous 776
Alcinous				Arsinous を参照
Alexander		282	Alexander	pulcher Alexander 282
Alexander		332	Alexander	-er 332
Alexander		340	Alexandrum	-drum 340
Alexander				Paris を参照
Amaryncides		337	Amarynciden	*Amaryncīden 337
Amaryncides				Diores を参照
Amphibion				Anthemio を参照
Amphimachus 1		212	Amphimachus	Amphimachus . . . ferox et Thalpius, Elide nati 212:エペイオイ人の将たち:Hector atrocem -um obtruncat 775
Amphimachus 1		775	Amphimachum	
Amphimachus 2		241	Amphimachus	Amphimachus Nastesque 241:カーリア人の将たち
Amphius		240	Amphius	Amphīus 240
Amphius				Adrastus を参照
Anchises		776	Anchisae	Anchisae gener Alcathous 776
Andraemon		202,583	Andraemone,Andraemone	Thoas Andraemone natus 202. 583
Andromache		565	Andromache	fidissima coniunx . . . Andromachē 565
Andromache		1018,1058	Andromache,Andromache	-ē 1018. 1058
Andromache		568	materna	materna ad pectora 568 を参照
Antenor 1		237	Antenore	Archelochusque Acamasque ferox Antenore creti 237:トロイア人の
Antenor 2		752	Antenore	Antenore natum 752:トラーキア人コオーン
Antenorides		787	Antenoriden	Archelochum . . . Antenoriden 787
Antenorides				Antenor 1 を参照
Anthemion		363	Anthemione	*Anthemione satum 363:トロイア人シモエイシオス
Antilochus		360	Antilochi	Antilochi . . . -ense 360
Antilochus		520	Antilochi	armis . . . -i 520:ネストールの子
Antilochus				Nestorides を参照
Antilochus		177	prole	および 177 gemina cum prole
Antiphus 1		193	Antiphus	Thessalici iuvenes, Phidippus et Antiphus 193:テッサロスの子ら
Antiphus 2		244	Antiphus	Antiphus 244:タライメネースの子、トロイア側のマイオネス人の将
Antiphus 3		366	Antiphus	Antiphus 366
Antiphus 3		748	Antiphon	-ŏn 748:プリアモスの子
Apollo		165	Apollo	Apollo 165
Apollo		472,830	Apollo,Apollo	Troianus -o 472. 830
Apollo		614	Apollo	Grais inimicus -o 614
Apollo		911	Apollo	Phrygiae gentis tutator -o 911
Apollo				Delphicus. Fatidicus. Iuppiter. Latona. Paeonius. Phoebeius. Phoebus. Sol. Titan を参照
Arcesilaus		168	Arcesilaus	Arcesilaus atrox 168:ボイオーティア人
Archelochus		237	Archelochus	Archelochusq. Acamasque . . . Antenore creti 237
Archelochus		787	Archelochum	-um . . . Antenoriden 787:トロイア人
Archeptolemus		673	aurigam	aurigam . . . Hectoris 673
Arctos		866	Arctos	Arctos 866:天の一領域
Argivus		1050	Argiva	Argiva . . . tela 1050
Argivus				Graecus を参照
Argolicus		115	Argolici	Argolici . . . ducis 115:アガメムノーンの
Argolicus		736	Argolicas	-as . . . classes 736
Argolicus		80	Argolicis	gentibus -is 80
Argolicus				Graecus を参照
armigera		400,545	armigerae,armigerae	virginis armigerae 400. 545:ミネルウァの
Arsinous		246	Arsinoo	*Arsinooque sati Chromiusque atque Ennomus 246
Ascalaphus		187	Ascalaphus	Ascalaphus . . . potens 187:マールスの子、ミニュアイ人の将
Ascalaphus		778	Ascalaphum	-um 778
Ascanius		248	Ascanius	ingens Ascanius 248:プリュギア人の将
Asius		240,774	Asius,Asius	Asius 240. 774:ヒュルタコスの子、トロイア側
Astyanax		566	Astyanacta	Andromache parvum . . . Astyanacta tenet 566
Astyanax		1059	Astyanacta	Andromache . . . -cta tenens 1059
Astyanax		565	natum	parvum . . . natum 565 を参照
Astyanax		567,571	infans,infantem	infans 567. 571
Astyanax		573	natus	meus . . . natus 573
Astynous		443	Astynoum	*Astynoum 443
Athenaeus		211	Athenaeus	Menestheus . . . Athenaeus 211
Atrides (Agamemno)		24,510,663	Atrides,Atrides,Atrides	-es 24. 510(?) 663
Atrides (Agamemno)		424	Atrides	alter(?) -es 424
Atrides (Agamemno)		8	Atrides	sceptriger -es 8
Atrides (Agamemno)		159	Atrides	acer -es 159
Atrides (Agamemno)		372	Atrides	[impiger -es 372]
Atrides (Agamemno)		504	Atrides	ferus -es 504
Atrides (Agamemno)		581	Atrides	Graium . . . dux acer -es 581
Atrides (Agamemno)		124	Atrida	呼格:rex Danaum -da(他の写本では -de)124
Atrides (Agamemno)		19	Atridae	-dae 属格:19
Atrides (Agamemno)		587	Atridae	regis -dae 587
Atrides (Agamemno)		70	Atridae	-dae 与格:(一部の写本では -di)70
Atrides (Agamemno)		640	Atridae	saevo . . . -dae 640
Atrides (Agamemno)		75	Atriden	-dēn 75
Atrides (Agamemno)		90	Atrida	-dā 奪格:90
Atrides (Menelaus)		290,301,332,349,510	Atrides,Atrides,Atrides,Atrides,Atrides	-des 290. 301. 332. 349. (510?) impiger -des 268
Atrides (Menelaus)		268	Atrides	
Atrides (Menelaus)		322	Atrides	violentus -es 322
Atrides (Menelaus)		327	Atrida	cum saevo . . . -da 327
Augustus		901	Augustum	Augustum . . . genus 901:ユーリウス家
Augustus		902	gentis	clarae gentis 902 を参照
Aulis		147	Aulide	visus in Aulide serpens 147
Aurora		635	Aurora	stellas Aurora fugarat 635
Auster		866	Austro	quantum Arctos ab Austro . . . distaret 866
Axinous				Arsinous を参照
Bacchus		633	Bacchi	Bacchi . . . liquore 633
Baebius				詩人バエビウス・イタリクス:題において;vatis
Baebius		1064,1070	vatis,vatis	1064. 1070
Baebius		1-8		および 1
bellipotens		532	bellipotens	bellipotens . . . Mavors 532
Boeotus		788	Boeotum	Boeotum . . . Promachum 788
Boeotus		169	Boeoti	複数 Boeoti (-tes trad.) 169
Briseis		693	Briseis	intacta . . . Briseis 693
Briseis		72	Briseide	-ide privat Achillem 72
Briseis		76	munera	munera militiae 76 を参照
Briseis		586	amores	amores 586
Briseis		692	ignis	redditus ignis 692
Calchas		52,152	Calchas,Calchas	予言者カルカース:52. 152
Calchas				Thestorides を参照
Calliope		1064	Calliope	Calliope 呼格 1064
Calydonius		399,454	Calydonius,Calydonius	Calydonius heros 399. 454
Calydonius		441	Calydonius	iuvenis -us 441:ディオメーデース
Chromius 1		246	Chromius	Arsinooque sati Chromiusque atque Ennomus, ambo florentes aetate viri 246:トロイア側のミューシア人の将たち(ホメーロスでは Χρόμις)
Chromius 2		447	Chromium	Chromiumque et Echemmona 447:プリアモスの子ら
Chryse		66	arces	(都市クリューセー)patrias ad arces 66
Chryseis		70	Chryseidos	-dos (-dis trad.) . . . ardor 70
Chryseis		23,56,64	Chryseida,Chryseida,Chryseida	-da 23. 56. 64
Chryseis		14	natae	raptae . . . natae 14 を参照
Chryseis		21,42	nata,nata	nata 21. 42
Chryseis		63	amores	invitos . . . amores 63
Chryseis		71	amores	amissos . . . amores 71
Chryses		13	Chryses	Chryses 13
Chryses		24	Chrysen	-en 24
Chryses		23	patri	patri 23 を参照
Chryses		42	patrem	patrem 42
Chryses		56,64	patri,patri	pio . . . patri 56. 64
Chryses		18	fletus	patrios . . . fletus 18
Chryses		27,35	sacerdos,sacerdos	sacerdos 27. 35
Chryses		36	senectae	desertae . . . senectae 36
Chryses		44	vatis	vatis 44
Clonius		168	Clonius	Prothoenorque Cloniusque Boeoti 168
Clotho		891	Clotho	Clotho 891
Coon		751	frater	(Coon)、アンテーノールの子:frater 751
Coon				Antenor 2 を参照
Coroebus		249	Coroebus	clara . . . satus tellure Coroebus 249:ホメーロスでは名を挙げられない
Cretaeus		208	Cretaeus	Idomeneus et Meriones, Cretaeus uterque 208
Crethon		517	Crethona	Crethona 517:ディオクレースの子、ペライの人
Cygneis		337	Cygneidos	Cygneidos(一部の写本では -dus)337:ヘレネー
Cytherea		309,335,470	Cytherea,Cytherea,Cytherea	Cythereă 309. 335. 470:ウェヌス
Cythereius		895	Cythereius	Cythereius heros 895:アエネーアース
Danai		508,542,646,679,766,802,838,960,978,1002	Danai,Danai,Danai,Danai,Danai,Danai,Danai,Danai,Danai,Danai	Danai 508. 542. 646. 679. 766. 802. 838. 960. 978. 1002
Danai		57	Danai	呼格:57
Danai		12	Danaorum	-orum 12
Danai		19,50,67,124,153,251,268,357,389,496,631,686,691,698,705,743,747,794,1025	Danaum,Danaum,Danaum,Danaum,Danaum,Danaum,Danaum,Danaum,Danaum,Danaum,Danaum,Danaum,Danaum,Danaum,Danaum,Danaum,Danaum,Danaum,Danaum	-um(属格):19. 50. 67. 124. 153. 251. 268. 357. 389. 496. 631. 686. 691. 698. 705. 743. 747. 794. 1025
Danai		772	Danais	-is 772
Danai		45,492,659,808,912,950,1001	Danaos,Danaos,Danaos,Danaos,Danaos,Danaos,Danaos	-os 45. 492. 659. 808. 912. 950. 1001
Danai		544	Danais	pro -is 544
Danai				Graeci を参照
Dardanides		826	Dardanides	Dardanides 826:ヘクトール
Dardanides		743	Dardanidum	-dum . . . duces 743:トロイア人の
Dardanius		318	Dardanio	Dardanio . . . Paridi 318
Dardanius		302	Dardanium	-um . . . iuvenem 302:パリス
Dardanius		472	Dardanium	-um Aenean 472
Dardanius		384	Dardanii	-ii . . . campi 384:トロイアの
Dardanus		905	Dardana	Dardana pubes 905
Dardanus		1029	Dardana	-na . . . pubes 1029
Dardanus		1040	Dardana	-na regna 1040:トロイアの
Dares		403	Daretis	*Daretis . . . natos, Phegeaque Idaeumque 403
Deiphobus		235	Deiphobus	Deiphobus 235
Deiphobus		778	Deiphobus	fervidus . . . -us 778
Deiphobus		949	Deiphobi	-bi 949:プリアモスの子
Deiphobus		947	fratri	fratri 947 を参照
Deiphobus		968	fraterna	fraterna . . . auxilia 968
Delphicus		32	Delphice	Delphice 32:おおアポッローよ
Democoon		373	Democoonta	*Democoonta 373:プリアモスの庶子
Diomedes		707	Diomedis	socius Diomedis 707
Diomedes		554	Diomede	cum -dĕ 554
Diomedes				Aetolius. Calydonius. Oenides. Tydides を参照
Diomedes		584,559	qui,qui	584 行:qui . . . manum Veneris violavit(559 を参照
Diomedes		395	iuveni	)。395 iuveni
Diomedes		668	heros	668 maximus heros
Dione		471	matri	(Dione)、ウェヌスの母:sidereae . . . matri 471
Diores		213	Diores	Diores 213:エペイオイ人の将
Diores				Amaryncides を参照
Dis		723	Ditis	per Ditis fluctus obtestor opaci 723
Diva		1	Diva	Diva 1:ムーサ
Diva		547	divae	divae 547:ミネルウァ
Dolon		704	Dolon	*Dolon 704
Dolon				Eumediades を参照
Doricus		324	Doricus	Doricus ensis 324
Doricus		662	Dorica	-ca . . . castra 662
Doricus				Graecus を参照
Doris		874	Dorida	amantem Dorida fluctus 874
Doris		99	Doride	-de nata 99
Doris				Thetis を参照
Dulichius		201	Dulichius	Dulichius . . . Meges 201
Echemmon		447	Echemmona	Echemmona 447:プリアモスの子
Echepolus				Thalysiades を参照
Elephenor		200	Elephenor	Euboeae . . . *Elephenor finibus ortus 200
Elis		212	Elide	Amphimachus . . . et Thalpius, Elide nati 212
Ennomus		246	Ennomus	*Ennomus 246
Ennomus				Chromius 1 を参照
Epeos		1011	Epeos	caestibus . . . cunctos superavit *Epeos 1011
Ephialtes				Pylaeus を参照
Epistrophus 1		179	Epistrophus	Schedius . . . et Epistrophus ingens, gloria Myrmidonum, saevi duo {{robora}} belli 179
Epistrophus 2		242	Epistrophus	Epistrophus ingens 242:トロイア側のハリゾーネス人の将
Euboea		200	Euboeae	Euboeae . . . finibus 200
Euhaemon		190	Euhaemone	Euhaemone natus 190:エウリュピュロス
Eumediades		710	Eumediades	Tros *Eumediades 710:ドローン
Eumelus		197	Eumelus	viribus acer *Eumelus 197:アドメートスの子
Euphemus		243	Euphemus	Euphemus . . . ferox 243:トロイア側のキコネス人の将
Eurus		734	Eurus	Eurus 734:風
Euryalus		184	Euryalus	Euryalus 184:メーキステウスの子、ディオメーデースの仲間
Eurypylus		434	Eurypylus	vastis horridus armis Eurypylus 434
Eurypylus		583	Eurypylus	claris speciosus in armis -us 583
Eurypylus		757	Eurypyli	-li 757
Eurypylus				Euhaemon を参照
Fatidicus		31	Fatidici	Fatidici . . . aures 31:アポッローの
Glaucus		239	Glaucus	magnae Glaucus virtutis in armis 239
Glaucus		553	Glaucus	-us 553:トロイア側のリュキア人の将
Gorgythion		672	Gorgythiona	*Gorgythiona ferum 672:プリアモスの子
Graecia		172	Graecia	bellatrix . . . Graecia 172
Graecia		983	Graecia	-a 983
Graecia		138	oras	patrias . . . ad oras 138 を参照
Graeci				(Graeci) Achaicus. Achivi. Argolicus. Danai. Doricus. Graius. Myrmidones. Pelasgi. [Pelopeus] を参照
Graius		1028	Graiae	Graiae gentis 1028
Graius		220	Graiae	-ae . . . puppes 220
Graius		362	Graiorum	名詞として:Graiorum terga 362
Graius		484	Graiorum	-orum . . . agmina 484
Graius		493	Graiorum	-orum acies 493
Graius		578	Graiorum	-orum . . . duces 578
Graius		46	Graium	vulgus . . . Graium 46
Graius		305,487	Graium,Graium	agmina -um 305. 487
Graius		581	Graium	-um . . . dux 581
Graius		658	Graium	-um clades 658
Graius		1048	Graium	corpora -um 1048
Graius		2,277,614	Grais,Grais,Grais	Grais 2. 277. 614
Graius		682,755,763	Graios,Graios,Graios	Graios 682. 755. 763
Guneus		206	Guneus	*Guneus 206:アカルナーニア人の将
Hecabe		551	Hecabe	Hecabē (-cuba trad.) . . . genetrix 551
Hecabe		1017	Hecabe	infelix -be (-cuba trad.) 1017
Hecabe		546	Hecaben	Hecubam 546
Hecabe		944	parentes	parentes 944 を参照
Hecabe		980	genitoribus	miseris genitoribus 980
Hecabe		1021	coniunx	coniunx 1021
Hector		256,277,491,626,677,774,959,967,979,996,1051	Hector,Hector,Hector,Hector,Hector,Hector,Hector,Hector,Hector,Hector,Hector	Hector 256. 277. 491. 626. 677. 774. 959. 967. 979. 996. 1051
Hector		226	Hector	Priamides -or 226
Hector		754	Hector	-or . . . Priamides 754
Hector		486,820	Hector,Hector	fortissimus -or 486. 820
Hector		529	Hector	patriae columen Mavortius -or 529
Hector		543,797	Hector,Hector	Mavortius -or 543. 797
Hector		760	Hector	Martius -or 760
Hector		577,636	Hector,Hector	maximus -or 577. 636
Hector		620,832	Hector,Hector	bello maximus -or 620. 832
Hector		779	Hector	-or . . . ferox 779
Hector		794	Hector	Danaum metus, impiger -or 794
Hector		815	Hector	fervidus -or 815
Hector		932	Hector	unus tota salus in quo Troiana manebat -or 932
Hector		851	Hector	呼格:-or . . . violente 851
Hector		232,565,1006,1040	Hectoris,Hectoris,Hectoris,Hectoris	-oris 232. 565. 1006. 1040
Hector		674	Hectoris	superbi -oris 674
Hector		1015	Hectora	-oră 1015
Hector		603	Hectora	insignem bello . . . -ora 603
Hector		1020	Hectore	ruit omnis in uno -ore causa Phrygum 1020
Hector		661	decus	unum . . . decus Phrygiae 661
Hector				Dardanides. Priameius. Priamides. Priamus. Troius を参照
Hector		273	decus	o patriae, germane, decus 273
Hector		341	frater	frater 341
Hector		566	heros	maximus heros 566
Hector		570	iuvenis	iuvenis 570
Hector		945,1033,1036	natum,nati,nati	natum 945. 1033. 1036
Hector		982	filius	Priami . . . filius . . . dux ille ducum, quem Graecia solum pertimuit 982
Hector		1001	corpus	corpus 1001
Hector		1038	funus	funus 1038
Hector		1062	dux	tantus dux 1062
Hectoreus		905	Hectorei	sanguinis Hectorei 905
Hectoreus		1045	Hectoreum	corpus . . . -eum 1045
Hecuba				Hecuba Hecabe を参照
Helene		638	Helene	Helenē 638
Helene		317,343	Helenam,Helenam	Helenam 317. 343
Helene				Cygneis を参照
Helene		273,276,285,301	coniunx,coniunx,coniuge,coniugis	coniunx 273. 276. 285. 301
Helene		333	ardor	o meus ardor 333
Helenus		235	Helenus	Helenus 235
Hercules		523	Hercule	Tlepolomus magno satus Hercule 523
Hercules		524	labores	patris . . . labores 524 を参照
Hesione		626	Hesionae	Hesionae nomen 626
Hesione		624	Hesiona	-na de matre . . . Telamone creatum Aiacem 624
Hesperus		868	Hesperus	Lucifer . . . Hesperus, unus uterque 868
Hippolochus		750	Hippolochum	Pisandrum . . . fratremque . . . *Hippolochum 750:アンティマコスの子ら
Hippothous		245	Hippothous	bonus armis *Hippothous 245:レートスの子
Hodius				Hodius Odius を参照
Homerus		1066	Homeri	metam . . . potentis Homeri 1066
Hyperon		443	Hyperona	magnum . . . *Hyperonă 443
Hypsenor		434	Hypsenora	*Hypsenoră 434:ドロピオーンの子
Ialmenus		187	Ialmenus	Ascalaphus . . . et *Ialmenus, acer uterque 187:マールスの子、ボイオーティア人の将
Ida		654	Idae	umbrosis . . . montibus Idae 654
Idaeus 1		405	Idaeum	Daretis . . . natos, Phegeaque Idaeumque 405
Idaeus 1		421	Idaeus	-us 421
Idaeus 1		413	frater	frater 413 を参照
Idaeus 2		641	Idaeus	Idaeus 641
Idaeus 2		643	Idaeum	-um 643:トロイア人の伝令
Idomeneus		208	Idomeneus	Idomeneus et Meriones, Cretaeus uterque 208
Idomeneus		429	Idomeneus	-eus 429
Idomeneus		580	Idomeneus	ferus -eus 580
Idomeneus		774	Idomenei	-nei dextrā 774
Idomeneus				Rhytieus を参照
Ignipotens		862	Ignipotens	Ignipotens 862
Ignipotens		106	Ignipotente	*-nte (omnipot- trad.) 106:ウルカーヌス
Iliacus		323	Iliaco	Iliaco . . . pulvere 323
Iliacus		128,160	Iliacos,Iliacos	-cos . . . campos 128. 160
Iliacus		655	Iliacas	acies . . . -cas 655
Iliades		549	Iliades	Iliades 549
Iliades		1052	Iliades	-des matres 1052
Ilion		153,1056	Ilion,Ilion	Ilĭŏn 153. 1056
Ilion				Troia を参照
Imbrasides		378	Imbrasides	impiger *Imbrasides (umbr- trad.) 378:ペイロオス
Iovis				Iovis Iuppiter を参照
Iphidamas		750	Iphidamanta	*Iphidamanta (amphi- trad.) 750:アンテーノールの子
Iris		223	Irin	Irin 223
Italicus				Italicus Baebius を参照
Ithacus		204	Ithaci	Ithaci . . . sollertia 204:ウリクセース
Iuno		98,894	Iuno,Iuno	Iuno 98. 894
Iuno		920	Iuno	longe provida -o 920
Iuno		100	coniunx	coniunx tua 100 を参照
Iuppiter		93	Iuppiter	Iuppiter 93
Iuppiter		286	Iuppiter	tantummodo -er adsit 286
Iuppiter		651	Iovis	主格:Iovis 651
Iuppiter		10	Iovis	属格:magni proles . . . Iovis 10:アポッロー
Iuppiter		248,520	Iovis,Iovis	Iovis inclita proles Sarpedon 248. 520
Iuppiter		6,105	regis,regis	summi . . . regis 6. 105
Iuppiter		87	regis	regis 87
Iuppiter		89	parens	summe parens 89
Iuppiter		107	genitor	genitor . . . Olympi 107
Iuppiter		113	pater	pater omnipotens 113
Iuppiter		223	pater	pater . . . Saturnius 223
Iuppiter		536	regi	aethereo . . . regi 536
Iuppiter		537	genitoris	magni genitoris 537
Iuppiter		572	pater	o pater optime 572
Iuppiter		345	regnator	omnipotens . . . regnator Olympi 345
Iuppiter		98	coniunx	optime coniunx 98
Iuppiter				Tonans を参照
Lachesis		891	Lachesis	Lachesis 891
Laertiades		372	Atrides	*Laertiades (atrides trad.) 372:ウリクセース
Laertius		1010	Laertius	Laertius astus 1010:ウリクセース
Latius		900	Latiis	*Latiis (laetis trad.) . . . in arvis 900
Latona		10	Latonae	Latonae et magni proles Iovis 10:アポッロー
Leitus		167	Leïtus	bello *Leitus (lertius trad.) acer 167:アレクトリュオーンの子、ボイオーティア人の将
Leonteus		182	Leonteus	Leonteus 182:コローノスの子
Leucus		369	Leucon	Leucon 対格 369:ウリクセースの仲間
Libycus		500	Libycus	Libycus . . . leo 500
Locrus		189	Locrum	Locrum fortissimus Aiax 189
Lucifer		868	Lucifer	Lucifer 868
Lucifer				Hesperus を参照
Luna		870	Luna	Luna cava 870
Lycaon		238	Lycaonis	proles generosa Lycaonis . . . Pandarus 238
Machaon		218	Machaon	Machaon 218:アスクレーピオス(アエスクラーピウス)の子
Maeonides		430	Maeoniden	*Maeoniden Phaestum 430
Magnes		199	Magnes	Prothous *Magnes 199
Mars		264	Mars	duro Mars milite gaudet 264
Mars		889	Mars	Mars aureus in medio Achillis clipeo 889
Mars		390	Martem	tumidumque increscere Martem、すなわち戦争、390
Mars		560	Martem	Diomedes pupugit . . . Martem 560
Mars		495	marte	infesto Marte 495
Mars		822	Marte	invito . . . Marte 822
Mars				Mavors を参照
Martius		760	Martius	Martius Hector 760
Martius				Mavortius を参照
Mavors		358	Mavors	sonat undique Mavors、すなわち戦闘、358
Mavors		532	Mavors	bellipotens . . . Mavors 532
Mavors		821	Mavors	ipse . . . Mavors 821
Mavortius		543,797	Mavortius,Mavortius	Mavortius Hector 543. 797
Mavortius				Martius を参照
Meges		201	Meges	Dulichius . . . Meges 201
Meges		433	Meges	*Meges 433
Menelaus		283,312,339,539	Menelaus,Menelaus,Menelaus,Menelaus	Menelaus 283. 312. 339. 539
Menelaus		347	Menelae	te, Menelae 347
Menelaus		174	Menelai	-lai . . . ardor 174
Menelaus		519,639	Menelai,Menelai	-lai 519. 639
Menelaus		254	Menelaum	-laum ex 254
Menelaus				Atrides を参照
Menelaus		259	hospitis	hospitis 259
Menelaus		275,288,329	viri,virum,viri	viri 275. 288. 329
Menelaus		307,352	victor,victor	victor 307. 352
Menelaus		321	coniugis	coniugis antiqui 321
Menestheus		210	Menestheus	*Menestheus . . . Athenaeus 210
Meriones		208	Meriones	Idomeneus et Meriones, Cretaeus uterque 208
Meriones		432,1013	Meriones,Meriones	-nes *432. 1013
Meriones		581	Meriones	Idomeneus et *iunctus gente paterna -nes 581
Meriones		1009	Merionem	-em 1009(?)
Mesthles		244	Mesthles	*Mesthles 244:タライメネースの子、アンティポスの兄弟、マイオネス人の将
Minerva		551	Minervae	ad templa Minervae 551
Minerva				Pallas. Tritonia. armigera. diva. virago を参照
Musa		161	Musae	Musae 呼格 161
Musa				Diva. Pieris を参照
Musa		880	puellae	castae . . . puellae 880
Mycenaeus		171	Mycenaeis	Mycenaeis . . . moenibus 171
Mydon		520	Mydon	*Mydon 520:ピュライメネースの御者、アテュムニオスの子
Myrmidones		23	Myrmidones	Myrmidones(すなわちギリシア人)23
Myrmidones		84	Myrmidonum	-um 84
Myrmidones		180	Myrmidonum	Epistrophus . . . gloria -um 180
Nastes		241	Nastes	Amphimachus *Nastesque, insignis uterque 241:カーリア人の将たち
Neptunius		250	Neptunia	Neptunia Troia 250
Neptunus		772	Neptunus	Neptunus 772
Neptunus		899	rector	magnarum rector aquarum 899 を参照
Nereis		874	Nereidas	liquidas . . . Nereidas 874
Nereis		97	sororibus	sororibus 97 を参照
Nereius		938,975	Nereius,Nereius	Nereius heros 938. 975:アキレウス
Nereus		864	Nerea	Nerea 864
Nereus		871	Nerea	-a magnum 871
Nestor		176	Nestor	fidus sollerti pectore Nestor consilioque potens 176
Nestor		144	Nestoris	sollertis prudentia -oris aevo 144
Nestor		154,737	Nestoris,Nestoris	-oris aetas 154. 737
Nestor		151	senex	senex 151 を参照
Nestorides		840	Nestorides	Nestorides 840:アンティロコス
Nireus		195	Nireus	*Nireus (teucer trad.) 195:アグライエーとカロポスの子
nympha		863	nymphas	nymphas 863(?)
Oceanus		864	Oceanum	Oceanum(?) 864
Oceanus		872	Oceanum	-um . . . senem 872
occasus		866	occasus	[太陽の]沈む領域:866
Odius		242	Odius	Odius . . . et Epistrophus 242:ハリゾーネス人の将たち
Odius		427	Odius	infelix -us 427
Oenides		466	Oenides	*Oenides 466:ディオメーデース
Oileus		216	Oileos	Oileos (-us trad.) Aiax 216
Olympus		107	Olympi	genitor . . . Olympi 107
Olympus		345	Olympi	regnator -pi 345:ユッピテル
Olympus		108	Olympo	sol emenso decedit -po 108
Orcus		3	Orco	animas . . . tradidit Orco 3
Orsilochus		518	Orsilochum	*Orsilochum 518:ディオクレースの子、ペライの人
ortus		866	ortu	[太陽の]昇る領域:866
Paean		880	Paeana	resonant Paeana puellae 880
Paeonius		351	Paeoniis	Paeoniis . . . herbis 351
Paeonius				Apollo を参照
Pallas		950	Pallas	Pallas 950
Pallas		78	Pallas	casta . . . -as 78
Pallas		394	Pallas	bellica -as 394
Pallas		936	Pallas	[Tritonia -as 936]
Pallas		1069	Pallas	呼格:ades, inclita -as 1069
Pallas		333	Pallados	castae -dos ira 333
Pallas		548	Pallados	innuptae -dos arces 548(両箇所とも -dis trad.)casta cum -de 532
Pallas		532,894	Pallade,Pallade	894
Pallas				Minerva を参照
Pandarus		239	Pandarus	proles generosa Lycaonis . . . Pandarus 239
Pandarus		346,436	Pandarus,Pandarus	-us 346. 436
Pandarus		449	Pandare	-re 449
Paphlagones		519	Paphlagonum	Paphlagonum ductor 519:ピュライメネース
Paris		576,756	Paris,Paris	Paris 576. 756
Paris		234	Paris	tunc fortis in armis belli causa Paris, patriae funesta ruina 234
Paris		253	Paris	Paris, exitium Troiae funestaque flamma 253
Paris		320	Paris	呼格:mea flamma, Paris(ヘレネーが語る)320
Paris		311	Paridi	Paridī 311
Paris		318	Paridi	Dardanio . . . dī 318
Paris				Alexander. Dardanius. Phrygius. Priameius を参照
Paris		257	dedecus	ヘクトールの言葉 257 を参照:o dedecus
Paris		307	iuvenem	. aeternum patriae generisque infamia nostri. iuvenem 307
Paris		309	virum	virum 309
Patroclus		806,827	Patroclus,Patroclus	Patroclus 806. 827
Patroclus		994	Patrocli	-cli . . . manes 994
Patroclus		809,823	ille,ille	ille 809. 823 を参照
Patroclus		831	Achillis	simulati . . . Achillis 831
Patroclus		834	iuvenem	iuvenem 834
Patroclus		836	extincti	extincti 836
Patroclus		840	corpus	miserabile corpus 840
Patroclus		843	membra	membra 843
Patroclus		844	sodalis	[sodalis 844]
Patroclus		847	sodalis	extincti . . . sodalis 847
Patroclus		850	sodalis	mei sodalis 850
Patroclus		1004	amici	defleti . . . amici 1004
Pedaeus		433	Pedaeum	*Pedaeum 433:アンテーノールの庶子
Pelasgi		758,769	Pelasgi,Pelasgi	Pelasgi 758. 769
Pelasgi		10	Pelasgum	-um . . . regi 10
Pelasgi		694	Pelasgis	-gis 694
Pelasgi		224,353	Pelasgos,Pelasgos	fortes . . . -os 224. 353
Pelasgi				Graeci を参照
Peleus		986	Peleus	Peleus 986:アキレウスの父
Pelides		81	Pelides	Pelides 81
Pelides		1	Pelidae	-dae . . . superbi 1
Pelides		841	Pelidis	-dae 841
Pelides				Achilles を参照
Pelopeius		131,739	Pelopeius,Pelopeius	Pelopeius heros 131. 739:アガメムノーン
Pelopeus		791		[Pelopea iuventus 791]:ギリシア人
Peneleos		167	Peneleus	Peneleos (-leus trad.) princeps 167
Peneleos		789	Penelei	atrocis -lei 789:ボイオーティア人の将
Pergama		164	Pergama	ad Pergama 164
Pergama				Troia を参照
Phaestus		430	Phaestum	Maeoniden *Phaestum 430:Μήονος υἱὸν Βώρου ἐκ Τάρνης(「タルネーから来たマイオネス人ボーロスの子」)
Phegeus		405	Phegeus	*Phegeus 405
Phegeus		405	Phegea	Daretis natos . . . *Phegeaque Idaeumque 405
Phegeus		409	viri	viri 409 を参照
Phegeus		414,421	germani,germani	germani 414. 421
Phegeus		422	fratri	fratri 422
Phereclus		432	Phereclum	*Phereclum 432:Τέκτονος υἱὸν Ἁρμονίδεω(「ハルモーンの子テクトーンの子」)
Phidippus		193	Phidippus	Thessalici iuvenes *Phidippus (ped- trad.) et Antiphus 193
Philoctetes				(Philoctetes) Poeas を参照
Phineus				Guneus を参照
Phoebeius		27	Phoebeia	Phoebeia templa 27
Phoebus		55,69	Phoebi,Phoebi	infesti . . . numina Phoebi 55. 69
Phoebus		1070	Phoebe	Phoebĕ 1070
Phorcus		247	Phorcus	Phorcus 247:プリュギア人の将
Phryges		401,493,636,682,762,803	Phryges,Phryges,Phryges,Phryges,Phryges,Phryges	Phryges 401. 493. 636. 682. 762. 803
Phryges		1015	Phryges	miseri . . . -es 1015
Phryges		268	Phrygum	-gum . . . populus 268
Phryges		486	Phrygum	spes una -um 486
Phryges		505	Phrygum	-um . . . turmas 505
Phryges		657	Phrygum	fata . . . -um 657
Phryges		1020	Phrygum	causa -um 1020
Phryges		342	Phrygas	pulsos -as (-es trad.) 342
Phryges		670	Phrygas	-as (-es trad.) . . . Teucer agit 670
Phrygia		661	Phrygiae	unum . . . decus Phrygiae、ヘクトール:661
Phrygius		292	Phrygii	praedonis Phrygii 292
Phrygius		315	Phrygii	Phrygii、すなわちパリスの、315
Phrygius		727	Phrygiae	gentis . . . Phrygiae 727
Phrygius		911	Phrygiae	-iae gentis 911
Phrygius		923	Phrygias	-ias . . . catervas 923
Pieris		1067	Pieridum	Pieridum . . . cohors 1067
Pieris				Musa を参照
Pirous		245	Pirous	*Pirous (pierius trad.) 245:トラーキア人の将:Imbrasides を参照
Pirous				
Pisander		749	Pisandrum	*Pisandrum (tess- trad.) 749:アンティマコスの子
Podalirius		218	Podalirius	Podalirius *218
Podalirius		351	Podalirius	iuvenis -ius 351:アスクレーピオスの子
Podarces		215	Podarces	fortis . . . Podarces 215:プロテシラーオスの兄弟、イーピクロスの子
Poeas		217	Poeante	*Poeante (phetonte trad.) satus 217:ピロクテーテース
Polites		235	Polites	fortis . . . Polites 235:プリアモスの子
Polydamas		786	Polydamas	Polydamas 786:パントオスの子
Polyidos		445	Polyïdon	*Polyïdŏn (polidona trad.) 445:エウリュダマースの子
Polypoetes		182,1012	Polypoetes,Polypoetes	*Polypoetes 182. 1012:ヒッポダメイアの子
Polyxenus		213	Polyxenus	clara virtute Polyxenus 213:エーリスの人、アガステネースの子
Priameius		271,960	Priameius,Priameius	Priameius heros:パリス 271、ヘクトール 960
Priameius		789,837	Priameia,Priameia	-eia pubes 789. 837:トロイア人
Priamides		601,610,660,988	Priamides,Priamides,Priamides,Priamides	Priamides 601. 610. 660. 988
Priamides		226	Priamides	-es Hector 226
Priamides		754	Priamides	Hector -es 754:ヘクトール
Priamus		278,983,1046	Priamus,,Priamus	Priamus 278 [983] 1046
Priamus		726	Priami	-mi regis 726
Priamus		982	Priami	-mi . . . filius 982
Priamus		223	Priamum	ad -mum 223
Priamus		1041	Priamum	vicisti -mum 1041
Priamus		987	Priamo	pro -mo 987
Priamus		552	coniuge	coniuge 552 を参照
Priamus		944	parentes	parentes 944
Priamus		980	genitoribus	miseris genitoribus 980
Priamus		981	pater	pater infelix 981
Priamus		986,1032	patris,patris	afflicti . . . patris 986. 1032
Priamus		1021	patris	senectus afflicti miseranda patris 1021
Priamus		1026	senis	miseri senis 1026
Priamus		1030	senectus	nostra senectus 1030
Priamus		1035	senis	senis 1035
Priamus		1036	pater	pater 1036
Priamus		225,1038,1044	parentis,parentis,parenti	parentis 225. 1038. 1044
Priamus		1043	grandaevum	grandaevum 1043
Promachus		788	Promachum	Boeotum . . . Promachum 788
Protesilaus		215	Protesilaus	Protesilaus 215
Proteus		872	Protea	nec eundem Protea semper 872
Prothoenor		168	Prothoënor	*Prothoënor Boeotus:168
Prothoenor		786	Prothoënora	-ora 786
Prothous		199	Prothous	*Prothous Magnes Tenthredone natus 199
Pylaemenes				(Pylaemenes) Paphlagones を参照
Pylaemenes		249		また 249
Pylaeus		240	Pylaeus	*Pylaeus (ephialtes trad.) 240:レートスの子、ペラスゴイ人
Pyraechmes		243	Pyraechmes	clarus . . . aetate *Pyraechmes 243:パイオネス人の将
Pyrrhus		987	Pyrrhus	Pyrrhus 987:アキレウスの子
Rhesus		729	Rhesi	tentoria Rhesi 729
Rhesus		731	virum	ipsum . . . virum 731 を参照
Rhesus		734	Thraecis	Thraecis 734
Rhodius		196	Rhodius	Tlepolemus . . . Rhodius 196
Rhytieus		777	Rhytieus	magnanimus ductor Rhytieus 777:イードメネウス
Salaminius		198	Salaminius	Telamone satus Salaminius Aiax 198
Sarpedon		249,521	Sarpedon,Sarpedon	Iovis inclita proles Sarpedon 249. 521
Sarpedon		527	Sarpedon	-don 527
Sarpedon		811	Sarpedona	-dona 811
Saturnius		223	Saturnius	pater . . . Saturnius 223:ユッピテル
Scamandrius				Strophius を参照
Schedius		179	Schedius	Schedius virtute potens et Epistrophus ingens, gloria Myrmidonum 179
Simoisius				(Simoisius) Anthemio を参照
Sol		108	sol	Sol . . . decedit Olympo 108
Sol				Titan を参照
Sol		130	lampas	ignea lampas 130 を参照
Somnus		120	Somnus	Somnus 120
Somnus		113	Somnum	-um 113
Somnus		114	divum	lenissime divum 114 を参照
Somnus		123	levator	curarum operumque levator 123
Sthenelus		184	Stheneli	Stheneli (-us trad.) . . . decus 184:カパネウスの子
Strophius		431	Strophio	Strophio genitum 431:スカマンドリオス
Stygius		431	Stygias	Stygias . . . ad umbras 431
Syme		195		ab Syme (Σύμηθεν) 195 (assumptis trad.) ?
Tartara		448	Tartara	ad Tartara mittit 448
Telamon		198	Telamone	Telamone satus . . . Aiax 198
Telamon		610,624	Telamone,Telamone	-one creatum 610. 624
Telamonius		205,363,602,623,787,836	Telamonius,Telamonius,Telamonius,Telamonius,Telamonius,Telamonius	Telamonius Aiax 205. 363. 602. 623. 787. 836
Tenthredon		199	Tenthredone	Prothous Magnes *Tenthredone natus 199
Teucer		671	Teucer	Teucer 671
Teucer		195	Nireus	[195 trad.]
Teucri		508	Teucri	Teucri 508
Teucri		424,903	Teucros,Teucros	-os 424. 903
Teucri				Troiani を参照
Thalpius		212	Thalpius	Amphimachus . . . et *Thalpius (alpinus trad.), Elide nati 212
Thalysiades		361	Thalysiades	*Thalysiades (tales(t)- trad.) 361:エケポロス
Thersites		136	Thersites	Thersites, quo non deformior alter venerat ad Troiam nec lingua protervior ulli 136
Thessalicus		193	Thessalici	Thessalici iuvenes, Phidippus et Antiphus 193
Thestorides		52,59	Thestoriden,Thestoriden	Thestoriden 52. 59:カルカース
Thetideius		690,892	Thetideius,Thetideius	Thetideius heros 690. 892:アキレウス
Thetis		83,860	Thetis,Thetis	Thetis 83. 860
Thetis		855	Thetin	Thetin 855
Thetis		81	numina	aequoreae . . . numina matris 81 を参照
Thetis		94	diva	magni diva maris 94
Thetis		88	genetrix	genetrix 88
Thetis		192	materna	materna per aequora 192
Thetis		843	materno	materno . . . amictu 843
Thetis				Doris を参照
Thoas		202	Thoas	Aetola de gente Thoas Andraemone natus 202
Thoas		583	Thoas	magno . . . Thoas Andraemone natus 583
Thoas		380	Thoantis	dextrā . . . Thoantis 380
Thoon		446	Thoonem	vastum . . . *Thoonem 446:パイノプスの子
Thraex		734	Thraecis	Thraecis (-es trad.; -ăs 推測) equos 734:レーソスの
Thrasymedes		177	prole	(Thrasymedes、ネストールの子)。177 行:gemina cum prole
Titan		126	Titan	cum . . . Titan se emerserit undis 126
Titan		158	Titan	nitidum -an radiis caput extulit undis 158
Titan		617	Titan	fessus in undas coeperat igniferos -an immergere currus 617
Titan		650	Titan	nitidum -an radiis patefecerat orbem 650
Titan		118	Titana	cum crastina . . . extulerit -ana dies 118
Titan				Apollo. Sol を参照
Tlepolomus		196	Tlepolomus	*Tlepolomus . . . Rhodius 196
Tlepolomus		523	Tlepolomus	*-us magno satus Hercule 523
Tonans		124	Tonantis	mandata Tonantis 124
Tonans		104	Tonantem	-tem 104
Tonans				Iuppiter を参照
Triton		873	Tritonas	Tritonas (-es trad.) . . . feros 873
Tritonia		947	Tritonia	Tritonia 947
Tritonia		936	Tritonia	[-ia Pallas 936]
Tritonia				Minerva を参照
Troia		727,1016	Troia,Troia	Troia 727. 1016
Troia		250	Troia	Neptunia -ia 250
Troia		719	Troia	maxima -ia 719
Troia		253	Troiae	Paris exitium -iae 253
Troia		338	Troiae	flammas . . . -iaeque suasque Parin 338
Troia		137	Troiam	venerat ad -iam 137
Troia		900	Troiam	Latiis -iam repararet in arvis 900
Troia				Dardanius. Ilion. Pergama を参照
Troia		222	campos	また campos 222 を参照
Troia		227,575	portis,portis	portis 227. 575
Troia		999	muros	muros 999
Troianus		542,770	Troiana,Troiana	Troiana iuventus 542. 770
Troianus		782	Troiana	-na manus 782
Troianus		931	Troiana	salus -na 931
Troianus		220	Troiana	-na ad litora 220
Troianus		387	Troianis	Troianis . . . virtus crescit 387
Troianus				Dardanides. Dardanius. Dardanus. Priameius を参照
Troianus		226	pubem	226 pubem
Troicus		819	Troica	Troica dextera、ヘクトールの:819
Troicus		645	Troiae	castra . . . Troica(異読 Troiae)645
Troius		674	Troius	Troius heros、ヘクトール:674
Troius		704	Troia	Troia pubes 704
Tros		710	Tros	Tros (troius trad.) Eumediades、ドローン:710
Tros		758,767,928,978,1002	Troes,Troes,Troes,Troes,Troes	Troes 758. 767. 928. 978. 1002、いずれも子音の前または最後の不定の位置で
Tros		790	Troes	Troēs ad 790
Tros		102,281,339,357,438,631,641,701,963	Troum,Troum,Troum,Troum,Troum,Troum,Troum,Troum,Troum	Troum 102. 281. 339. 357. 438. 631. 641. 701. 963
Tros		585	Troum	Troum terror Achilles 585
Tros		1008	tyrsin	(Trosin equis? 1008)
Tros		807	Troas	Troas 807
Tydeius		453	Tydeius	Tydeius ensis、ディオメーデースの:453
Tydides		390,408,530,665,1008	Tydides,Tydides,Tydides,Tydides,Tydides	Tydides 390. 408. 530. 665. 1008
Tydides		185	Tydides	fortis in armis -des 185
Tydides		459	Tydides	magnus . . . -des 459
Tydides		449	Tydidae	-dae . . . dextra 449
Tydides		415	Tydidae	saevi . . . -dae 415
Tydides		437	Tydiden	-den 437:ディオメーデース
Venus		315,464,911	Venus,Venus,Venus	Venus 315. 464. 911
Venus		559,584	Veneris,Veneris	-eris 559. 584
Venus		236,483	Veneris,Veneris	Aeneas, -eris . . . proles 236. 483
Venus		467	Venerem	in -rem 467
Venus				Cytherea を参照
virago		533	virago	sancta virago 533:ミネルウァ
Vlixes		707	Vlixes	Vlixes 707
Vlixes		65	Vlixes	cunctis notus -es 65
Vlixes		139	Vlixes	consiliis illustris -es 139
Vlixes		527,579	Vlixes,Vlixes	fraudis . . . commentor -es 527. 579
Vlixes		699	Vlixem	-xem 699
Vlixes				Ithacus. Laertiades. Laertius を参照
Vulcanius		835,961	Vulcania,Vulcania	Vulcania . . . arma、アキレウスの 835. 961
Vulcanus		856	Vulcani	Vulcani 856
Vulcanus				Ignipotens. Mulciber を参照
Vulcanus		859	artibus	divinis artibus 859
Xanthus (Phaenopis f.)		446	Xanthum	notum bello Xanthum 446:パイノプスの子、トオーンの兄弟
Xanthus (fluvius)		783	Xanthi	Xanthi . . . fluentis 783
Xanthus (fluvius)		906	Xanthi	ad -i fluctus 906
Xanthus (fluvius)		912	Xanthi	-i . . . fluctus 912
Xanthus (fluvius)		907	fluminis	divini fluminis 907 を参照
Xanthus (fluvius)		385	amnes	amnes 385
