headword	headword-en	verse	form	description
Abas	Abas	445	Abanta	Abanta: Diomedes killed Abas, son of Eurydamas, brother of Polyidus, a Trojan 445
Acamas 1	Acamas 1	237	Acamas	Acamas, son of Antenor, a Trojan 237
Acamas 1	Acamas 1	788	Acamas	-as killed Promachus, whom the right hand of fierce Peneleus lays low 788
Acamas 2	Acamas 2	245	Acamas	Acamas (ath- trad.), a Thracian 245
Acamas 2	Acamas 2	538	Acamantem	-antem . . . Ajax son of Telamon kills him 538
Achaicus	Achaean	790	Achaica	insurgunt Troes ad Achaica bella 790
Achaicus	Achaean			see Graecus
Achilles	Achilles	8	Achilles	bello clarus -es 8
Achilles	Achilles	50	Achilles	clarus -es 50
Achilles	Achilles	191	Achilles	Graium durus comitator -es 191
Achilles	Achilles	585	Achilles	Troum terror -es 585
Achilles	Achilles	824	Achilles	verus . . . -es 824
Achilles	Achilles	860,995	Achilles,Achilles	magnus -es 860. 995
Achilles	Achilles	958	Achilles	saevus . . . -es 958
Achilles	Achilles	211,988,997,1014,1043	Achilles,Achilles,Achilles,Achilles,Achilles	-es 211. 988. 997. 1014. 1043
Achilles	Achilles	818,1028	Achilles,Achilles	voc.: fortissime -es 818. 1028
Achilles	Achilles	54,689,719,806	Achillis,Achillis,Achillis,Achillis	-is 54. 689. 719. 806
Achilles	Achilles	91	Achillis	mei -is (Thetis speaks) 91
Achilles	Achilles	813	Achillis	horrendi . . . -is 813
Achilles	Achilles	831	Achillis	simulati . . . -is (of Patroclus) 831
Achilles	Achilles	99	Achilli	-i 99
Achilles	Achilles	78	Achillem	-em 78
Achilles	Achilles	60,72,934	Achillem,Achillem,Achillem	magnum . . . -em 60. 72. 934
Achilles	Achilles			See Aeacides. Nereius. Pelides. Thetideius.
Achilles	Achilles	61	ducis	ducis invicti 61
Achilles	Achilles	83,88,95	nati,nato,nati	nati 83. 88. 95
Achilles	Achilles	90	pignus	meum . . . pignus 90
Achilles	Achilles	1000	heros	maximus heros 1000
Achilles	Achilles	1024	hostis	invicti . . . hostis 1024
Achivi	Achaeans	661	Achivi	661
Achivi	Achaeans	151	Achivi	voc.: 151
Achivi	Achaeans	506,657	Achivum,Achivum	-um 506. 657
Achivi	Achaeans	69,387	Achivis,Achivis	-is 69. 387
Achivi	Achaeans	638	Achivis	invictis . . . -is 638
Achivi	Achaeans	101	Achivos	-os 101
Achivi	Achaeans			See Graeci
Adrastus	Adrastus	240	Adrastus	Amphiusque et Adrastus, sons of Merops 240
Adrastus	Adrastus	539	Adrastum	vastumque capit Menelaus -um 539
Aeacides (Achilles)	Aeacides (Achilles)	74,844	Aeacides,Aeacides	ferus -es 74. [844]
Aeacides (Achilles)	Aeacides (Achilles)	903	Aeacides	-ēs 903
Aeacides (Achilles)	Aeacides (Achilles)	924	Aeacides	horridus -es 924
Aeacides (Achilles)	Aeacides (Achilles)	1005,1026	Aeacides,Aeacides	victor . . . -es 1005. 1026
Aeacides (Achilles)	Aeacides (Achilles)	897	Aeacidae	-dae 897
Aeacides (Achilles)	Aeacides (Achilles)	914	Aeaciden	-den 914
Aeacides (Aiax Telamonius)	Aeacides (Ajax son of Telamon)	368	Aeaciden	-den 368
Aeacides (Aiax Telamonius)	Aeacides (Ajax son of Telamon)	628	Aeaciden	-dēn *628
Aeneas	Aeneas	236	Aeneas	sacer -as, Veneris certissima proles 236
Aeneas	Aeneas	454,516	Aeneas,Aeneas	-as 454. 516
Aeneas	Aeneas	472	Aenean	Dardanium -an 472
Aeneas	Aeneas	509	Aenean	-ān 509
Aeneas	Aeneas	900	profugus	profugus 900
Aeneas	Aeneas			See Cythereius
Aeneas	Aeneas	483	proles	and Venus 483
Aeneae auriga	charioteer of Aeneas	513		the charioteer of Aeneas, not named 513
Aesculapius	Aesculapius	350	arte	see arte paterna 350
Aetnaeus	Aetnaean	857	Aetnaeos	Aetnaeos . . . ignes of Vulcan 857
Aetolius	Aetolian	556,698	Aetolius,Aetolius	Aetolius heros 556. 698: Diomedes
Aetolus	Aetolian	202	Aetola	Aetola de gente Thoas 202
Agamemnon	Agamemnon	171	Agamemnon	Mycenaeis -on moenibus ortus 171
Agamemnon	Agamemnon	121,795	Agamemnonis,Agamemnonis	-onis 121. 795
Agamemnon	Agamemnon	353	Agamemnonis	-onis ira 353
Agamemnon	Agamemnon			See Argolicus. Atrides. Pelopeius. Plisthenides
Agamemnon	Agamemnon	124,496	rex,rex	and cf. rex Danaum 124. 496
Agamemnon	Agamemnon	747	rex	Danaum rex 747
Agamemnon	Agamemnon	58,134,691	regis,rex,regis	rex 58. 134. 691
Agamemnon	Agamemnon	134,156,739	ducem,dux,duci	dux 134. 156. 739
Agamemnon	Agamemnon	43	hostis	hostis duri 43
Agamemnon	Agamemnon	10	regi	Pelasgum . . . regi 10
Agapenor	Agapenor	175	Agapenoris	ferox Agapenoris ira 175: an Arcadian, son of Ancaeus
Agelaus	Agelaus	667	Agelaus	Agelaus 667: a Trojan, son of Phradmon
Aiaces	the two Ajaxes	582	Aiaces	Aiacesque duo 582
Aiax (Locrus)	Ajax (the Locrian)	189	Aiax	Locrum fortissimus Aiax 189
Aiax (Locrus)	Ajax (the Locrian)	216	Aiax	Oileos (-us trad.) -ax 216
Aiax (Telamonius)	Ajax (son of Telamon)	198	Aiax	Telamone satus Salaminius Aiax 198
Aiax (Telamonius)	Ajax (son of Telamon)	205,363,602,623,787,836	Aiax,Aiax,Aiax,Aiax,Aiax,Aiax	Telamonius -ax 205. 363. 602. 623. 787. 836
Aiax (Telamonius)	Ajax (son of Telamon)	538,799,1009	Aiax,Aiax,Aiax	-ax 538. 799. 1009
Aiax (Telamonius)	Ajax (son of Telamon)	588	Aiax	magnus . . . -ax 588
Aiax (Telamonius)	Ajax (son of Telamon)	611	Aiax	ferus -ax 611
Aiax (Telamonius)	Ajax (son of Telamon)	629	Aiax	bellator . . . -ax 629
Aiax (Telamonius)	Ajax (son of Telamon)	780	Aiax	maximus -ax 780
Aiax (Telamonius)	Ajax (son of Telamon)	670	Aiacis	-acis 670
Aiax (Telamonius)	Ajax (son of Telamon)	601	Aiacis	ardorque -acis 601
Aiax (Telamonius)	Ajax (son of Telamon)	368,628	Aeaciden,Aeaciden	-acem see Aeaciden 368. 628
Aiax (Telamonius)	Ajax (son of Telamon)			See Hesione. Telamon
Alcathous	Alcathous	776	Alcathous	Anchisae gener Alcathous 776
Alcinous	Alcinous			see Arsinous
Alexander	Alexander	282	Alexander	pulcher Alexander 282
Alexander	Alexander	332	Alexander	-er 332
Alexander	Alexander	340	Alexandrum	-drum 340
Alexander	Alexander			See Paris
Amaryncides	Amaryncides	377	Amarynciden	*Amaryncīden 377
Amaryncides	Amaryncides			see Diores
Amphibion	Amphibion			see Anthemio
Amphimachus 1	Amphimachus 1	212	Amphimachus	Amphimachus . . . ferox et Thalpius, Elide nati 212: leaders of the Epeans
Amphimachus 1	Amphimachus 1	775	Amphimachum	Hector atrocem -um obtruncat 775
Amphimachus 2	Amphimachus 2	241	Amphimachus	Amphimachus Nastesque 241: leaders of the Carians
Amphius	Amphius	240	Amphius	Amphīus 240
Amphius	Amphius			see Adrastus
Anchises	Anchises	776	Anchisae	Anchisae gener Alcathous 776
Andraemon	Andraemon	202,583	Andraemone,Andraemone	Thoas Andraemone natus 202. 583
Andromache	Andromache	565	Andromache	fidissima coniunx . . . Andromachē 565
Andromache	Andromache	1018,1058	Andromache,Andromache	-ē 1018. 1058
Andromache	Andromache	568	materna	See materna ad pectora 568
Antenor 1	Antenor 1	237	Antenore	Archelochusque Acamasque ferox Antenore creti 237: the Trojan
Antenor 2	Antenor 2	752	Antenore	Antenore natum 752: Coon, a Thracian
Antenorides	Antenorides	787	Antenoriden	Archelochum . . . Antenoriden 787
Antenorides	Antenorides			see Antenor 1
Anthemion	Anthemion	363	Anthemione	*Anthemione satum 363: Simoisius, a Trojan
Antilochus	Antilochus	360	Antilochi	Antilochi . . . -ense 360
Antilochus	Antilochus	520	Antilochi	armis . . . -i 520: son of Nestor
Antilochus	Antilochus			see Nestorides
Antilochus	Antilochus	177	prole	and 177 gemina cum prole
Antiphus 1	Antiphus 1	193	Antiphus	Thessalici iuvenes, Phidippus et Antiphus 193: sons of Thessalus
Antiphus 2	Antiphus 2	244	Antiphus	Antiphus 244: son of Talaemenes, leader of the Maeonians on the Trojan side
Antiphus 3	Antiphus 3	366	Antiphus	Antiphus 366
Antiphus 3	Antiphus 3	748	Antiphon	-ŏn 748: son of Priam
Apollo	Apollo	165	Apollo	Apollo 165
Apollo	Apollo	472,830	Apollo,Apollo	Troianus -o 472. 830
Apollo	Apollo	614	Apollo	Grais inimicus -o 614
Apollo	Apollo	911	Apollo	Phrygiae gentis tutator -o 911
Apollo	Apollo			See Delphicus. Fatidicus. Iuppiter. Latona. Paeonius. Phoebeius. Phoebus. Sol. Titan
Arcesilaus	Arcesilaus	168	Arcesilaus	Arcesilaus atrox 168: a Boeotian
Archelochus	Archelochus	237	Archelochus	Archelochusq. Acamasque . . . Antenore creti 237
Archelochus	Archelochus	787	Archelochum	-um . . . Antenoriden 787: a Trojan
Archeptolemus	Archeptolemus	673	aurigam	aurigam . . . Hectoris 673
Arctos	Arctos	866	Arctos	Arctos 866: a region of the sky
Argivus	Argive	1050	Argiva	Argiva . . . tela 1050
Argivus	Argive			see Graecus
Argolicus	Argive	115	Argolici	Argolici . . . ducis 115: Agamemnon's
Argolicus	Argive	736	Argolicas	-as . . . classes 736
Argolicus	Argive	80	Argolicis	gentibus -is 80
Argolicus	Argive			See Graecus
armigera	armed	400,545	armigerae,armigerae	virginis armigerae 400. 545: Minerva's
Arsinous	Arsinous	246	Arsinoo	*Arsinooque sati Chromiusque atque Ennomus 246
Ascalaphus	Ascalaphus	187	Ascalaphus	Ascalaphus . . . potens 187: son of Mars, leader of the Minyans
Ascalaphus	Ascalaphus	778	Ascalaphum	-um 778
Ascanius	Ascanius	248	Ascanius	ingens Ascanius 248: leader of the Phrygians
Asius	Asius	240,774	Asius,Asius	Asius 240. 774: son of Hyrtacus, on the Trojan side
Astyanax	Astyanax	566	Astyanacta	Andromache parvum . . . Astyanacta tenet 566
Astyanax	Astyanax	1059	Astyanacta	Andromache . . . -cta tenens 1059
Astyanax	Astyanax	565	natum	See parvum . . . natum 565
Astyanax	Astyanax	567,571	infans,infantem	infans 567. 571
Astyanax	Astyanax	573	natus	meus . . . natus 573
Astynous	Astynous	443	Astynoum	*Astynoum 443
Athenaeus	Athenian	211	Athenaeus	Menestheus . . . Athenaeus 211
Atrides (Agamemno)	Atrides (Agamemnon)	24,510,663	Atrides,Atrides,Atrides	-es 24. 510(?) 663
Atrides (Agamemno)	Atrides (Agamemnon)	424	Atrides	alter(?) -es 424
Atrides (Agamemno)	Atrides (Agamemnon)	8	Atrides	sceptriger -es 8
Atrides (Agamemno)	Atrides (Agamemnon)	159	Atrides	acer -es 159
Atrides (Agamemno)	Atrides (Agamemnon)	372	Atrides	[impiger -es 372]
Atrides (Agamemno)	Atrides (Agamemnon)	504	Atrides	ferus -es 504
Atrides (Agamemno)	Atrides (Agamemnon)	581	Atrides	Graium . . . dux acer -es 581
Atrides (Agamemno)	Atrides (Agamemnon)	124	Atrida	voc.: rex Danaum -da (-de in others) 124
Atrides (Agamemno)	Atrides (Agamemnon)	19	Atridae	-dae gen.: 19
Atrides (Agamemno)	Atrides (Agamemnon)	587	Atridae	regis -dae 587
Atrides (Agamemno)	Atrides (Agamemnon)	70	Atridae	-dae dat.: (-di in part of the manuscripts) 70
Atrides (Agamemno)	Atrides (Agamemnon)	640	Atridae	saevo . . . -dae 640
Atrides (Agamemno)	Atrides (Agamemnon)	75	Atriden	-dēn 75
Atrides (Agamemno)	Atrides (Agamemnon)	90	Atrida	-dā abl.: 90
Atrides (Menelaus)	Atrides (Menelaus)	290,301,332,349,510	Atrides,Atrides,Atrides,Atrides,Atrides	-des 290. 301. 332. 349. (510?)
Atrides (Menelaus)	Atrides (Menelaus)	268	Atrides	impiger -des 268
Atrides (Menelaus)	Atrides (Menelaus)	322	Atrides	violentus -es 322
Atrides (Menelaus)	Atrides (Menelaus)	327	Atrida	cum saevo . . . -da 327
Augustus	Augustan	901	Augustum	Augustum . . . genus 901: the Julii
Augustus	Augustan	902	gentis	see clarae gentis 902
Aulis	Aulis	147	Aulide	visus in Aulide serpens 147
Aurora	Aurora	635	Aurora	stellas Aurora fugarat 635
Auster	Auster	866	Austro	quantum Arctos ab Austro . . . distaret 866
Axinous	Axinous			see Arsinous
Bacchus	Bacchus	633	Bacchi	Bacchi . . . liquore 633
Baebius	Baebius			Baebius Italicus, the poet: in the title
Baebius	Baebius	1064,1070	vatis,vatis	see vatis 1064. 1070
Baebius	Baebius	1-8		and the acrostic of vv. 1—8
bellipotens	mighty in war	532	bellipotens	bellipotens . . . Mavors 532
Boeotus	Boeotian	788	Boeotum	Boeotum . . . Promachum 788
Boeotus	Boeotian	169	Boeoti	plur. Boeoti (-tes trad.) 169
Briseis	Briseis	693	Briseis	intacta . . . Briseis 693
Briseis	Briseis	72	Briseide	-ide privat Achillem 72
Briseis	Briseis	76	munera	See munera militiae 76
Briseis	Briseis	586	amores	amores 586
Briseis	Briseis	692	ignis	redditus ignis 692
Calchas	Calchas	52,152	Calchas,Calchas	Calchas the seer: 52. 152
Calchas	Calchas			see Thestorides
Calliope	Calliope	1064	Calliope	Calliope voc. 1064
Calydonius	Calydonian	399,454	Calydonius,Calydonius	Calydonius heros 399. 454
Calydonius	Calydonian	441	Calydonius	iuvenis -us 441: Diomedes
Chromius 1	Chromius 1	246	Chromius	Arsinooque sati Chromiusque atque Ennomus, ambo florentes aetate viri 246: leaders of the Mysians on the Trojan side (Χρόμις in Homer)
Chromius 2	Chromius 2	447	Chromium	Chromiumque et Echemmona 447: sons of Priam
Chryse	Chryse	66	arces	(Chryse, the city) patrias ad arces 66
Chryseis	Chryseis	70	Chryseidos	-dos (-dis trad.) . . . ardor 70
Chryseis	Chryseis	23,56,64	Chryseida,Chryseida,Chryseida	-da 23. 56. 64
Chryseis	Chryseis	14	natae	cf. raptae . . . natae 14
Chryseis	Chryseis	21,42	nata,nata	nata 21. 42
Chryseis	Chryseis	63	amores	invitos . . . amores 63
Chryseis	Chryseis	71	amores	amissos . . . amores 71
Chryses	Chryses	13	Chryses	Chryses 13
Chryses	Chryses	24	Chrysen	-en 24
Chryses	Chryses	23	patri	cf. patri 23
Chryses	Chryses	42	patrem	patrem 42
Chryses	Chryses	56,64	patri,patri	pio . . . patri 56. 64
Chryses	Chryses	18	fletus	patrios . . . fletus 18
Chryses	Chryses	27,35	sacerdos,sacerdos	sacerdos 27. 35
Chryses	Chryses	36	senectae	desertae . . . senectae 36
Chryses	Chryses	44	vatis	vatis 44
Clonius	Clonius	168	Clonius	Prothoenorque Cloniusque Boeoti 168
Clotho	Clotho	891	Clotho	Clotho 891
Coon	Coon	751	frater	(Coon), son of Antenor: frater 751
Coon	Coon			See Antenor 2.
Coroebus	Coroebus	249	Coroebus	clara . . . satus tellure Coroebus 249: not named in Homer
Cretaeus	Cretan	208	Cretaeus	Idomeneus et Meriones, Cretaeus uterque 208
Crethon	Crethon	517	Crethona	Crethona 517: son of Diocles, of Pherae
Cygneis	Cygneis	337	Cygneidos	Cygneidos (-dus in part of the manuscripts) 337: Helen
Cytherea	Cytherea	309,335,470	Cytherea,Cytherea,Cytherea	Cythereă 309. 335. 470: Venus
Cythereius	Cytherean	895	Cythereius	Cythereius heros 895: Aeneas
Danai	Danaans	508,542,646,679,766,802,838,960,978,1002	Danai,Danai,Danai,Danai,Danai,Danai,Danai,Danai,Danai,Danai	Danai 508. 542. 646. 679. 766. 802. 838. 960. 978. 1002
Danai	Danaans	57	Danai	voc.: 57
Danai	Danaans	12	Danaorum	-orum 12
Danai	Danaans	19,50,67,124,153,251,268,357,389,496,631,686,691,698,705,743,747,794,1025	Danaum,Danaum,Danaum,Danaum,Danaum,Danaum,Danaum,Danaum,Danaum,Danaum,Danaum,Danaum,Danaum,Danaum,Danaum,Danaum,Danaum,Danaum,Danaum	-um (gen.): 19. 50. 67. 124. 153. 251. 268. 357. 389. 496. 631. 686. 691. 698. 705. 743. 747. 794. 1025
Danai	Danaans	772	Danais	-is 772
Danai	Danaans	45,492,659,808,912,950,1001	Danaos,Danaos,Danaos,Danaos,Danaos,Danaos,Danaos	-os 45. 492. 659. 808. 912. 950. 1001
Danai	Danaans	544	Danais	pro -is 544
Danai	Danaans			See Graeci
Dardanides	Dardanides	826	Dardanides	Dardanides 826: Hector
Dardanides	Dardanides	743	Dardanidum	-dum . . . duces 743: of the Trojans
Dardanius	Dardanian	318	Dardanio	Dardanio . . . Paridi 318
Dardanius	Dardanian	302	Dardanium	-um . . . iuvenem 302: Paris
Dardanius	Dardanian	472	Dardanium	-um Aenean 472
Dardanius	Dardanian	384	Dardanii	-ii . . . campi 384: of Troy
Dardanus	Dardanian	905	Dardana	Dardana pubes 905
Dardanus	Dardanian	1029	Dardana	-na . . . pubes 1029
Dardanus	Dardanian	1040	Dardana	-na regna 1040: Trojan
Dares	Dares	403	Daretis	*Daretis . . . natos, Phegeaque Idaeumque 403. Of Vulcan's priest among the Trojans
Deiphobus	Deiphobus	235	Deiphobus	Deiphobus 235
Deiphobus	Deiphobus	778	Deiphobus	fervidus . . . -us 778
Deiphobus	Deiphobus	949	Deiphobi	-bi 949: son of Priam
Deiphobus	Deiphobus	947	fratri	See fratri 947
Deiphobus	Deiphobus	968	fraterna	fraterna . . . auxilia 968
Delphicus	Delphic	32	Delphice	Delphice 32: O Apollo
Democoon	Democoon	373	Democoonta	*Democoonta 373: bastard son of Priam
Diomedes	Diomedes	707	Diomedis	socius Diomedis 707
Diomedes	Diomedes	554	Diomede	cum -dĕ 554
Diomedes	Diomedes			see Aetolius. Calydonius. Oenides. Tydides.
Diomedes	Diomedes	584,559	qui,qui	v. 584: qui . . . manum Veneris violavit (cf. 559)
Diomedes	Diomedes	395	iuveni	395 iuveni
Diomedes	Diomedes	668	heros	668 maximus heros
Dione	Dione	471	matri	(Dione), mother of Venus: sidereae . . . matri 471
Diores	Diores	213	Diores	Diores 213: leader of the Epeans
Diores	Diores			see Amaryncides
Dis	Dis	723	Ditis	per Ditis fluctus obtestor opaci 723
Diva	goddess	1	Diva	Diva 1: the Muse
Diva	goddess	547	divae	divae 547: Minerva
Dolon	Dolon	704	Dolon	*Dolon 704
Dolon	Dolon			see Eumediades
Doricus	Doric	324	Doricus	Doricus ensis 324
Doricus	Doric	662	Dorica	-ca . . . castra 662
Doricus	Doric			See Graecus
Doris	Doris	873	Dorida	amantem Dorida fluctus 873
Doris	Doris	99	Doride	-de nata 99
Doris	Doris			See Thetis
Dulichius	of Dulichium	201	Dulichius	Dulichius . . . Meges 201
Echemmon	Echemmon	447	Echemmona	Echemmona 447: son of Priam
Echepolus	Echepolus			see Thalysiades
Elephenor	Elephenor	200	Elephenor	Euboeae . . . *Elephenor finibus ortus 200
Elis	Elis	212	Elide	Amphimachus . . . et Thalpius, Elide nati 212
Ennomus	Ennomus	246	Ennomus	*Ennomus 246
Ennomus	Ennomus			see Chromius 1
Epeos	Epeus	1011	Epeos	caestibus . . . cunctos superavit *Epeos 1011
Ephialtes	Ephialtes			see Pylaeus
Epistrophus 1	Epistrophus 1	179	Epistrophus	Schedius . . . et Epistrophus ingens, gloria Myrmidonum, saevi duo robora belli 179
Epistrophus 2	Epistrophus 2	242	Epistrophus	Epistrophus ingens 242: leader of the Halizonians on the Trojan side
Euboea	Euboea	200	Euboeae	Euboeae . . . finibus 200
Euhaemon	Euhaemon	190	Euhaemone	Euhaemone natus 190: Eurypylus
Eumediades	Eumediades	710	Eumediades	Tros *Eumediades 710: Dolon
Eumelus	Eumelus	197	Eumelus	viribus acer *Eumelus 197: son of Admetus
Euphemus	Euphemus	243	Euphemus	Euphemus . . . ferox 243: leader of the Cicones on the Trojan side
Eurus	Eurus	734	Eurus	Eurus 734: the wind
Euryalus	Euryalus	184	Euryalus	Euryalus 184: son of Mecisteus, companion of Diomedes
Eurypylus	Eurypylus	434	Eurypylus	vastis horridus armis Eurypylus 434
Eurypylus	Eurypylus	583	Eurypylus	claris speciosus in armis -us 583
Eurypylus	Eurypylus	757	Eurypyli	-li 757
Eurypylus	Eurypylus			see Euhaemon
Fatidicus	prophetic	31	Fatidici	Fatidici . . . aures 31: Apollo's
Glaucus	Glaucus	239	Glaucus	magnae Glaucus virtutis in armis 239
Glaucus	Glaucus	553	Glaucus	-us 553: leader of the Lycians among the Trojans
Gorgythion	Gorgythion	672	Gorgythiona	*Gorgythiona ferum 672: son of Priam
Graecia	Greece	172	Graecia	bellatrix . . . Graecia 172
Graecia	Greece	983	Graecia	-a 983
Graecia	Greece	138	oras	See patrias . . . ad oras 138
Graeci	Greeks			(Graeci) see Achaicus. Achivi. Argolicus. Danai. Doricus. Graius. Myrmidones. Pelasgi. [Pelopeus]
Graius	Greek	1028	Graiae	Graiae gentis 1028
Graius	Greek	220	Graiae	-ae . . . puppes 220
Graius	Greek	362	Graiorum	as a noun: Graiorum terga 362
Graius	Greek	484	Graiorum	-orum . . . agmina 484
Graius	Greek	493	Graiorum	-orum acies 493
Graius	Greek	578	Graiorum	-orum . . . duces 578
Graius	Greek	46	Graium	vulgus . . . Graium 46
Graius	Greek	305,487	Graium,Graium	agmina -um 305. 487
Graius	Greek	581	Graium	-um . . . dux 581
Graius	Greek	658	Graium	-um clades 658
Graius	Greek	1048	Graium	corpora -um 1048
Graius	Greek	2,277,614	Grais,Grais,Grais	Grais 2. 277. 614
Graius	Greek	682,755,763	Graios,Graios,Graios	Graios 682. 755. 763
Guneus	Guneus	206	Guneus	*Guneus 206: leader of the Acarnanians
Hecabe	Hecuba	551	Hecabe	Hecabē (-cuba trad.) . . . genetrix 551
Hecabe	Hecuba	1017	Hecabe	infelix -be (-cuba trad.) 1017
Hecabe	Hecuba	546	Hecaben	Hecubam 546
Hecabe	Hecuba	944	parentes	See parentes 944
Hecabe	Hecuba	980	genitoribus	miseris genitoribus 980
Hecabe	Hecuba	1021	coniunx	coniunx 1021
Hector	Hector	256,277,491,626,677,774,959,967,979,996,1051	Hector,Hector,Hector,Hector,Hector,Hector,Hector,Hector,Hector,Hector,Hector	Hector 256. 277. 491. 626. 677. 774. 959. 967. 979. 996. 1051
Hector	Hector	226	Hector	Priamides -or 226
Hector	Hector	754	Hector	-or . . . Priamides 754
Hector	Hector	486,820	Hector,Hector	fortissimus -or 486. 820
Hector	Hector	529	Hector	patriae columen Mavortius -or 529
Hector	Hector	543,797	Hector,Hector	Mavortius -or 543. 797
Hector	Hector	760	Hector	Martius -or 760
Hector	Hector	577,636	Hector,Hector	maximus -or 577. 636
Hector	Hector	620,832	Hector,Hector	bello maximus -or 620. 832
Hector	Hector	779	Hector	-or . . . ferox 779
Hector	Hector	794	Hector	Danaum metus, impiger -or 794
Hector	Hector	815	Hector	fervidus -or 815
Hector	Hector	932	Hector	unus tota salus in quo Troiana manebat -or 932
Hector	Hector	851	Hector	voc.: -or . . . violente 851
Hector	Hector	232,565,1006,1040	Hectoris,Hectoris,Hectoris,Hectoris	-oris 232. 565. 1006. 1040
Hector	Hector	674	Hectoris	superbi -oris 674
Hector	Hector	1015	Hectora	-oră 1015
Hector	Hector	603	Hectora	insignem bello . . . -ora 603
Hector	Hector	1020	Hectore	ruit omnis in uno -ore causa Phrygum 1020
Hector	Hector	661	decus	unum . . . decus Phrygiae 661
Hector	Hector			See Dardanides. Priameius. Priamides. Priamus. Troius.
Hector	Hector	273	decus	o patriae, germane, decus 273
Hector	Hector	341	frater	frater 341
Hector	Hector	566	heros	maximus heros 566
Hector	Hector	570	iuvenis	iuvenis 570
Hector	Hector	945,1033,1036	natum,nati,nati	natum 945. 1033. 1036
Hector	Hector	982	filius	Priami . . . filius . . . dux ille ducum, quem Graecia solum pertimuit 982
Hector	Hector	1001	corpus	corpus 1001
Hector	Hector	1038	funus	funus 1038
Hector	Hector	1062	dux	tantus dux 1062
Hectoreus	of Hector	905	Hectorei	sanguinis Hectorei 905
Hectoreus	of Hector	1045	Hectoreum	corpus . . . -eum 1045
Hecuba	Hecuba			Hecuba see Hecabe
Helene	Helen	638	Helene	Helenē 638
Helene	Helen	317,343	Helenam,Helenam	Helenam 317. 343
Helene	Helen			See Cygneis.
Helene	Helen	273,276,285,301	coniunx,coniunx,coniuge,coniugis	coniunx 273. 276. 285. 301
Helene	Helen	333	ardor	o meus ardor 333
Helenus	Helenus	235	Helenus	Helenus 235
Hercules	Hercules	523	Hercule	Tlepolomus magno satus Hercule 523
Hercules	Hercules	524	labores	See patris . . . labores 524
Hesione	Hesione	626	Hesionae	Hesionae nomen 626
Hesione	Hesione	624	Hesiona	-na de matre . . . Telamone creatum Aiacem 624
Hesperus	Hesperus	868	Hesperus	Lucifer . . . Hesperus, unus uterque 868
Hippolochus	Hippolochus	750	Hippolochum	Pisandrum . . . fratremque . . . *Hippolochum 750: sons of Antimachus
Hippothous	Hippothous	245	Hippothous	bonus armis *Hippothous 245: son of Lethus
Hodius	Hodius			Hodius see Odius
Homerus	Homer	1066	Homeri	metam . . . potentis Homeri 1066
Hyperon	Hypiron	443	Hyperona	magnum . . . *Hyperonă 443
Hypsenor	Hypsenor	434	Hypsenora	*Hypsenoră 434: son of Dolopion
Ialmenus	Ialmenus	187	Ialmenus	Ascalaphus . . . et *Ialmenus, acer uterque 187: son of Mars, leader of the Boeotians
Ida	Ida	654	Idae	umbrosis . . . montibus Idae 654
Idaeus 1	Idaeus 1	405	Idaeum	Daretis . . . natos, Phegeaque Idaeumque 405
Idaeus 1	Idaeus 1	421	Idaeus	-us 421
Idaeus 1	Idaeus 1	413	frater	See frater 413
Idaeus 2	Idaeus 2	641	Idaeus	Idaeus 641
Idaeus 2	Idaeus 2	643	Idaeum	-um 643: herald of the Trojans
Idomeneus	Idomeneus	208	Idomeneus	Idomeneus et Meriones, Cretaeus uterque 208
Idomeneus	Idomeneus	429	Idomeneus	-eus 429
Idomeneus	Idomeneus	580	Idomeneus	ferus -eus 580
Idomeneus	Idomeneus	774	Idomenei	-nei dextrā 774
Idomeneus	Idomeneus			See Rhytieus
Ignipotens	Ignipotens	862	Ignipotens	Ignipotens 862
Ignipotens	Ignipotens	106	Ignipotente	*-nte (omnipot- trad.) 106: Vulcan
Iliacus	Ilian	323	Iliaco	Iliaco . . . pulvere 323
Iliacus	Ilian	128,160	Iliacos,Iliacos	-cos . . . campos 128. 160
Iliacus	Ilian	655	Iliacas	acies . . . -cas 655
Iliades	Iliades	549	Iliades	Iliades 549
Iliades	Iliades	1052	Iliades	-des matres 1052
Ilion	Ilion	153,1056	Ilion,Ilion	Ilĭŏn 153. 1056
Ilion	Ilion			See Troia
Imbrasides	Imbrasides	378	Imbrasides	impiger *Imbrasides (umbr- trad.) 378: Pirous
Iovis	Jupiter			Iovis see Iuppiter
Iphidamas	Iphidamas	750	Iphidamanta	*Iphidamanta (amphi- trad.) 750: son of Antenor
Iris	Iris	223	Irin	Irin 223
Italicus	Italicus			Italicus see Baebius
Ithacus	the Ithacan	204	Ithaci	Ithaci . . . sollertia 204: Ulysses
Iuno	Juno	98,894	Iuno,Iuno	Iuno 98. 894
Iuno	Juno	920	Iuno	longe provida -o 920
Iuno	Juno	100	coniunx	cf. coniunx tua 100
Iuppiter	Jupiter	93	Iuppiter	Iuppiter 93
Iuppiter	Jupiter	286	Iuppiter	tantummodo -er adsit 286
Iuppiter	Jupiter	651	Iovis	nom.: Iovis 651
Iuppiter	Jupiter	10	Iovis	gen.: magni proles . . . Iovis 10: Apollo
Iuppiter	Jupiter	248,520	Iovis,Iovis	Iovis inclita proles Sarpedon 248. 520
Iuppiter	Jupiter	6,105	regis,regis	summi . . . regis 6. 105
Iuppiter	Jupiter	87	regis	regis 87
Iuppiter	Jupiter	89	parens	summe parens 89
Iuppiter	Jupiter	107	genitor	genitor . . . Olympi 107
Iuppiter	Jupiter	113	pater	pater omnipotens 113
Iuppiter	Jupiter	223	pater	pater . . . Saturnius 223
Iuppiter	Jupiter	536	regi	aethereo . . . regi 536
Iuppiter	Jupiter	537	genitoris	magni genitoris 537
Iuppiter	Jupiter	572	pater	o pater optime 572
Iuppiter	Jupiter	345	regnator	omnipotens . . . regnator Olympi 345
Iuppiter	Jupiter	98	coniunx	optime coniunx 98
Iuppiter	Jupiter			See Tonans.
Lachesis	Lachesis	891	Lachesis	Lachesis 891
Laertiades	Laertiades	372	Atrides	*Laertiades (atrides trad.) 372: Ulysses
Laertius	of Laertes	1010	Laertius	Laertius astus 1010: Ulysses
Latius	Latin	900	Latiis	*Latiis (laetis trad.) . . . in arvis 900
Latona	Latona	10	Latonae	Latonae et magni proles Iovis 10: Apollo
Leitus	Leitus	167	Leïtus	bello *Leitus (lertius trad.) acer 167: son of Alectryon, leader of the Boeotians
Leonteus	Leonteus	182	Leonteus	Leonteus 182: son of Coronus
Leucus	Leucus	369	Leucon	Leucon acc. 369: companion of Ulysses
Libycus	Libyan	500	Libycus	Libycus . . . leo 500
Locrus	Locrian	189	Locrum	Locrum fortissimus Aiax 189
Lucifer	Lucifer	868	Lucifer	Lucifer 868
Lucifer	Lucifer			see Hesperus
Luna	Luna	870	Luna	Luna cava 870
Lycaon	Lycaon	238	Lycaonis	proles generosa Lycaonis . . . Pandarus 238
Machaon	Machaon	218	Machaon	Machaon 218: son of Aesculapius
Maeonides	Maeonides	430	Maeoniden	*Maeoniden Phaestum 430
Magnes	Magnesian	199	Magnes	Prothous *Magnes 199
Mars	Mars	264	Mars	duro Mars milite gaudet 264
Mars	Mars	889	Mars	Mars aureus in medio Achillis clipeo 889
Mars	Mars	390	Martem	tumidumque increscere Martem, i.e. war, 390
Mars	Mars	560	Martem	Diomedes pupugit . . . Martem 560
Mars	Mars	495	marte	infesto Marte 495
Mars	Mars	822	Marte	invito . . . Marte 822
Mars	Mars			See Mavors
Martius	warlike	760	Martius	Martius Hector 760
Martius	warlike			See Mavortius
Mavors	Mavors	358	Mavors	sonat undique Mavors, i.e. battle, 358
Mavors	Mavors	532	Mavors	bellipotens . . . Mavors 532
Mavors	Mavors	821	Mavors	ipse . . . Mavors 821
Mavortius	Mavortian	543,797	Mavortius,Mavortius	Mavortius Hector 543. 797
Mavortius	Mavortian			See Martius
Meges	Meges	201	Meges	Dulichius . . . Meges 201
Meges	Meges	433	Meges	*Meges 433. Son of Phyleus, on the Greek side
Menelaus	Menelaus	283,312,339,539	Menelaus,Menelaus,Menelaus,Menelaus	Menelaus 283. 312. 339. 539
Menelaus	Menelaus	347	Menelae	te, Menelae 347
Menelaus	Menelaus	174	Menelai	-lai . . . ardor 174
Menelaus	Menelaus	519,639	Menelai,Menelai	-lai 519. 639
Menelaus	Menelaus	254	Menelaum	-laum ex 254
Menelaus	Menelaus			See Atrides.
Menelaus	Menelaus	259	hospitis	hospitis 259
Menelaus	Menelaus	275,288,329	viri,virum,viri	viri 275. 288. 329
Menelaus	Menelaus	307,352	victor,victor	victor 307. 352
Menelaus	Menelaus	321	coniugis	coniugis antiqui 321
Menestheus	Menestheus	210	Menestheus	*Menestheus . . . Athenaeus 210
Meriones	Meriones	208	Meriones	Idomeneus et Meriones, Cretaeus uterque 208
Meriones	Meriones	432,1013	Meriones,Meriones	-nes *432. 1013
Meriones	Meriones	581	Meriones	Idomeneus et *iunctus gente paterna -nes 581
Meriones	Meriones	1009	Merionem	-em 1009(?)
Mesthles	Mesthles	244	Mesthles	*Mesthles 244: son of Talaemenes, brother of Antiphus, leader of the Maeonians
Minerva	Minerva	551	Minervae	ad templa Minervae 551
Minerva	Minerva			See Pallas. Tritonia. armigera. diva. virago
Musa	Muse	161	Musae	Musae voc. 161
Musa	Muse			See Diva. Pieris.
Musa	Muse	880	puellae	castae . . . puellae 880
Mycenaeus	of Mycenae	171	Mycenaeis	Mycenaeis . . . moenibus 171
Mydon	Mydon	520	Mydon	*Mydon 520: charioteer of Pylaemenes, son of Atymnius
Myrmidones	Myrmidons	23	Myrmidones	Myrmidones (i.e. the Greeks) 23
Myrmidones	Myrmidons	84	Myrmidonum	-um 84
Myrmidones	Myrmidons	180	Myrmidonum	Epistrophus . . . gloria -um 180
Nastes	Nastes	241	Nastes	Amphimachus *Nastesque, insignis uterque 241: leaders of the Carians
Neptunius	of Neptune	250	Neptunia	Neptunia Troia 250
Neptunus	Neptune	772	Neptunus	Neptunus 772
Neptunus	Neptune	899	rector	See magnarum rector aquarum 899
Nereis	Nereid	874	Nereidas	liquidas . . . Nereidas 874
Nereis	Nereid	97	sororibus	See sororibus 97
Nereius	Nereian	938,975	Nereius,Nereius	Nereius heros 938. 975: Achilles
Nereus	Nereus	864	Nerea	Nerea 864
Nereus	Nereus	871	Nerea	-a magnum 871
Nestor	Nestor	176	Nestor	fidus sollerti pectore Nestor consilioque potens 176
Nestor	Nestor	144	Nestoris	sollertis prudentia -oris aevo 144
Nestor	Nestor	154,737	Nestoris,Nestoris	-oris aetas 154. 737
Nestor	Nestor	151	senex	cf. senex 151
Nestorides	Nestorides	840	Nestorides	Nestorides 840: Antilochus
Nireus	Nireus	195	Nireus	*Nireus (teucer trad.) 195: son of Aglaia and Charopus
nympha	nymph	863	nymphas	nymphas 863(?)
Oceanus	Ocean	864	Oceanum	Oceanum(?) 864
Oceanus	Ocean	872	Oceanum	-um . . . senem 872
occasus	sunset	866	occasus	region of the setting [sun]: 866
Odius	Odius	242	Odius	Odius . . . et Epistrophus 242: leaders of the Halizonians
Odius	Odius	427	Odius	infelix -us 427
Oenides	Oenides	466	Oenides	*Oenides 466: Diomedes
Oileus	Oileus	216	Oileos	Oileos (-us trad.) Aiax 216
Olympus	Olympus	107	Olympi	genitor . . . Olympi 107
Olympus	Olympus	345	Olympi	regnator -pi 345: Jupiter
Olympus	Olympus	108	Olympo	sol emenso decedit -po 108
Orcus	Orcus	3	Orco	animas . . . tradidit Orco 3
Orsilochus	Orsilochus	518	Orsilochum	*Orsilochum 518: son of Diocles, of Pherae
ortus	sunrise	866	ortu	region of the rising [sun]: 866
Paean	Paean	880	Paeana	resonant Paeana puellae 880
Paeonius	Paeonian	351	Paeoniis	Paeoniis . . . herbis 351
Paeonius	Paeonian			see Apollo
Pallas	Pallas	950	Pallas	Pallas 950
Pallas	Pallas	78	Pallas	casta . . . -as 78
Pallas	Pallas	394	Pallas	bellica -as 394
Pallas	Pallas	936	Pallas	[Tritonia -as 936]
Pallas	Pallas	1069	Pallas	voc.: ades, inclita -as 1069
Pallas	Pallas	333	Pallados	castae -dos ira 333
Pallas	Pallas	548	Pallados	innuptae -dos arces 548 (in both places -dis trad.)
Pallas	Pallas	532,894	Pallade,Pallade	casta cum -de 532. 894
Pallas	Pallas			See Minerva
Pandarus	Pandarus	239	Pandarus	proles generosa Lycaonis . . . Pandarus 239
Pandarus	Pandarus	346,436	Pandarus,Pandarus	-us 346. 436
Pandarus	Pandarus	449	Pandare	-re 449
Paphlagones	Paphlagonians	519	Paphlagonum	Paphlagonum ductor 519: Pylaemenes
Paris	Paris	576,756	Paris,Paris	Paris 576. 756
Paris	Paris	234	Paris	tunc fortis in armis belli causa Paris, patriae funesta ruina 234
Paris	Paris	253	Paris	Paris, exitium Troiae funestaque flamma 253
Paris	Paris	320	Paris	voc.: mea flamma, Paris (Helen speaks) 320
Paris	Paris	311	Paridi	Paridī 311
Paris	Paris	318	Paridi	Dardanio . . . dī 318
Paris	Paris			See Alexander. Dardanius. Phrygius. Priameius.
Paris	Paris	257	dedecus	cf. Hector's words 257: o dedecus . . . aeternum patriae generisque infamia nostri
Paris	Paris	307	iuvenem	iuvenem 307
Paris	Paris	309	virum	virum 309
Patroclus	Patroclus	806,827	Patroclus,Patroclus	Patroclus 806. 827
Patroclus	Patroclus	994	Patrocli	-cli . . . manes 994
Patroclus	Patroclus	809,823	ille,ille	cf. ille 809. 823
Patroclus	Patroclus	831	Achillis	simulati . . . Achillis 831
Patroclus	Patroclus	834	iuvenem	iuvenem 834
Patroclus	Patroclus	836	extincti	extincti 836
Patroclus	Patroclus	840	corpus	miserabile corpus 840
Patroclus	Patroclus	843	membra	membra 843
Patroclus	Patroclus	844	sodalis	[sodalis 844]
Patroclus	Patroclus	847	sodalis	extincti . . . sodalis 847
Patroclus	Patroclus	850	sodalis	mei sodalis 850
Patroclus	Patroclus	1004	amici	defleti . . . amici 1004
Pedaeus	Pedaeus	433	Pedaeum	*Pedaeum 433: bastard son of Antenor
Pelasgi	Pelasgians	758,769	Pelasgi,Pelasgi	Pelasgi 758. 769
Pelasgi	Pelasgians	10	Pelasgum	-um . . . regi 10
Pelasgi	Pelasgians	694	Pelasgis	-gis 694
Pelasgi	Pelasgians	224,353	Pelasgos,Pelasgos	fortes . . . -os 224. 353
Pelasgi	Pelasgians			See Graeci
Peleus	Peleus	986	Peleus	Peleus 986: father of Achilles
Pelides	Pelides	81	Pelides	Pelides 81
Pelides	Pelides	1	Pelidae	-dae . . . superbi 1
Pelides	Pelides	841	Pelidis	-dae 841
Pelides	Pelides			See Achilles
Pelopeius	Pelopeian	131,739	Pelopeius,Pelopeius	Pelopeius heros 131. 739: Agamemnon
Pelopeus	of Pelops	791		[Pelopea iuventus 791]: the Greeks
Peneleos	Peneleus	167	Peneleus	Peneleos (-leus trad.) princeps 167
Peneleos	Peneleus	789	Penelei	atrocis -lei 789: leader of the Boeotians
Pergama	Pergama	164	Pergama	ad Pergama 164
Pergama	Pergama			see Troia
Phaestus	Phaestus	430	Phaestum	Maeoniden *Phaestum 430: Μήονος υἱὸν Βώρου ἐκ Τάρνης ("son of the Maeonian Borus, from Tarne")
Phegeus	Phegeus	405	Phegeus	*Phegeus 405
Phegeus	Phegeus	405	Phegea	Daretis natos . . . *Phegeaque Idaeumque 405
Phegeus	Phegeus	409	viri	See viri 409
Phegeus	Phegeus	414,421	germani,germani	germani 414. 421
Phegeus	Phegeus	422	fratri	fratri 422
Phereclus	Phereclus	432	Phereclum	*Phereclum 432: Τέκτονος υἱὸν Ἁρμονίδεω ("son of Tecton, son of Harmon")
Phidippus	Phidippus	193	Phidippus	Thessalici iuvenes *Phidippus (ped- trad.) et Antiphus 193
Philoctetes	Philoctetes			(Philoctetes) see Poeas
Phineus	Phineus			see Guneus
Phoebeius	of Phoebus	27	Phoebeia	Phoebeia templa 27
Phoebus	Phoebus	55,68	Phoebi,Phoebi	infesti . . . numina Phoebi 55. 68
Phoebus	Phoebus	1070	Phoebe	Phoebĕ 1070
Phorcus	Phorcus	247	Phorcus	Phorcus 247: leader of the Phrygians
Phryges	Phrygians	401,493,636,682,762,803	Phryges,Phryges,Phryges,Phryges,Phryges,Phryges	Phryges 401. 493. 636. 682. 762. 803
Phryges	Phrygians	1015	Phryges	miseri . . . -es 1015
Phryges	Phrygians	268	Phrygum	-gum . . . populus 268
Phryges	Phrygians	486	Phrygum	spes una -um 486
Phryges	Phrygians	505	Phrygum	-um . . . turmas 505
Phryges	Phrygians	657	Phrygum	fata . . . -um 657
Phryges	Phrygians	1020	Phrygum	causa -um 1020
Phryges	Phrygians	342	Phrygas	pulsos -as (-es trad.) 342
Phryges	Phrygians	670	Phrygas	-as (-es trad.) . . . Teucer agit 670
Phrygia	Phrygia	661	Phrygiae	unum . . . decus Phrygiae, Hector: 661
Phrygius	Phrygian	292	Phrygii	praedonis Phrygii 292
Phrygius	Phrygian	315	Phrygii	Phrygii, i.e. of Paris, 315
Phrygius	Phrygian	727	Phrygiae	gentis . . . Phrygiae 727
Phrygius	Phrygian	911	Phrygiae	-iae gentis 911
Phrygius	Phrygian	923	Phrygias	-ias . . . catervas 923
Pieris	Pierid	1067	Pieridum	Pieridum . . . cohors 1067
Pieris	Pierid			see Musa
Pirous	Pirous	245	Pirous	*Pirous (pierius trad.) 245: leader of the Thracians
Pirous	Pirous			see Imbrasides
Pisander	Pisander	749	Pisandrum	*Pisandrum (tess- trad.) 749: son of Antimachus
Podalirius	Podalirius	218	Podalirius	Podalirius *218
Podalirius	Podalirius	351	Podalirius	iuvenis -ius 351: son of Aesculapius
Podarces	Podarces	215	Podarces	fortis . . . Podarces 215: brother of Protesilaus, son of Iphiclus
Poeas	Poeas	217	Poeante	*Poeante (phetonte trad.) satus 217: Philoctetes
Polites	Polites	235	Polites	fortis . . . Polites 235: son of Priam
Polydamas	Polydamas	786	Polydamas	Polydamas 786: son of Panthous
Polyidos	Polyidus	445	Polyïdon	*Polyïdŏn (polidona trad.) 445: son of Eurydamas
Polypoetes	Polypoetes	182,1012	Polypoetes,Polypoetes	*Polypoetes 182. 1012: son of Hippodamia
Polyxenus	Polyxenus	213	Polyxenus	clara virtute Polyxenus 213: of Elis, son of Agasthenes
Priameius	of Priam	271,960	Priameius,Priameius	Priameius heros: Paris 271, Hector 960
Priameius	of Priam	789,837	Priameia,Priameia	-eia pubes 789. 837: the Trojans
Priamides	Priamides	601,610,660,988	Priamides,Priamides,Priamides,Priamides	Priamides 601. 610. 660. 988
Priamides	Priamides	226	Priamides	-es Hector 226
Priamides	Priamides	754	Priamides	Hector -es 754: Hector
Priamus	Priam	278,983,1046	Priamus,,Priamus	Priamus 278 [983] 1046
Priamus	Priam	726	Priami	-mi regis 726
Priamus	Priam	982	Priami	-mi . . . filius 982
Priamus	Priam	223	Priamum	ad -mum 223
Priamus	Priam	1041	Priamum	vicisti -mum 1041
Priamus	Priam	987	Priamo	pro -mo 987
Priamus	Priam	552	coniuge	See coniuge 552
Priamus	Priam	944	parentes	parentes 944
Priamus	Priam	980	genitoribus	miseris genitoribus 980
Priamus	Priam	981	pater	pater infelix 981
Priamus	Priam	986,1032	patris,patris	afflicti . . . patris 986. 1032
Priamus	Priam	1021	patris	senectus afflicti miseranda patris 1021
Priamus	Priam	1026	senis	miseri senis 1026
Priamus	Priam	1030	senectus	nostra senectus 1030
Priamus	Priam	1035	senis	senis 1035
Priamus	Priam	1036	pater	pater 1036
Priamus	Priam	225,1038,1044	parentis,parentis,parenti	parentis 225. 1038. 1044
Priamus	Priam	1043	grandaevum	grandaevum 1043
Promachus	Promachus	788	Promachum	Boeotum . . . Promachum 788
Protesilaus	Protesilaus	215	Protesilaus	Protesilaus 215
Proteus	Proteus	872	Protea	nec eundem Protea semper 872
Prothoenor	Prothoenor	168	Prothoënor	*Prothoënor Boeotus: 168
Prothoenor	Prothoenor	786	Prothoënora	-ora 786
Prothous	Prothous	199	Prothous	*Prothous Magnes Tenthredone natus 199
Pylaemenes	Pylaemenes			(Pylaemenes) see Paphlagones
Pylaemenes	Pylaemenes	249		cf. also v. 249
Pylaeus	Pylaeus	240	Pylaeus	*Pylaeus (ephialtes trad.) 240: son of Lethus, a Pelasgian
Pyraechmes	Pyraechmes	243	Pyraechmes	clarus . . . aetate *Pyraechmes 243: leader of the Paeonians
Pyrrhus	Pyrrhus	987	Pyrrhus	Pyrrhus 987: son of Achilles
Rhesus	Rhesus	729	Rhesi	tentoria Rhesi 729
Rhesus	Rhesus	731	virum	cf. ipsum . . . virum 731
Rhesus	Rhesus	734	Thraecis	Thraecis 734
Rhodius	of Rhodes	196	Rhodius	Tlepolemus . . . Rhodius 196
Rhytieus	Rhytieus	777	Rhytieus	magnanimus ductor Rhytieus 777: Idomeneus
Salaminius	of Salamis	198	Salaminius	Telamone satus Salaminius Aiax 198
Sarpedon	Sarpedon	249,521	Sarpedon,Sarpedon	Iovis inclita proles Sarpedon 249. 521
Sarpedon	Sarpedon	527	Sarpedon	-don 527
Sarpedon	Sarpedon	811	Sarpedona	-dona 811
Saturnius	son of Saturn	223	Saturnius	pater . . . Saturnius 223: Jupiter
Scamandrius	Scamandrius			see Strophius
Schedius	Schedius	179	Schedius	Schedius virtute potens et Epistrophus ingens, gloria Myrmidonum 179
Simoisius	Simoisius			(Simoisius) see Anthemio
Sol	the Sun	108	sol	Sol . . . decedit Olympo 108
Sol	the Sun			See Titan.
Sol	the Sun	130	lampas	See ignea lampas 130
Somnus	Somnus	120	Somnus	Somnus 120
Somnus	Somnus	113	Somnum	-um 113
Somnus	Somnus	114	divum	cf. lenissime divum 114
Somnus	Somnus	123	levator	curarum operumque levator 123
Sthenelus	Sthenelus	184	Stheneli	Stheneli (-us trad.) . . . decus 184: son of Capaneus
Strophius	Strophius	431	Strophio	Strophio genitum 431: Scamandrius
Stygius	Stygian	431	Stygias	Stygias . . . ad umbras 431
Syme	Syme	195		ab Syme (Σύμηθεν) 195 (assumptis trad.) ?
Tartara	Tartarus	448	Tartara	ad Tartara mittit 448
Telamon	Telamon	198	Telamone	Telamone satus . . . Aiax 198
Telamon	Telamon	610,624	Telamone,Telamone	-one creatum 610. 624
Telamonius	Telamonian	205,363,602,623,787,836	Telamonius,Telamonius,Telamonius,Telamonius,Telamonius,Telamonius	Telamonius Aiax 205. 363. 602. 623. 787. 836
Tenthredon	Tenthredon	199	Tenthredone	Prothous Magnes *Tenthredone natus 199
Teucer	Teucer	671	Teucer	Teucer 671
Teucer	Teucer	195	Nireus	[195 trad.]
Teucri	Teucrians	508	Teucri	Teucri 508
Teucri	Teucrians	424,903	Teucros,Teucros	-os 424. 903
Teucri	Teucrians			see Troiani
Thalpius	Thalpius	212	Thalpius	Amphimachus . . . et *Thalpius (alpinus trad.), Elide nati 212
Thalysiades	Thalysiades	361	Thalysiades	*Thalysiades (tales(t)- trad.) 361: Echepolus
Thersites	Thersites	136	Thersites	Thersites, quo non deformior alter venerat ad Troiam nec lingua protervior ulli 136
Thessalicus	Thessalian	193	Thessalici	Thessalici iuvenes, Phidippus et Antiphus 193
Thestorides	Thestorides	52,59	Thestoriden,Thestoriden	Thestoriden 52. 59: Calchas
Thetideius	son of Thetis	690,892	Thetideius,Thetideius	Thetideius heros 690. 892: Achilles
Thetis	Thetis	83,860	Thetis,Thetis	Thetis 83. 860
Thetis	Thetis	855	Thetin	Thetin 855
Thetis	Thetis	81	numina	cf. aequoreae . . . numina matris 81
Thetis	Thetis	94	diva	magni diva maris 94
Thetis	Thetis	88	genetrix	genetrix 88
Thetis	Thetis	192	materna	materna per aequora 192
Thetis	Thetis	843	materno	materno . . . amictu 843
Thetis	Thetis			See Doris
Thoas	Thoas	202	Thoas	Aetola de gente Thoas Andraemone natus 202
Thoas	Thoas	583	Thoas	magno . . . Thoas Andraemone natus 583
Thoas	Thoas	380	Thoantis	dextrā . . . Thoantis 380
Thoon	Thoon	446	Thoonem	vastum . . . *Thoonem 446: son of Phaenops
Thraex	Thracian	734	Thraecis	Thraecis (-es trad.; -ăs conj.) equos 734: of Rhesus
Thrasymedes	Thrasymedes	177	prole	(Thrasymedes, son of Nestor). v. 177: gemina cum prole
Titan	Titan	126	Titan	cum . . . Titan se emerserit undis 126
Titan	Titan	158	Titan	nitidum -an radiis caput extulit undis 158
Titan	Titan	617	Titan	fessus in undas coeperat igniferos -an immergere currus 617
Titan	Titan	650	Titan	nitidum -an radiis patefecerat orbem 650
Titan	Titan	118	Titana	cum crastina . . . extulerit -ana dies 118
Titan	Titan			See Apollo. Sol.
Tlepolomus	Tlepolemus	196	Tlepolomus	*Tlepolomus . . . Rhodius 196
Tlepolomus	Tlepolemus	523	Tlepolomus	*-us magno satus Hercule 523
Tonans	the Thunderer	124	Tonantis	mandata Tonantis 124
Tonans	the Thunderer	104	Tonantem	-tem 104
Tonans	the Thunderer			See Iuppiter
Triton	Triton	873	Tritonas	Tritonas (-es trad.) . . . feros 873
Tritonia	Tritonia	947	Tritonia	Tritonia 947
Tritonia	Tritonia	936	Tritonia	[-ia Pallas 936]
Tritonia	Tritonia			See Minerva
Troia	Troy	727,1016	Troia,Troia	Troia 727. 1016
Troia	Troy	250	Troia	Neptunia -ia 250
Troia	Troy	719	Troia	maxima -ia 719
Troia	Troy	253	Troiae	Paris exitium -iae 253
Troia	Troy	338	Troiae	flammas . . . -iaeque suasque Parin 338
Troia	Troy	137	Troiam	venerat ad -iam 137
Troia	Troy	900	Troiam	Latiis -iam repararet in arvis 900
Troia	Troy			See Dardanius. Ilion. Pergama.
Troia	Troy	222	campos	cf. also campos 222
Troia	Troy	227,575	portis,portis	portis 227. 575
Troia	Troy	999	muros	muros 999
Troianus	Trojan	542,770	Troiana,Troiana	Troiana iuventus 542. 770
Troianus	Trojan	782	Troiana	-na manus 782
Troianus	Trojan	931	Troiana	salus -na 931
Troianus	Trojan	220	Troiana	-na ad litora 220
Troianus	Trojan	387	Troianis	Troianis . . . virtus crescit 387
Troianus	Trojan			See Dardanides. Dardanius. Dardanus. Priameius.
Troianus	Trojan	226	pubem	226 pubem
Troicus	Trojan	819	Troica	Troica dextera, Hector's: 819
Troicus	Trojan	645	Troiae	castra . . . Troica (Troiae variant reading) 645
Troius	Trojan	674	Troius	Troius heros, Hector: 674
Troius	Trojan	704	Troia	Troia pubes 704
Tros	Trojan	710	Tros	Tros (troius trad.) Eumediades, Dolon: 710
Tros	Trojan	758,767,928,978,1002	Troes,Troes,Troes,Troes,Troes	Troes 758. 767. 928. 978. 1002, everywhere before a consonant or in the last, anceps, position
Tros	Trojan	790	Troes	Troēs ad 790
Tros	Trojan	102,281,339,357,438,631,641,701,963	Troum,Troum,Troum,Troum,Troum,Troum,Troum,Troum,Troum	Troum 102. 281. 339. 357. 438. 631. 641. 701. 963
Tros	Trojan	585	Troum	Troum terror Achilles 585
Tros	Trojan	1008	tyrsin	(Trosin equis? 1008)
Tros	Trojan	807	Troas	Troas 807
Tydeius	of Tydides	453	Tydeius	Tydeius ensis, of Diomedes: 453
Tydides	Tydides	390,408,530,665,1008	Tydides,Tydides,Tydides,Tydides,Tydides	Tydides 390. 408. 530. 665. 1008
Tydides	Tydides	185	Tydides	fortis in armis -des 185
Tydides	Tydides	459	Tydides	magnus . . . -des 459
Tydides	Tydides	449	Tydidae	-dae . . . dextra 449
Tydides	Tydides	415	Tydidae	saevi . . . -dae 415
Tydides	Tydides	437	Tydiden	-den 437: Diomedes
Venus	Venus	315,464,911	Venus,Venus,Venus	Venus 315. 464. 911
Venus	Venus	559,584	Veneris,Veneris	-eris 559. 584
Venus	Venus	236,483	Veneris,Veneris	Aeneas, -eris . . . proles 236. 483
Venus	Venus	467	Venerem	in -rem 467
Venus	Venus			See Cytherea
virago	warrior-maiden	533	virago	sancta virago 533: Minerva
Vlixes	Ulysses	707	Vlixes	Vlixes 707
Vlixes	Ulysses	65	Vlixes	cunctis notus -es 65
Vlixes	Ulysses	139	Vlixes	consiliis illustris -es 139
Vlixes	Ulysses	527,579	Vlixes,Vlixes	fraudis . . . commentor -es 527. 579
Vlixes	Ulysses	699	Vlixem	-xem 699
Vlixes	Ulysses			See Ithacus. Laertiades. Laertius
Vulcanius	of Vulcan	835,961	Vulcania,Vulcania	Vulcania . . . arma of Achilles 835. 961
Vulcanus	Vulcan	856	Vulcani	Vulcani 856
Vulcanus	Vulcan			See Ignipotens. Mulciber.
Vulcanus	Vulcan	859	artibus	divinis artibus 859
Xanthus (Phaenopis f.)	Xanthus (son of Phaenops)	446	Xanthum	notum bello Xanthum 446: son of Phaenops, brother of Thoon
Xanthus (fluvius)	Xanthus (the river)	783	Xanthi	Xanthi . . . fluentis 783
Xanthus (fluvius)	Xanthus (the river)	906	Xanthi	ad -i fluctus 906
Xanthus (fluvius)	Xanthus (the river)	912	Xanthi	-i . . . fluctus 912
Xanthus (fluvius)	Xanthus (the river)	907	fluminis	See divini fluminis 907
Xanthus (fluvius)	Xanthus (the river)	385	amnes	amnes 385
