headword	verse	form	description
ABAS	445	Abanta	Abanta Diomedes occidit
ACAMAS Antenoris filius	237	Acamas	— ferox Antenore cretus
ACAMAS Antenoris filius	788	Acamas	— Promachum vulnerat
ACAMAS dux Thracum	245	Acamas	— inter Trojanorum socios
ACAMAS dux Thracum	538	Acamantem	Acamantem Ajax Telamonius interficit
ACHAICUS			Achaica turba, cf. Grai.
ACHILLES	8	Achilles	nominativ. subjectus bello clarus Agamemnoni irascitur
ACHILLES	50	Achilles	— clarus Graecorum duces, ut Calchas causas pestis significet, convocat
ACHILLES	191	Achilles	— Danaum murus cum ceteris Graecorum ducibus Trojam petiit
ACHILLES	211	Achilles	— quinquaginta naves ducebat
ACHILLES	585-586	Achilles	— Troum terror a proeliis abest, amorem cithara lenit
ACHILLES	860	Achilles	— magnus Vulcania arma induit
ACHILLES	957	Achilles	— saevus hastam in Hectorem librat
ACHILLES	988	Achilles	— durus Hectoris preces reicit
ACHILLES	995	Achilles	— magnus dum fatur, animam reddit Hector
ACHILLES	997	Achilles	— nondum satiatus, Hectoris membra ad currum deligat
ACHILLES	1014	Achilles	— redit in castra
ACHILLES	1043	Achilles	— Priami precibus motus est ut reddat filii corpus
ACHILLES	824	Achilles	nominativ. praedicatus Patroclus silet ut verus Achilles ab Hectore credatur
ACHILLES	818	Achilles	vocativ. fortissime (Hector adloquitur)
ACHILLES	1028	Achilles	— Grajae gentis fortissime (Priamus adloq.)
ACHILLES	54	Achillis	Achillis ope tutus, Calchas causas pestis aperit
ACHILLES	91	Achillis	— ut amor ab Agamemnone non impune violatus sit, Thetis Jovem precatur
ACHILLES	689	Achillis	— dextram frustra hortantur legati Graecorum ut ferat auxilium
ACHILLES	719	Achillis	— currum a Trojanis sibi promissum esse Dolon narrat
ACHILLES	806	Achillis	— armis Patroclus munitus
ACHILLES	813	Achillis	— horrendi sub imagine Patroclus pugnat
ACHILLES	831	Achillis	— mentitos vultus Apollo pandit
ACHILLES	99	Achilli	Achilli tantum debetur (Juno adloq.)
ACHILLES	60	Achillem	Achillem magnum Agamemno incusat
ACHILLES	72	Achillem	— magnum idem privat Briseide
ACHILLES	78	Achillem	— manu Pallas tenet ne Agamemnonem gladio petat
ACHILLES	934	Achillem	contra magnum — Hector vult contendere
ACHILLES	74	Aeacides	Aeacides ferus nudato ense in Agamemnonem tendit
ACHILLES	601	Aeacides	[Aeacides]
ACHILLES	844	Aeacides	— [Patrocli caedem luget]
ACHILLES	903	Aeacides	— Trojanos agit cuspide
ACHILLES	924	Aeacides	— horridus Trojanos rursus agit
ACHILLES	1005	Aeacides	— Patrocli corpus funerat
ACHILLES	1026	Aeacides	— Priami miseri animum miratur
ACHILLES	897	Aeacidae	Aeacidae non erat compar Aeneas
ACHILLES	914	Aeaciden	Aeaciden ut Xanthus obruat
ACHILLES	937	Nereius	Nereius heros Hectorem metuentem persequitur
ACHILLES	975	Nereius	— Hectori instat
ACHILLES	81	Pelides	Pelides matris numina invocat
ACHILLES	1	Pelidae	Pelidae superbi ira
ACHILLES	841	Pelidae	— ad aures devenerat horror (Patrocli caedes)
ACHILLES	690	Thetideius	Thetideius heros Graecorum preces despuit
ACHILLES	892	Thetideius	— Vulcaniis armis ornatus
ACHIVI			cf. Grai.
ADRASTUS	240	Adrastus	inter Trojanorum principes
ADRASTUS	539	Adrastum	Adrastum vastum capit Menelaus
AEACIDES			cf. Achilles.
AENEAS	236	Aeneas	sacer, Veneris certissima proles (Trojanorum principes enumerat noster)
AENEAS	454	Aeneas	— contra Diomedem congreditur
AENEAS	516	Aeneas	— auriga ab Agamemnone interfecto, ingemit animosusque de curru desilit
AENEAS	472	Aenean	Aenean Dardanium Trojanus Apollo servat
AENEAS	509	Aenean	— curru tendentem Agamemno conspicit
AENEAS	895-899	Cythereius	Cythereius heros contra Achillem concurrit; a Neptuno servatur
AENEAS	483	Veneris	Veneris proles pulcherrima emicat in agmine
AENEAS			cf. Aeneas.
AETNAEUS	857	Aetnaeos	Aetnaeos ignes
AETOLIUS			cf. Diomedes.
AETOLUS	202	Aetola	de gente Aetola
AGAMEMNON	171	Agamemnon	centum naves ducit
AGAMEMNON	121	Agamemnonis	Agamemnonis in thalamos Somnus, a Jove missus, devolat
AGAMEMNON	353	Agamemnonis	— ira Graecos armat in caedes, postquam Menelaum Pandarus vulneravit
AGAMEMNON	795	Agamemnonis	— alae, premente Hectore, ad classes confugiunt
AGAMEMNON	115	Argolici	Argolicus dux « Argolici ducis castra pete volatu » (Somnum adloquitur Juppiter)
AGAMEMNON	8	Atrides	Atrides sceptriger Achilli iratus
AGAMEMNON	24	Atrides	— Chryseida reddi negat
AGAMEMNON	159	Atrides	— acer socios armari jubet
AGAMEMNON	372	Atrides	— impiger Democoonta petit
AGAMEMNON	424	Atrides	— in Trojanos armis furit
AGAMEMNON	504	Atrides	— ferus in hostes, ut libycus leo, ruit
AGAMEMNON	510	Atrides	— Aeneam curru tendentem conspicit
AGAMEMNON	581	Atrides	— Grajum dux acer, Hectore Graecorum duces armis provocante, incedit
AGAMEMNON	663	Atrides	— hortatur socios
AGAMEMNON	124	Atride	Atride rex Danaum (Somnus, a Jove missus, loquitur)
AGAMEMNON	19	Atridae	Atridae genitiv. genibus Chryses affusus
AGAMEMNON	587	Atridae	— regis in galeam deiciuntur sortes
AGAMEMNON	70	Atridae	Atridae dativ. ardor Chryseidis non excidit
AGAMEMNON	75	Atriden	In Atriden Achilles tendit
AGAMEMNON	90	Atrida	Ab Atrida se filiumque suum Juppiter ulciscatur, precibus Thetis orat
AGAMEMNON	496	Danaum	Danaum rex Marti infesto socios cedere videt
AGAMEMNON	747	Danaum	— Antiphon vulnerat
AGAMEMNON			— (Cf. Atride).
AGAMEMNON	131	Pelopeius	Pelopeius heros duces convocat
AGAMEMNON	739	Pelopeius	— Ulixis et Diomedis virtutem laudat
AGAPENOR	175	Agapenoris	Agapenoris ferox ira
AGELAUS	667	Agelaus	occurrit Diomedi
AJACES	582	Ajaces	duo
AJAX Oilei filius	189	Ajax	— Locrum fortissimus quadraginta naves in Trojam instruxit
AJAX Oilei filius	216	Ajax	— Oileos totidem quot ille naves Protesilaus et Podarces instruxerunt
AJAX Telamonis filius	198	Ajax	— Telamone satus Salaminius navem unam plus quam Eumelus ducit
AJAX Telamonis filius	205-206	Ajax	— Telamonius egregia virtute potens duodecim navibus Trojam petit
AJAX Telamonis filius	363	Ajax	— Telamonius Anthemionis filium occupat
AJAX Telamonis filius	538	Ajax	— Acamantem, Thracum ducem, interficit
AJAX Telamonis filius	588	Ajax	— magnus, in galeam Agamemnonis, dejectis sortibus, procedit
AJAX Telamonis filius	602	Ajax	— Telamonius animis armisque furens Hectorem petit
AJAX Telamonis filius	611	Ajax	— ferus saxum, ab Hectore projectum, clipeo reppulit
AJAX Telamonis filius	623	Ajax	[— Telamonius Hectori respondet]
AJAX Telamonis filius	629	Ajax	— bellator quo se cinxerat, balteum Hector accipit
AJAX Telamonis filius	780	Ajax	— maximus Hectorem saxo percutit
AJAX Telamonis filius	787	Ajax	— Telamonius Archilochum percutit
AJAX Telamonis filius	799	Ajax	— solus naves defendit
AJAX Telamonis filius	836	Ajax	— Telamonius vindicat Patrocli corpus
AJAX Telamonis filius	1009	Ajax	— luctando vincitur (dum Achilles Patrocli corpus funerat)
AJAX Telamonis filius	670	Ajacis	In Ajacis armis protectus Teucer Trojanos agit
AJAX Telamonis filius	368	Ajacem	In Ajacem hastam torquet Antiphus
AJAX Telamonis filius	628	Ajacem	— Ajacem fulgenti ense Hector munerat
AJAX Telamonis filius	610	Telamone	Telamone creatus Telamone creatum Hector saxo petit
AJAX Telamonis filius	624	Telamone	— [vides (de se loquitur)]
ALCATHOUS	776	Alcathous	Anchisae gener, occiditur
ALCINOUS	246	Alcinoo	Alcinoo sati Chromius et Ennomus
ALEXANDER			cf. Paris.
AMARYNCIDES			cf. Diores.
AMPHIMACHUS princeps Carum	241	Amphimachus	insignis cum ceteris Trojanorum sociis
AMPHIMACHUS princeps Epeorum	212	Amphimachus	— ferox, Elide natus
AMPHIMACHUS princeps Epeorum	774-775	Amphimachum	Amphimachum atrocem obtruncat Hector
AMPHIUS	240	Amphius	Trojanorum socius
ANCHISES			cf. Alcathous.
ANDRAEMO	202	Andraemone	Andraemone natus Thoas
ANDRAEMO	583	Andraemone	— magno natus Thoas
ANDROMACHE	564-565	Andromache	fidissima conjunx Hectoris, ejusdem colloquium petit
ANDROMACHE	1018	Andromache	— Hectore interfecto, vestes suas scindit
ANDROMACHE	1058	Andromache	— laniato Hectoris corpore provolat gemitque
ANTENOR	237	Antenore	Antenore creti Archilochus Acamasque
ANTENOR	752	Antenore	— natum (Coonem) persequitur vulneratque Agamemno
ANTENORIDES			cf. Archilochus.
ANTHEMIO	363	Anthemione	Anthemione satum (Simoisium) Ajax Telamonius interficit
ANTILOCHUS	360	Antilochi	Antilochi ense interficitur Thalysiades (Echepolus)
ANTILOCHUS	520	Antilochi	— armis concidit Mydon
ANTILOCHUS	840	Nestorides	Nestorides Patrocli corpus in castra refert
ANTIPHUS Maeonum ductor	244	Antiphus	— Trojanis fert auxilium
ANTIPHUS Priami filius	366	Antiphus	— in Ajacem hastam torquet
ANTIPHUS Priami filius	748	Antiphon	Antiphon Agamemno vulnerat
ANTIPHUS [Thessalicus] Thessali filius	193	Antiphus	— cum Phidippo triginta ducit naves
APOLLO	165	Apollo	sit auctor poetae nostro
APOLLO	472	Apollo	— Trojanus Aeneam servat
APOLLO	614	Apollo	— Grais inimicus saxum levat quo Hectorem Ajax percutit
APOLLO	830	Apollo	— Trojanus Patroclum, sub imagine Achillis pugnantem, denudat
APOLLO	911	Apollo	— Phrygiae gentis tutator, simul cum Venere, Xanthi fluctus in Graecos attollit
APOLLO	32	Delphice	Delphicus Delphice (de filia rapta Chryses queritur)
APOLLO	31	Fatidici	Fatidicus Fatidici aures vocibus compellat Chryses
APOLLO	1070	Phoebe	Phoebus Phoebe (Noster, peracto cursu, deum precatur)
APOLLO	55	Phoebi	Phoebi infesti placemus numina (Calchas loquitur)
APOLLO	68	Phoebi	— placantur numina, Chryseide patri reddita
APOLLO	10	proles	Proles Jovis et Latonae
ARCESILAUS	168	Arcesilaus	atrox ad Trojam venit
ARCHILOCHUS	237	Archilochus	Antenore cretus cum ceteris Trojanorum ducibus
ARCHILOCHUS	787	Archilochum	Archilochum Antenoriden occidit Ajax Telamonius
ARCTUS	866	Arctus	
ARGIVUS	1050	Argiva	Argivaque tela (nominat.)
ARGOLICUS	115	Argolici	Argolici ducis
ARGOLICUS			(cf. Agamemno).
ARGOLICUS	736-737	Argolicas	Argolicas classes
ARGOLICUS	80	Argolicis	Argolicis gentibus
ARGOLICUS			(cf. Grai.)
ASCALAPHUS	187	Ascalaphus	potens Ialmenusque, uterque acer, triginta naves agunt
ASCALAPHUS	778	Ascalaphum	Ascalaphum Deiphobus interficit
ASCANIUS Hippotionis filius	247-248	Ascanius	— ingens, socius Trojanorum
ASIUS Hyrtaci filius	240	Asius	— cum ceteris Trojanorum sociis
ASIUS Hyrtaci filius	774	Asius	— Idomenei dextra cadit
ASTYANAX	565-566	Astyanacta	Astyanacta parvum tenet Andromache
ASTYANAX	1059	Astyanacta	— tenens Andromache
ASTYNOUS	443	Astynoum	Astynoum Diomedes occidit
ATHENAEUS			cf. Menestheus.
ATRIDES			cf. Agamemno et Menelaus.
AUGUSTUM	901	Augustum	genus
AULIS	147	Aulide	in Aulide (serpens visus est)
AURORA	635	Aurora	stellas fugat
AUSTER	866	Austro	ab Austro Arctus distat
BACCHUS	633	Bacchi	Bacchi liquor
BOEOTUS	788	Boeotum	Boeotum (cf. Promachus)
BOEOTUS	169	Boeoti	— Boeoti (Prothoenor et Clonius)
BRISEIS	693	Briseis	etiamsi intacta reddatur, Achillem non movet
BRISEIS	72	Briseide	Briseide Agamemno Achillem privat
CALCHAS	52	Calchas	deorum numina consulit
CALCHAS	152	Calchas	— annum dixerat quo Troja caderet
CALCHAS	52	Thestoriden	Thestorides Thestoriden edere causas pestis Achilles hortatur
CALCHAS	59	Thestoriden	— dictis amaris Agamemno compellat
CALLIOPE	1064	Calliope	vocativ. (precatur Noster)
CALYDONIUS			cf. Diomedes.
CHROMIUS dux Mysorum	246-247	Chromius	Vir florens aetate inter Trojanorum socios
CHROMIUS Priami filius	447	Chromium	Chromium Diomedes caedit
CHRYSEIS	70	Chryseidis	Chryseidis ardor Agamemnoni non excidit
CHRYSEIS	23	Chryseida	Chryseida patri reddendam esse Myrmidones censent
CHRYSEIS	56	Chryseida	— castam reddamus patri (Calchas loquitur)
CHRYSEIS	64	Chryseida	— intactam Agamemno patri reddit
CHRYSES	13	Chryses	filiam raptam deflet
CHRYSES	24	Chrysen	Chrysen castris excedere jubet Agamemno
CLONIUS	168-169	Clonius	Boeotus cum Prothoenore Trojam petit
CLOTHO	891	Clotho	(in clipeo Achillis)
COROEBUS	250	Coroebus	clara satus tellure
CRETAEUS	208	Cretaeus	uterque (Idomeneus et Meriones)
CRETHON	517	Crethona	Crethona occidit Aeneas
CYGNEIS			cf. Helena.
CYTHEREA			cf. Venus.
CYTHEREIUS			cf. Aeneas.
DANAI			nomen populi cf. Grai.
DANAUS	57	Danai	adjectiv. Danai salutis
DARDANIDAE			cf. Trojani.
DARDANIDES			cf. Hector.
DARDANIUS			cf. Aeneas, Paris.
DARDANIUS	384	Dardanii	Dardanii campi manant sanguine
DARDANUS			Dardana pubes cf. Trojani.
DARDANUS	1040	Dardana	Dardana regna vicisti (Priamus Achilli)
DARES	403-404	Daretis	Daretis filios in adverso agmine conspicit Diomedes
DEIPHOBUS	235	Deiphobus	cum ceteris Trojanorum principibus
DEIPHOBUS	778	Deiphobus	— Ascalaphum caedit
DEIPHOBUS	949	Deiphobi	Deiphobi formam assumit Minerva
DELPHICUS			Delphice cf. Apollo.
DEMOCOON	373	Democoonta	Democoonta Agamemno petit
DIOMEDES	707	Diomedis	Diomedis socius, Ulixes
DIOMEDES	554	Diomede	Cum Diomede Glaucus pugnaturus
DIOMEDES	556	Aetolius	Aetolius heros Glaucum adloquitur
DIOMEDES	698	Aetolius	— egreditur castris cum Ulixe
DIOMEDES	399	Calydonius	Calydonius heros medios in hostes ruit
DIOMEDES	454	Calydonius	— cum Aenea pugnat
DIOMEDES	441	Calydonius	Calydonius juvenis ira ardescit
DIOMEDES	184-185	Tydides	Tydides fortis in armis
DIOMEDES	390	Tydides	— Danaos cedentes videt
DIOMEDES	408	Tydides	— Phegea interficit
DIOMEDES	458-459	Tydides	— magnus, qua Aeneam vulneret, non videt
DIOMEDES	530	Tydides	— pugnat
DIOMEDES	665	Tydides	— princeps armis emicat ardentibus
DIOMEDES	1008-1009	Tydides	— < magnanimus > cunctos curru superat
DIOMEDES	416	Tydidae	Tydidae saevi arma fortia non sustinet Idaeus
DIOMEDES	449	Tydidae	— dextra prostratus Pandarus
DIOMEDES	437	Tydiden	Tydiden quaerit Pandarus
DIOMEDES	466	Oenides	Oenides Veneris manum vulnerat
DIORES	213	Diores	cum ceteris Graecorum principibus
DIORES	377	Amarynciden	Amaryncides Amarynciden occidit Pirous
DIS	723	Ditis	per Ditis opaci fluctus (Dolon supplex loquitur)
DIVA	1	Diva	(scilicet Musa)
DOLON	704	Dolon	Diomedi et Ulixi per noctem occurrit
DOLON	710	Eumediades	Tros Eumediades eosdem cursu praecedit
DORICUS	324	Doricus	Doricus ensis
DORICUS	662	Dorica	Dorica castra
DORIS	874	Dorida	Dorida fluctus amantem
DORIS			Doride nata cf. Thetis.
DULICHIUS			cf. Meges.
ECHEMON	447	Echemona	Echemona Diomedes caedit
ELEPHENOR	200	Elephenor	Euboeae < longis > finibus ortus
ELIS	212	Elide	Elide nati Amphimachus et Thalpius
ENNOMUS	246-247	Ennomus	vir florens aetate inter Trojanorum socios
EPEUS	1011	Epeus	caestibus cunctos superat
EPISTROPHUS Halizonum dux	242	Epistrophus	— ingens, dux magnanimus
EPISTROPHUS Iphiti filius	179-180	Epistrophus	— ingens, gloria Myrmidonum, saevi robur belli
EUBOEA	200	Euboeae	Euboeae
EUBOEA			cf. Elephenor.
EUHAEMO	190	Euhaemone	Euhaemone
EUHAEMO			cf. Eurypylus.
EUMEDIADES			cf. Dolon.
EUMELUS	196-197	Eumelus	viribus acer navem minus unam quam Telamonius ducit
EUPHEMUS	243	Euphemus	ferox
EURUS	734	Eurus	Rhesi equos non praecederet
EURYALUS	184	Euryalus	Mecistei filius, dux sub Diomede
EURYPYLUS	433-434	Eurypylus	vastis horridus armis, Hypsenora occidit
EURYPYLUS	582-583	Eurypylus	— claris speciosus in armis, procedit cum aliis
EURYPYLUS	757	Eurypyli	Eurypyli femur Paris vulnerat
EURYPYLUS	190	Euhaemone	Euhaemone natus quadraginta naves instruxit
GLAUCUS Lyciorum dux	239	Glaucus	— magnae virtutis in armis, inter auxilia Trojanorum
GLAUCUS Lyciorum dux	553	Glaucus	— cum Diomede pugnaturus
GORGYTHION	672	Gorgythiona	Gorgythiona ferum Teucer interficit
GRAECIA	172	Graecia	bellatrix regem sibi Agamemnonem delegerat
GRAECIA	983	Graecia	— Hectorem solum pertimebat
GRAI	362	Grajorum	Grajorum terga premens Simoisius
GRAI	484	Grajorum	— agmina Aeneas premit
GRAI	493	Grajorum	— acies deficiunt
GRAI	578	Grajorum	— duces Hector provocat
GRAI	46	Grajum	Grajum volgus ruit undique
GRAI	305	Grajum	— agmina, Paride vulnerato, gemuerunt
GRAI	487	Grajum	— agmina Hector vertit
GRAI	581	Grajum	— dux Agamemnon
GRAI	658	Grajum	— clades, Jove expendente, praeponderat
GRAI	1048	Grajum	— sex corpora in Hectoris rogum imponuntur
GRAI	2	Grais	Grais miseris funera injecit Achillis ira
GRAI	277	Grais	— placet Hectoris sententia
GRAI	614	Grais	— inimicus Apollo
GRAI	682	Grajos	Grajos, aggere inclusos, obsidunt Trojani
GRAI	755	Grajos	— Hector undique agit
GRAI	763	Grajos	— Trojani sternunt
GRAI	1028	Grajae	Graja gens Grajae gentis fortissime Achilles
GRAI	790	Achaica	Achaica turba fugit
GRAI	661	Achivi	Achivi nominativ. turbantur
GRAI	151		[vocativ. vulgo : Nestor loquitur]
GRAI	506	Achivum	Achivum vires accendit Agamemnonis virtus
GRAI	657	Achivum	— Phrygumque casus Juppiter expendit
GRAI	69	Achivis	Achivis [vires redduntur]
GRAI	387	Achivis	— virtus crescit
GRAI	638	Achivis	— invictis ut reddatur Helena Hector suadet
GRAI	101	Achivos	Achivos dilectos (Juno irata Jovem incusat dictis)
GRAI	80	Argolicis	Argolicae gentes gentibus Argolicis Achillis amor famam turpem liquisset
GRAI	508	Danai	Danai laetantur
GRAI	542	Danai	— incumbunt
GRAI	646	Danai	— rogos struunt
GRAI	679	Danai	— confugiunt
GRAI	766	Danai	— pugnant de muris
GRAI	802	Danai	— hastas cuspidis jaciunt
GRAI	838	Danai	— funera sua maerent
GRAI	960	Danai	— exclamant, hasta Achillis ab Hectore vitata
GRAI	978	Danai	— exsultant, Hectore interfecto
GRAI	1002	Danai	— laetantur
GRAI	12	Danaorum	Danaorum corpora morbo implicuit Apollo
GRAI	19	Danaum	Danaum castra Chryses petit
GRAI	50	Danaum	— proceres in coetum Achilles convocat
GRAI	67	Danaum	— classes, Chryseide patri reddita, Ulixes repetit
GRAI	124	Danaum	— rex (Agamemno)
GRAI	153	Danaum	— armis victricibus Troja caderet
GRAI	191	Danaum	— murus, Achilles
GRAI	251	Danaum	— dolos vicisset Troja, ni fata fuissent
GRAI	268	Danaum	— populus
GRAI	357	Danaum	— catervae cadunt
GRAI	389	Danaum	— agmina cedentia
GRAI	496	Danaum	— rex (Agamemno)
GRAI	631	Danaum	— Troumque discedunt catervae
GRAI	686	Danaum	— proceres
GRAI	691	Danaum	— preces reicit Achilles
GRAI	698	Danaum	— jussu Diomedes cum Ulixe egreditur castris
GRAI	705	Danaum	— vires
GRAI	743	Danaum	— duces
GRAI	747	Danaum	— rex (Agamemno)
GRAI	794	Danaum	— metus Hector
GRAI	1025	Danaum	— proceres
GRAI	772	Danais	Danais vires Neptunus ministrat
GRAI	45	Danaos	Danaos Apollo luctibus infestat
GRAI	492, 659	Danaos, Danaos	— Hector invadit
GRAI	808	Danaos	qui — modo turbabant, Trojani nunc fugiunt
GRAI	912	Danaos	in — Xanthi fluctus Venus Apolloque attollunt
GRAI	950	Danaos	ad — numina sua transfert Minerva
GRAI	1001	Danaos	ad — Hectoris corpus Achilles defert
GRAI	544	Danais	Pro Danais deos pugnare Hector sentit
GRAI	758	Pelasgi	Pelasgi nominativ. in castra fugiunt
GRAI	769	Pelasgi	— turbati fugiunt omnes
GRAI	151	Pelasgi	<vocativ. — remanete>
GRAI	10	Pelasgum	Pelasgum regi Apollo infestus
GRAI	694	Pelasgis	Pelasgis legati referunt Achillis responsa
GRAI	224	Pelasgos	Pelasgos in Trojam venisse Iris, Jove jubente, Trojanis nuntiat
GRAI	353	Pelasgos	— fortes ira Agamemnonis armat
GRAI	791	Pelopea	[Pelopea juventus cedit]
GRAJUS			grajae gentis cf. Grai.
GRAJUS	220	Grajae	Grajae puppes
GUNEUS	206-207	Gunei	Gunei horrida ira duas et viginti naves ducit
HECTOR	226	Hector	nominativ. Priamides patris jussu arma capit
HECTOR	256	Hector	— Paridem, confusum terrore, adloquitur
HECTOR	277	Hector	— Paridis verba refert
HECTOR	486	Hector	— fortissimus Graecos sternit caede
HECTOR	491	Hector	— Graecos invadit, haud secus ac lupus
HECTOR	529	Hector	— patriae columen, Mavortius pugnat
HECTOR	543	Hector	— Mavortius deos pro Graecis pugnare sentit
HECTOR	577	Hector	— maximus principes Graecorum provocat
HECTOR	620	Hector	— bello maximus Ajacem adloquitur
HECTOR	626	Hector	[— Ajacem adloquitur]
HECTOR	636	Hector	— maximus cum sociis funera hesterna memorat
HECTOR	677	Hector	— turbidus ruit
HECTOR	754-755	Hector	— Priamides iratus acri pugna subit
HECTOR	760	Hector	— Martius castrorum hostilium portas saxo perfringit
HECTOR	774	Hector	— Amphimachum obtruncat
HECTOR	779	Hector	— ferox violento saevit pectore
HECTOR	794	Hector	— Danaum metus, impiger, advolat Graecosque pellit
HECTOR	797	Hector	— Mavortius saevit, Graecorum naves incensurus
HECTOR	815	Hector	— fervidus Patroclum, acies sub imagine Achillis turbantem, respicit
HECTOR	820	Hector	— fortissimus quantum in bello valeat (de se loquitur)
HECTOR	832	Hector	— bello maximus Patroclum falsis in armis deprendit
HECTOR	932	Hector	— adest, unus in quo Trojana salus manebat
HECTOR	959	Hector	— callidus Achillis hastam vitat
HECTOR	967	Hector	— defectus viribus, Achille instante
HECTOR	979	Hector	— infelix, amissis viribus, Achillem orat
HECTOR	996	Hector	— miserabilis vitam reddit
HECTOR	1051	Hector	— rogo componitur
HECTOR	851	Hector	vocativ. violente (Achilles de caede Patrocli)
HECTOR	232	Hectoris	Hectoris crura ocreae nitentes, quales decet esse, tegunt
HECTOR	565	Hectoris	— conjunx Andromache
HECTOR	673-674	Hectoris	— superbi aurigam Teucer obtruncat
HECTOR	1006	Hectoris	— miseros artus ter circa Patrocli tumulum Achilles rapit
HECTOR	1040	Hectoris	— interitu Troja victa
HECTOR			cf. Hectoreus.
HECTOR	603	Hectora	Hectora insignem bello Ajax Telamonius petit
HECTOR	1015	Hectora	— amissum flent Trojani
HECTOR	1020	Hectore	In uno Hectore causa Trojae ruit
HECTOR	826	Dardanides	Dardanides Patroclum hasta petit
HECTOR	960	Priameius	Priameius heros jaculum in Achillem torquet
HECTOR	601	Priamides	Priamides [—]
HECTOR	610	Priamides	— contra Ajacem pugnat
HECTOR	660-661	Priamides	— unum Phrygiae decus, iratus pugnat
HECTOR	988	Priamides	— talia dixit (Achilli, moriens)
HECTOR			cf. Hector.
HECTOR	982-983	Priami	Priami filius dux ille ducum (de se, moriens, loquitur)
HECTOR	674	Troius	Troius heros Teucrum saxo occupat
HECTOREUS	905	Hectorei	Hectorei sanguinis
HECTOREUS	1044-1045	Hectoreum	Hectoreum corpus
HECUBA	546	Hecubam	Hecubam vocari Hector imperat
HECUBA	551	Hecube	Hecube supplex ad Minervae templa
HECUBA	1017	Hecube	— infelix Hectore mortuo queritur
HELENA	317	Helenam	Helenam Paridi Venus deducit
HELENA	343	Helenam	— reposcit Menelaus
HELENA	638	Helene	Helene ut Graecis reddatur, Hector suadet
HELENA	337	Cygneidos	Cygneis Cygneidos membris Paris incubat
HELENUS	235	Helenus	inter principes Trojanorum
HERCULES	523	Hercule	Hercule magno Tlepolemus satus
HESIONA	626	Hesionae	[Hesionae nomen]
HESIONA	624	Hesione	[Hesione ablativ. de matre Telamo creatus]
HESPERUS	868	Hesperus	exoritur
HIPPOLOCHUS	749-750	Hippolochum	Hippolochum ruentem ad bella Agamemno caedit
HIPPOTHOUS	244-245	Hippothous	bonus armis inter Trojanorum socios
HODIUS	242	Hodius	dux magnanimus inter Trojanorum auxilia
HODIUS	427	Hodius	— infelix ab Agamemnone sternitur
HOMERUS	1066	Homeri	Homeri potentis metam cum nostro Calliope tenet
HYPIRON	443	Hypirona	Hypirona magnum invadit Diomedes
HYPSENOR	434	Hypsenora	Hypsenora venientem Eurypylus caedit
IALMENUS	187	Ialmenus	et Ascalaphus, uterque acer, triginta naves in Trojam agunt
IDA	654	Idae	Idae montibus umbrosis Juppiter considit
IDAEUS Daretis filius	421	Idaeus	— fratri, quem Diomedes vulneravit, non potest succurrere
IDAEUS Daretis filius	405	Idaeum	Idaeum cum fratre in agmine conspicit Diomedes
IDAEUS Trojanorum praeco	641	Idaeus	— Trojanorum mandata Agamemnoni perfert
IDAEUS Trojanorum praeco	643	Idaeum	Idaeum castris excedere Agamemno jubet
IDOMENEUS	208	Idomeneus	Cretaeus cum Merione naves octoginta in Trojam ducit
IDOMENEUS	429	Idomeneus	— Phaestum caedit
IDOMENEUS	580	Idomeneus	— ferus, Hectore Graecorum principes provocante, procedit
IDOMENEUS	774	Idomenei	Idomenei dextra Asius cadit
IDOMENEUS	777	Rhythieus	Ductor Rhythieus magnanimus Alcathoum occidit
IGNIPOTENS			cf. Vulcanus.
ILIACUS	323	Iliaco	Iliaco pulvere cum Paridis crines Menelaus foedaret, Helena timebat
ILIACUS	128	Iliacos	Iliacos campos petere instructo milite
ILIACUS	160	Iliacos	— id.
ILIACUS	655	Iliacas	Iliacas acies
ILIADES	549	Iliades	ad templum Minervae subeunt
ILIADES	1052	Iliades	— matres stant circum Hectoris corpus
ILION			cf. Troja.
IMBRASIDES			cf. Pirous.
IPHIDAMAS	750	Iphidamanta	Iphidamanta Agamemno occidit
IRIS	223	Irim	Irin ad Priamum mittit Juppiter
ITHACUS			cf. Ulixes.
JOVIS			nominativ. cf. Juppiter.
JUNO	98	Juno	offensa
JUNO	894	Juno	— cum Minerva vires Achilli praebet
JUNO	920	Juno	— longe provida Achillem, contra Xanthi fluctus pugnantem, tuetur
JUPPITER	93	Juppiter	Juppiter Thetidi respondet
JUPPITER	286	Juppiter	— tantummodo adsit (Menelaus loquitur)
JUPPITER	651	Jovis	Jovis nominativ. superos convocat in coetum
JUPPITER	10	Jovis	Jovis genitiv. magni proles (Apollo)
JUPPITER	248, 520	Jovis, Jovis	— proles (Sarpedon)
JUPPITER	107	genitor	Genitor concilium dimittit
JUPPITER	113	pater	Pater nominativ. omnipotens Somnum vocat
JUPPITER	223	pater	— Saturnius Irim ad Priamum mittit
JUPPITER	572	pater	vocativ. optime (Hector precatur)
JUPPITER	345	regnator	Regnator Olympi omnipotens concilium habet
JUPPITER	124	Tonantis	Tonans Tonantis mandata accipe (Somnus Agamemnonem adloquitur)
JUPPITER	104	Tonantem	Tonantem verbis incusat Juno irata
LACHESIS	891	Lachesis	(in clipeo Achillis)
LAERTIUS			cf. Ulixes.
LATIUS	900	Latiis	Latiis in arvis
LATONA	10	Latonae	Latonae et Jovis proles
LEITUS	167	Leitus	acer bello, inter Graecorum duces
LEONTEUS	182	Leonteus	et Polypoetes naves in Trojano ducunt quadraginta
LEUCUS	369	Leucus	ictus hasta quam in Ajacem Antiphus torquebat
LIBYCUS	500	Libycus	ut Libycus leo (Agamemno)
LOCRI	189	Locrum	Locrum fortissimus Ajax
LUCIFER	868	Lucifer	
LYCAON			cf. Pandarus.
MACHAON	218	Machaon	inter Graecorum duces
MAEONIDES			cf. Phaestus.
MAGNES			cf. Prothous.
MARS	264	Mars	duro milite gaudet
MARS	889	Mars	— aureus in clipeo Achillis stabat
MARS	495	Marti	Marti infesto cedunt Graeci
MARS	390	Martem	Martem tumidum increscere Diomedes videt
MARS	560	Martem	— pupugit Diomedes
MARS	822	Marte	Marte invito te perimet haec dextra (Patroclum, Achillis armis indutum, Hector adloq.)
MARS	358	Mavors	Mavors sonat undique
MARS	532	Mavors	— bellipotens pugnat cum Pallade
MARS	821	Mavors	— licet te protegat, morieris (Patroclum Hector adloq.)
MARTIUS			cf. Hector.
MAVORS			cf. Mars.
MAVORTIUS			cf. Hector.
MEGES	201	Meges	Dulichius inter Graecorum duces
MEGES	433	Meges	— Pedaeum caedit
MENELAUS	283	Menelaus	fulgens in armis contra Paridem constitit
MENELAUS	312	Menelaus	— galeam Paridis abstrahit, in eundem ardens recurrit
MENELAUS	339	Menelaus	— in toto agmine Paridem quaerit
MENELAUS	539	Menelaus	— Adrastum capit
MENELAUS	347	Menelae	Menelae, Pandarus te petit
MENELAUS	174	Menelai	Menelai ardor sexaginta navibus Trojam petiit
MENELAUS	519	Menelai	— armis concidit Pylaemenes
MENELAUS	639	Menelai	— duros ignes praeda quae mulceat
MENELAUS	254	Menelaum	Menelaum armatum cernit Paris
MENELAUS	268	Atrides	Atrides impiger cum Paride in armis concurrat
MENELAUS	290	Atrides	— hastam Paridis devitat
MENELAUS	301	Atrides	— memor raptae conjugis instat
MENELAUS	322	Atrides	— violentus (Helena Paridem adloq.)
MENELAUS	332	Atrides	— non me superavit (Helenam Paris adloq.)
MENELAUS	349	Atrides	— gemebundus, quoniam Pandari tela foedatus est, pugna excidit
MENELAUS	640	Atridae	Atridae saevo Idaeus mittitur
MENELAUS	327	Atrida	Cum Atrida saevo quis tibi suasit contendere? (Paridi Helena adloq.)
MENESTHEUS	210-211	Menestheus	clara de gente, Athenaeus, naves quinquaginta ducit
MERIONES	208	Meriones	et Idomeneus, uterque Cretaeus, naves octoginta ducunt
MERIONES	432	Meriones	— Phereclum caedit
MERIONES	580-581	Meriones	— notus paterna gente in pugnam procedit cum aliis
MERIONES	1013	Meriones	— arcu vincit omnes in ludis funebribus
MESTHLES	244	Mesthles	inter Trojanorum auxilia
MINERVA	551	Minervae	Minervae ad templum supplex Hecuba venit
MINERVA	78	Pallas	Pallas nominativ. casta Achillem manu tenet ne in Agamemnonem gladio ille tendat
MINERVA	394	Pallas	— bellica Diomedi in proelio adest
MINERVA	936	Pallas	[— Tritonia ante oculos Hectoris subito videtur]
MINERVA	950	Pallas	— ad Graecos numina sua transfert
MINERVA	1069	Pallas	vocativ. inclita ades (poeta, cur superacto, deam precatur)
MINERVA	333	Palladis	Palladis castae ira Paridem superavit
MINERVA	548	Palladis	ad innuptae — templum Trojanae mulieres subeunt
MINERVA	532	Pallade	Cum Pallade casta Mars pugnat
MINERVA	894	Pallade	cum casta — Juno vires Achilli praebet
MINERVA	947	Tritonia	Tritonia Deiphobi vultu et armis indutis Hectorem decipit
MINERVA			cf. Pallas.
MINERVA	533	virago	sancta virago Martem vulnerat
MINERVA	400	Virginis	Virgo armigera Virginis armigerae monita et numen
MINERVA	545	Virginis	numen
MUSAE	161	Musae	vocativ.
MYCENAEUS	171	Mycenaeis	Mycenaeis moenibus Agamemnon ortus
MYDON	520	Mydon	Antilochi armis concidit
MYRMIDONES	23	Myrmidones	Chrysae fletibus vincuntur filiamque reddi censent
MYRMIDONES	84	Myrmidonum	Myrmidonum castra Thetis petit
MYRMIDONES	180	Myrmidonum	— gloria Epistrophus
NASTES	241	Nastes	insignis, inter Trojanorum socios
NEPTUNIUS	250	Neptunia	Neptunia Troja
NEPTUNUS	772	Neptunus	Graecis animum et vires ministrat
NEREIDES	873	Nereidas	Nereidas in clipeo Achillis Vulcanius fecerat
NEREIDES	863bis	Nereidas	[—]
NEREIUS			cf. Achilles.
NEREUS	864	Nerea	[Nerea in clipeo Achillis Vulcanius fecerat]
NEREUS	871	Nerea	— in eodem, magnum
NESTOR	176-177	Nestor	fidus sollerti pectore, consilioque potens naves cum filiis in Trojam ducit nonaginta
NESTOR	144	Nestoris	Nestoris prudentia aevo sollerti turbam sedat
NESTOR	154	Nestoris	— aetas laudatur
NESTOR	737	Nestoris	— aetas Diomedem et Ulixem, qui, Dolone trucidato, repetunt castra, excipit
NESTORIDES			cf. Antilochus.
NIREUS	195	Nireus	cum tribus navibus Trojam petit
OCEANUS	872	Oceanum	Oceanum senem fecerat Vulcanius in Achillis clipeo
OCEANUS	864	Oceanum	[—]
OENIDES			cf. Diomedes.
OILEUS			cf. Ajax, Oilei f.
OLYMPUS	345	Olympi	Olympi regnator (Juppiter)
OLYMPUS	108	Olympo	Olympo emenso decedit sol
OLYMPUS	107	Olympo	[—]
ORSILOCHUS	518	Orsilochum	Orsilochum Aeneas caedit
PAEONIUS	351	Paeoniis	Paeoniis herbis Podalirius Menelaum curat
PALLAS			cf. Minerva.
PANDARUS	238-239	Pandarus	Lycaonis proles generosa inter Trojanorum auxilia
PANDARUS	346	Pandarus	— arcu turbat foedera
PANDARUS	436	Pandarus	— in agmine volitat
PANDARUS	449	Pandare	Pandare, occidis Diomedis manu
PAPHLAGONES			Paphlagonum dux cf. Pylaemen.
PARIS	234	Paris	nominativ. belli causa, patriae funesta ruina, arma, cum ceteris Trojanorum ducibus, capit
PARIS	253	Paris	— Trojae exitium funestaque flamma, armatum Menelaum cernit
PARIS	576	Paris	— una cum Hectore acies petit
PARIS	756	Paris	— hostiles turmas prosternit
PARIS	320	Paris	vocativ. « mea flamma » (Helena adloq.)
PARIS	311	Paridi	Paridi ultimus dies foret, ni Venus eum texisset
PARIS	318	Paridi	— Dardanio Venus Helenam deducit
PARIS	282	Alexander	Alexander pulcher, clipeo et hasta insignis contra Menelaum procedit
PARIS	332	Alexander	— tristis Helenae respondet
PARIS	340	Alexandrum	Alexandrum Menelaus quaerit
PARIS	302	Dardanium	Dardanius juvenis Dardanium juvenem Menelaus premit ense
PARIS			Dardanio cf. Paridi.
PARIS	315	Phrygii	Phrygius in Phrygii cladem Menelaus hastam torquet
PARIS	292	Praedonis	Praedo Phrygius praedonis Phrygii corpus, ni ferrea lorica texisset, Menelai vulnerasset telum
PARIS	271	Priameius	Priameius heros pauca Hectori respondet
PARIS	257-258		(Adde huc quod Paridem Hector ita praedicat : « Dedecus... Aeternum patriae generisque infamia nostri »)
PATROCLUS	806	Patroclus	Achillis armis munitus
PATROCLUS	827	Patroclus	— hastam Hectoris decipit
PATROCLUS	994	Patrocli	Patrocli manes
PEDAEUS	433	Pedaeum	Pedaeum Meges occidit
PELASGI			cf. Grai.
PELEUS	986	Peleus	pro Priamo Achillem moveat (Hector, moriens, adloq.)
PELIDES			cf. Achilles.
PELOPEIUS			cf. Agamemno.
PELOPEA			[PELOPEA] cf. Grai.
PENELEUS	167	Peneleus	cum ceteris Graecorum ducibus Trojam petit
PENELEUS	789	Penelei	Penelei atrocis dextra Acamantem Antenoris filium sternit
PERGAMA			cf. Troja.
PHAESTUS	430	Phaestum	Phaestum Maeoniden Idomeneus ferit
PHEGEUS	405	Phegeus	hastam in Diomedem emittit
PHEGEUS	405	Phegea	Phegea videt in agmine Diomedes
PHERECLUS	432	Phereclum	Phereclum Meriones occidit
PHIDIPPUS	193	Phidippus	et Antiphus, Thessalici juvenes, naves in Trojam ducunt triginta
PHOEBEIUS	27	Phoebeia	Phoebeia templa
PHOEBUS			cf. Apollo.
PHORCUS	247	Phorcus	inter Trojanorum principes
PHRYGES			cf. Trojani.
PHRYGIA	661	Phrygiae	Phrygiae unum decus (Hector)
PHRYGIUS	315	Phrygii	Phrygii
PHRYGIUS	292	Phrygii	Phrygii praedonis
PHRYGIUS			cf. Paris
PHRYGIUS			Phrygiae gentis cf. Trojani.
PIERIDES	1067	Pieridum	Pieridum cohors
PIROUS	245	Pirous	< ense et virtute potens > inter auxilia Trojanorum
PIROUS	378	Pirous	— Imbrasides Diorem, Amarynci filium, occidit
PISANDER	749	Pisandrum	Pisandrum Agamemno caedit
PODALIRIUS	218	Podalirius	inter Graecorum duces
PODALIRIUS	351	Podalirius	— Menelaum, a Pandaro vulneratum curat
PODARCES	215	Podarces	fortis inter Graecorum duces
POEAS	217	Poeante	Poeante satus (Philoctetes)
POLITES Priami filius	235	Polites	fortis inter Trojanorum principes
POLYDAMAS	786	Polydamas	Prothoenora occidit
POLYIDOS Eurydamantis filius	445	Polyidon	Polyidon Diomedes interficit
POLYPOETES	182	Polypoetes	et Leonteus in Trojam viginti naves instruxerunt
POLYPOETES	1012	Polypoetes	— omnes vincit disco in ludis funebribus
POLYXENUS	213	Polyxenus	clara virtute inter Graecorum duces
PRIAMEIA			cf. Trojani.
PRIAMEIUS			cf. Hector, Paris.
PRIAMIDES			cf. Hector.
PRIAMUS	278	Priamus	accitur ad foedera cum Graecis jungenda
PRIAMUS	1046	Priamus	— redit in castra, postquam Hectoris corpus Achilles reddidit
PRIAMUS	726	Priami	Priami consilium expediam (loquitur Dolo)
PRIAMUS	982, 983	Priami, Priami	— filius
PRIAMUS			cf. Hector.
PRIAMUS	223	Priamum	Ad Priamum Juppiter Irin mittit
PRIAMUS	1041	Priamum	Priamum vicisti (de se cum Achille loq.)
PRIAMUS	987	Priamo	Pro Priamo Peleus Achillem moveat (Hector loq.)
PRIAMUS	1020-1021	patris	vide etiam defessa senectus Afflicti miseranda patris (Hectore amisso)
PROMACHUS	788	Promachum	Promachum Boeotum vulnerat Acamas, Antenoris filius
PROTESILAUS	215	Protesilaus	in Trojam naves agit quadraginta
PROTEUS	872	Protea	Protea non eundem semper (fecerat Vulcanius in clipeo Achillis)
PROTHOENOR	168-169	Prothoenor	Boeotus inter duces Graecorum
PROTHOENOR	786	Prothoenora	Prothoenora occidit Polydamas
PROTHOUS	199	Prothous	Magnes Tenthredone natus inter Graecorum duces
PYLAEMEN	245bis	Pylaemenis	< Pylaemenis animi >
PYLAEMEN	519	Paphlagonum	Paphlagonum ductor a Menelao occiditur
PYLAEUS	240	Pylaeus	inter Trojanorum principes
PYRAECHMES	243	Pyraechmes	clarus aetate inter Trojanorum socios
PYRRHUS	987	Pyrrhus	pro Hectore Achillem moveat
RHESUS	729	Rhesi	Rhesi tentoria occupant ipsumque trucidant Ulixes et Diomedes
RHODIUS			cf. Tlepolemus.
RHYTHIEUS			cf. Idomeneus.
SALAMINIUS			cf. Ajax Telam. f.
SARPEDON	248-249	Sarpedon	Jovis proles inclita, inter Trojanorum socios
SARPEDON	520-521	Sarpedon	— Jovis proles inclita pugnat
SARPEDON	527	Sarpedon	— saucius egreditur certamine
SARPEDON	811	Sarpedona	Sarpedona Patroclus occidit
SATURNIUS			cf. Juppiter.
SCHEDIUS	179	Schedius	virtute potens, saevi robur belli, inter Graecorum duces
STHENELUS	184	Sthenelus	inter Graecorum duces
STROPHIUS	431	Strophio	e Strophio genitum (silicet Scamandrium) Idomeneus caedit
STYGIUS	431	Stygias	ad Stygias undas
SUME	195	Sume	ab Sume
TARTARA	448	Tartara	ad Tartara Echemona Diomedes mittit
TELAMO			Telamone cf. Ajax Telam. filius.
TELAMONIUS			cf. ibid.
TENTHREDO			Tenthredone cf. Prothous.
TEUCER	670-671	Teucer	stans sub Ajacis scuto Trojanos agit
TEUCRI			nomen populi cf. Trojani.
THALPIUS	212	Thalpius	Elide natus inter Graecorum duces
THALYSIADES	360-361	Thalysiades	(Echepolus) ab Antilocho occiditur
THERSITES	136-137	Thersites	quo non deformior alter linguave protervior, negat bella ultra gerenda esse
THESSALICUS			Thessalici (nom. plur.) cf. Antiphus, Phidippus.
THESTORIDES			cf. Calchas.
THETIDEIUS			cf. Achilles.
THETIS	83	Thetis	Achillis audit preces
THETIS	860	Thetidi	Thetidi Vulcanus arma donat
THETIS	855	Thetin	Thetin fortia arma Achilles rogat
THETIS	99	Doride	Doride nata tantum valet (Juno Jovem adloq.)
THETIS	94	diva	Adde huc quod verbis « magni diva maris » Juppiter, Thetidem adloquens, utitur
THOAS	201-202	Thoas	animis et armis insignis, de gente Aetola Andraemone natus inter Graecorum duces
THOAS	583	Thoas	— magno Andraemone natus cum aliis Graecorum ducibus procedit
THOAS	380	Thoantis	Thoantis dextra Piroum librata hasta petit
THOON Phaenopis filius	446	Thoonem	Thoonem vastum Diomedes occidit
THRAX	734	Thracas	adjectiv. Thracas equos
TITAN	126	Titan	cum undis se emerserit
TITAN	158	Titan	— radiis nitidum caput undis extulit
TITAN	616-617	Titan	— cum, fessus, igniferos currus in undas coeperat immergere
TITAN	650	Titan	— ut radiis nitidum orbem patefecerat
TITAN	118	Titana	Titana cum dies extulerit
TLEPOLEMUS	196	Tlepolemus	Rhodius naves in Trojam ducit novem
TLEPOLEMUS	523	Tlepolemus	— satus magno Hercule, a Sarpedone occiditur
TONANS			cf. Juppiter.
TRITONES	874	Tritones	Tritones feros fecerat Vulcanius in clipeo
TRITONIA			cf. Minerva.
TROES			cf. Trojani.
TROICUS	819	Troica	Troica dextera (Hectoris manus)
TROICUS	644-645	Troica	ad Troica castra
TROIUS			cf. Hector
TROIUS			Troia pubes cf. Trojani.
TROJA	250	Troja	Neptunia his ducibus (quos noster jam enumeravit) se defendit
TROJA	719	Troja	— maxima currum Achillis Doloni promiserat
TROJA	727	Troja	— quid pararet
TROJA	1016	Troja	— Hectore amisso planctu sonat
TROJA	253	Trojae	Trojae exitium (Paris)
TROJA	338	Trojae	flammas — suasque gremio Helena accipit (scilicet Paridem)
TROJA	137	Trojam	Trojam nemo venerat deformior quam Thersites
TROJA	900	Trojam	— Latiis in arvis reparatam
TROJA	153	Ilion	Ilion dies quo caderet
TROJA	1056	Ilion	— flamma qua Hectoris corpus, ardebat
TROJA	164	Pergama	Pergama ad — quot Graecorum dux quisque naves egit
TROJANI	387	Trojanis	Trojanis crescit virtus
TROJANI	542	Trojana	Trojana juventus cedit
TROJANI	770	Trojana	— Graecos urguet
TROJANI	782	Trojana	Trojana manus concurrit
TROJANI	905	Dardana	Dardana pubes ad Xanthum confugit
TROJANI	1029-1030	Dardana	— te solum tremit (Achillem Priamus adloq.)
TROJANI	743	Dardanidum	Dardanidae Dardanidum duces
TROJANI	401	Phryges	Phryges fugiunt
TROJANI	493	Phryges	— acrius instant
TROJANI	636	Phryges	— in coetum veniunt
TROJANI	682	Phryges	— Graecos, aggere inclusos, obsidunt
TROJANI	762	Phryges	— castrorum hostilium aditus irrumpunt
TROJANI	803	Phryges	— taedas ardentes jactant
TROJANI	1015	Phryges	— amissum flent Hectorem
TROJANI	268	Phrygum	Phrygum populus
TROJANI	486	Phrygum	— spes una Hector
TROJANI	505	Phrygum	— turmas proturbat Agamemno
TROJANI	657	Phrygum	— fata dura Graecorumque casus Juppiter expendit
TROJANI	1020	Phrygum	— omnis causa in uno Hectore ruit
TROJANI	342	Phrygas	Phrygas pulsos Agamemno ore increpat
TROJANI	670	Phrygas	— Teucer, stans sub Ajacis scuto, agit
TROJANI	726-727	Phrygiae	Phrygia gens Phrygiae gentis totam rem expediam (loq. Dolo)
TROJANI	911	Phrygiae	— tutator Apollo
TROJANI	923	Phrygias	Phrygiae catervae Phrygias catervas Achilles ingenti caede agit
TROJANI	789	Priameia	Priameia pubes cadit
TROJANI	837	Priameia	— laetitia exsultat
TROJANI	508	Teucri	Teucri funduntur
TROJANI	424	Teucros	In Teucros Agamemno furit
TROJANI	903	Teucros	Teucros cuspide Achilles agit
TROJANI	758	Troes	Troes incumbunt, Graeci fugiunt
TROJANI	767	Troes	— acta testudine subeunt
TROJANI	790	Troes	— acrius assurgunt
TROJANI	928	Troes	— dubitant formidine
TROJANI	978	Troes	— funera sua maerent
TROJANI	1002	Troes	— vulnera sua plangunt
TROJANI	102	Troum	Troum vires velis renovare in proelia (Jovem Juno adloq.)
TROJANI	281	Troum	— ab agmine Paris procedit
TROJANI	339	Troum	in agmine Paridem Menelaus quaerit
TROJANI	357	Troum	— catervae cadunt
TROJANI	438	Troum	— corpora Diomedem sternentem Pandarus videt
TROJANI	585	Troum	— terror Achilles
TROJANI	631	Troum	— Danaumque catervae discedunt
TROJANI	641	Troum	— mandata Idaeus Agamemnoni perfert
TROJANI	701	Troum	— fiducia quae sit
TROJANI	963	Troum	— agmina gemuerunt
TROJANI	807	Troas	Troas terret Patroclus, Achillis armis munitus
TROJANI	704	Troia	Troia pubes Dolonem, ut Graecorum vires ille perspiceret, miserat
TROJANUS			cf. Trojani, Apollo
TROJANUS	931	Trojana	salus Trojana
TROJANUS	220	Trojana	ad Trojana litora
TROS			cf. Dolon.
TYDEIUS	453	Tydeius	(Diomedis) ensis
TYDIDES			cf. Diomedes.
ULIXES	65	Ulixes	cunctis notus Chryseida ad patriam revehit
ULIXES	139	Ulixes	— consiliis illustris Thersitem sceptro percutit
ULIXES	527	Ulixes	— fraudis commentor Trojanos septem juvenes occidit
ULIXES	579	Ulixes	— fraudis commentor, Hectore duces Graecorum provocante armis, cum aliis procedit
ULIXES	707	Ulixes	— Dolonem adspicit
ULIXES	699	Ulixem	Ulixem socium sibi delegit Diomedes
ULIXES	204	Ithaci	Ithacus Ithaci sollertia naves duodecim in Trojam ducit
ULIXES	1010	Laertius	Laertius Ajacem luctando in ludis funebribus vincit
VENUS	315	Venus	Paridem Menelao eripit
VENUS	464	Venus	— Aeneam Diomedi
VENUS	911	Venus	— et Apollo Xanthi fluctus in Graecos attollunt
VENUS	236, 483	Veneris, Veneris	Veneris proles Aeneas
VENUS	559	Veneris	— dextram Diomedes vulnerat
VENUS	584	Veneris	— manum idem violavit
VENUS	467	Venerem	In Venerem armis Diomedes irruit
VENUS	309	Cytherea	Cytherea Paridem, cum Menelao pugnantem, tegit caligine
VENUS	335	Cytherea	— aderit meo labori (Paris loq.)
VENUS	470	Cytherea	— icta Diomedis hasta, petit caelum
VULCANIUS	835, 961	Vulcania, Vulcania	Vulcania arma
VULCANUS	856	Vulcani	Vulcani auxilium Thetis orat
VULCANUS	862	Ignipotens	Ignipotens in clipeo mundum caelaverat
VULCANUS	106	Ignipotente	Ignipotente interposito, Junonis et Jovis certamen residit
VULCANUS	858	Mulciber	Mulciber Aetnaeos ignes excitat
XANTHUS Phaenopis filius	446	Xanthum	Xanthum notum bello Diomedes interficit
XANTHUS fluvius	783	Xanthi	Xanthi fluctu Hectorem vulneratum Trojani lavant
XANTHUS fluvius	906	Xanthi	ad — fluctus fugiunt Trojani
XANTHUS fluvius	912	Xanthi	— fluctus in Graecos Apollo et Venus attollunt
